from_activity,to_activity,rl_count,random_count,rl_pct,random_pct,preference_ratio,log2_ratio,avg_reward_rl,in_real_log,transition_type
extend procedure term,phase asked additional information,43,0,100.0,0.0,315.0,8.299,-0.245,True,learned_prefer
send procedure confirmation,procedure change,16,0,100.0,0.0,281.0,8.134,-0.136,True,learned_prefer
record date of decision environmental permit,register deadline,55,0,100.0,0.0,263.0,8.039,-0.02,True,learned_prefer
enter senddate acknowledgement,objection lodged against decision,11,0,91.7,0.0,236.44,7.885,-0.129,True,learned_prefer
receive additional information,registrer date of publishing received request,2,0,100.0,0.0,213.0,7.735,-0.155,True,learned_prefer
submit decision,phase decision ready,82,0,100.0,0.0,187.0,7.547,-0.02,True,learned_prefer
decision date prior to decision,create cover letter extend procedure term,64,0,74.4,0.0,185.671,7.537,-0.013,True,learned_prefer
phase draft decision ready,retrieve missing data,2,0,100.0,0.0,179.0,7.484,-0.087,True,learned_prefer
register objection and appeal periods,submit decision,82,0,65.6,0.0,143.964,7.17,-0.023,True,learned_prefer
creating environmental permit decision,creating cover letter decision,319,1,99.4,0.5,134.823,7.075,-0.048,True,learned_prefer
subcases completeness completed,extend procedure term,43,1,100.0,0.5,133.667,7.062,-0.271,True,learned_prefer
grounds for refusal,reason for suspension found,16,0,94.1,0.0,131.057,7.034,-0.013,True,learned_prefer
generating decision environmental permit,create monitoring case,13,1,100.0,0.6,115.667,6.854,-0.033,True,learned_prefer
creating cover letter decision,continuation term to decision,320,0,100.0,0.0,115.0,6.845,-0.057,True,learned_prefer
phase application received,phase decision sent,91,1,88.3,0.5,114.633,6.841,-0.07,True,learned_prefer
enter senddate procedure confirmation,calculate final charges,3,1,100.0,0.6,113.667,6.829,-0.013,True,learned_prefer
enter senddate decision procedure term extension,phase application receptive,2,0,100.0,0.0,113.0,6.82,-0.013,True,learned_prefer
request complete,publish,17,1,100.0,0.6,113.0,6.82,-0.098,True,learned_prefer
ask stakeholders views,MER present in supplement,1,0,100.0,0.0,111.0,6.794,-0.231,True,learned_prefer
phase application receptive,stop all running subcases 2b,72,1,92.3,0.6,109.904,6.78,-0.019,True,learned_prefer
create publication document,assessment of content completed,3,1,100.0,0.6,109.667,6.777,-0.013,True,learned_prefer
start decisionphase draft decision - permitting decided,procedure change after completeness,2,0,66.7,0.0,106.429,6.734,-0.149,True,learned_prefer
stop all running subcases 2b,record date of decision environmental permit,44,0,74.6,0.0,102.462,6.679,-0.015,True,learned_prefer
assessment of content completed,terminate on request,27,1,90.0,0.6,97.678,6.61,-0.078,True,learned_prefer
set decision phase decision permitting decided,phase concept decision ready,54,1,91.5,0.7,91.902,6.522,-0.015,True,learned_prefer
phase updated plan received,enter enddate suspension art. 33 WABO,82,0,100.0,0.0,91.0,6.508,-0.013,True,learned_prefer
enter senddate decision suspension,creating environmental permit decision,1,0,100.0,0.0,91.0,6.508,-0.013,True,learned_prefer
close case,creating environmental permit decision,317,0,55.3,0.0,89.133,6.478,-0.036,True,learned_prefer
set decision status,start decision phase permanently suspended decided,22,2,88.0,0.8,88.059,6.46,-0.013,True,learned_prefer
create monitoring case,enter date publication decision environmental permit,13,0,100.0,0.0,83.0,6.375,-0.029,True,learned_prefer
phase advice known,generating decision environmental permit,4,0,16.0,0.0,79.235,6.308,-0.013,True,learned_prefer
close case,request to competent authority,246,0,42.9,0.0,69.201,6.113,-0.068,True,learned_prefer
phase archived case,enter senddate decision,16,0,36.4,0.0,65.629,6.036,-0.013,True,learned_prefer
send confirmation receipt,close case,277,2,90.8,1.1,65.219,6.027,-0.078,True,learned_prefer
create procedure confirmation,create draft environtmental permit,16,1,100.0,1.0,65.0,6.022,-0.013,True,learned_prefer
read publication date field,register date environmental permit decision,21,1,100.0,1.1,62.333,5.962,-0.093,True,learned_prefer
create cover letter extend procedure term,create subcases completeness,64,0,100.0,0.0,61.0,5.931,-0.013,True,learned_prefer
objection lodged against decision,reception through OLO,7,0,87.5,0.0,60.882,5.928,-0.122,True,learned_prefer
enter date publication decision environmental permit,record date of decision environmental permit,12,1,100.0,1.1,60.333,5.915,-0.026,True,learned_prefer
enrich draft decision,enter date advice on treatment of environmental permit,32,0,66.7,0.0,58.299,5.865,-0.108,True,learned_prefer
publish,start phased application,17,1,100.0,1.2,54.333,5.764,-0.096,True,learned_prefer
investigate BAG objects,set decision status,2,1,100.0,1.3,52.333,5.71,-0.013,True,learned_prefer
enter senddate decision environmental permit,phase case handled,1,3,100.0,1.6,52.143,5.704,-0.322,True,learned_prefer
coordination of application,decision date prior to decision,4,0,100.0,0.0,51.0,5.672,-0.013,True,learned_prefer
phase advice known,transcript decision environmental permit to stakeholders,19,3,76.0,1.3,49.05,5.616,-0.027,True,learned_prefer
treat subcases completeness,phase concept draft decision ready,16,1,38.1,0.5,49.047,5.616,-0.144,True,learned_prefer
treat subcases content,phase application received,0,1,0.0,0.5,48.778,5.608,0.0,True,learned_prefer
treat subcases content,request further information,0,1,0.0,0.5,48.778,5.608,0.0,True,learned_prefer
treat subcases content,subcases completeness completed,0,1,0.0,0.5,48.778,5.608,0.0,True,learned_prefer
treat subcases content,updated plan received,0,1,0.0,0.5,48.778,5.608,0.0,True,learned_prefer
treat subcases content,enter senddate acknowledgement,0,1,0.0,0.5,48.778,5.608,0.0,True,learned_prefer
treat subcases content,no permit needed or only notification needed,0,1,0.0,0.5,48.778,5.608,0.0,True,learned_prefer
treat subcases content,message request advice,0,1,0.0,0.5,48.778,5.608,0.0,True,learned_prefer
treat subcases content,enter date decision procedure term extension,0,1,0.0,0.5,48.778,5.608,0.0,True,learned_prefer
treat subcases content,copy decision to extend procedure to stakeholders,0,1,0.0,0.5,48.778,5.608,0.0,True,learned_prefer
treat subcases content,enter publication date draft decision,0,1,0.0,0.5,48.778,5.608,0.0,True,learned_prefer
treat subcases content,read publication date field,0,1,0.0,0.5,48.778,5.608,0.0,True,learned_prefer
treat subcases content,WAW permit aspect,0,1,0.0,0.5,48.778,5.608,0.0,True,learned_prefer
treat subcases content,send design decision to stakeholders,0,1,0.0,0.5,48.778,5.608,0.0,True,learned_prefer
treat subcases content,create draft environtmental permit,0,1,0.0,0.5,48.778,5.608,0.0,True,learned_prefer
treat subcases content,enter date draft decisionenvironmental permit,0,1,0.0,0.5,48.778,5.608,0.0,True,learned_prefer
treat subcases content,suspension ground applicable,0,1,0.0,0.5,48.778,5.608,0.0,True,learned_prefer
treat subcases content,procedure change after completeness,0,1,0.0,0.5,48.778,5.608,0.0,True,learned_prefer
treat subcases content,create cover letter extend procedure term,0,1,0.0,0.5,48.778,5.608,0.0,True,learned_prefer
treat subcases content,enter senddate decision,0,1,0.0,0.5,48.778,5.608,0.0,True,learned_prefer
treat subcases content,grounds for refusal,0,1,0.0,0.5,48.778,5.608,0.0,True,learned_prefer
treat subcases content,enter senddate decision suspension,0,1,0.0,0.5,48.778,5.608,0.0,True,learned_prefer
treat subcases content,phase procedure extended,0,1,0.0,0.5,48.778,5.608,0.0,True,learned_prefer
treat subcases content,generating decision environmental permit,0,1,0.0,0.5,48.778,5.608,0.0,True,learned_prefer
treat subcases content,phase decision suspended,0,1,0.0,0.5,48.778,5.608,0.0,True,learned_prefer
treat subcases content,phase decision sent,0,1,0.0,0.5,48.778,5.608,0.0,True,learned_prefer
treat subcases content,phase further information requested,0,1,0.0,0.5,48.778,5.608,0.0,True,learned_prefer
treat subcases content,phase draft decision ready,0,1,0.0,0.5,48.778,5.608,0.0,True,learned_prefer
treat subcases content,creating decision suspension art. 33 WABO,0,1,0.0,0.5,48.778,5.608,0.0,True,learned_prefer
treat subcases content,decision date prior to decision,0,1,0.0,0.5,48.778,5.608,0.0,True,learned_prefer
treat subcases content,set decision phase: suspension cancelled,0,1,0.0,0.5,48.778,5.608,0.0,True,learned_prefer
treat subcases content,treat subcases present decision,0,1,0.0,0.5,48.778,5.608,0.0,True,learned_prefer
treat subcases content,enter date advice on treatment of environmental permit,0,1,0.0,0.5,48.778,5.608,0.0,True,learned_prefer
register submission date request,close case,279,7,100.0,1.9,48.333,5.595,-0.013,True,learned_prefer
registrer date of publishing received request,reception through OLO,2,2,100.0,1.7,47.8,5.579,-0.159,True,learned_prefer
create letter requesting missing data,send confirmation receipt,15,0,93.8,0.0,46.03,5.525,-0.103,True,learned_prefer
objection to permanent suspension received,cancel BAG objects research,9,0,100.0,0.0,41.0,5.358,-0.077,True,learned_prefer
phase decision sent,send design decision to stakeholders,90,2,84.9,1.7,40.959,5.356,-0.061,True,learned_prefer
continuation term to decision,enter senddate continuation,279,0,86.6,0.0,40.733,5.348,-0.015,True,learned_prefer
enter senddate decision environmental permit,resume completeness subcases,0,1,0.0,0.5,40.556,5.342,0.0,True,learned_prefer
enter senddate decision environmental permit,contested decision affected,0,1,0.0,0.5,40.556,5.342,0.0,True,learned_prefer
enter senddate decision environmental permit,enter senddate continuation,0,1,0.0,0.5,40.556,5.342,0.0,True,learned_prefer
enter senddate decision environmental permit,inform BAG administrator,0,1,0.0,0.5,40.556,5.342,0.0,True,learned_prefer
enter senddate decision environmental permit,forward to the competent authority,0,1,0.0,0.5,40.556,5.342,0.0,True,learned_prefer
enter senddate decision environmental permit,no permit needed or only notification needed,0,1,0.0,0.5,40.556,5.342,0.0,True,learned_prefer
enter senddate decision environmental permit,generate draft decision environmental permit,0,1,0.0,0.5,40.556,5.342,0.0,True,learned_prefer
enter senddate decision environmental permit,enter senddate draft decision,0,1,0.0,0.5,40.556,5.342,0.0,True,learned_prefer
enter senddate decision environmental permit,detailed procedure applies,0,1,0.0,0.5,40.556,5.342,0.0,True,learned_prefer
enter senddate decision environmental permit,phase application received,0,1,0.0,0.5,40.556,5.342,0.0,True,learned_prefer
enter senddate decision environmental permit,register deadline,0,1,0.0,0.5,40.556,5.342,0.0,True,learned_prefer
enter senddate decision environmental permit,set decision phase: draft decision for inspection,0,1,0.0,0.5,40.556,5.342,0.0,True,learned_prefer
enter senddate decision environmental permit,send design decision to stakeholders,0,1,0.0,0.5,40.556,5.342,0.0,True,learned_prefer
enter senddate decision environmental permit,enter date draft decisionenvironmental permit,0,1,0.0,0.5,40.556,5.342,0.0,True,learned_prefer
enter senddate decision environmental permit,enter senddate decision environmental permit,0,1,0.0,0.5,40.556,5.342,0.0,True,learned_prefer
enter senddate decision environmental permit,send confirmation receipt,0,1,0.0,0.5,40.556,5.342,0.0,True,learned_prefer
enter senddate decision environmental permit,treat subcases content,0,1,0.0,0.5,40.556,5.342,0.0,True,learned_prefer
enter senddate decision environmental permit,phase concept draft decision ready,0,1,0.0,0.5,40.556,5.342,0.0,True,learned_prefer
enter senddate decision environmental permit,phase archived case,0,1,0.0,0.5,40.556,5.342,0.0,True,learned_prefer
enter senddate decision environmental permit,set phase decision revoked,0,1,0.0,0.5,40.556,5.342,0.0,True,learned_prefer
enter senddate decision environmental permit,phase concept decision ready,0,1,0.0,0.5,40.556,5.342,0.0,True,learned_prefer
enter senddate decision environmental permit,start decision phase decision permitting sent,0,1,0.0,0.5,40.556,5.342,0.0,True,learned_prefer
enter senddate decision environmental permit,record date of decision environmental permit,0,1,0.0,0.5,40.556,5.342,0.0,True,learned_prefer
enter senddate decision environmental permit,receive additional information,0,1,0.0,0.5,40.556,5.342,0.0,True,learned_prefer
enter senddate decision environmental permit,register date environmental permit decision,0,1,0.0,0.5,40.556,5.342,0.0,True,learned_prefer
enter senddate decision environmental permit,procedure change,0,1,0.0,0.5,40.556,5.342,0.0,True,learned_prefer
register date environmental permit decision,register receipt updated plan,20,3,100.0,2.2,38.714,5.275,-0.093,True,learned_prefer
phase decision ready,phase updated plan received,82,3,84.5,1.9,38.56,5.269,-0.016,True,learned_prefer
phase archived case,set decision phase unlicensed irrevocable,28,1,63.6,1.1,37.787,5.24,-0.013,True,learned_prefer
procedure change,cancel case,43,2,52.4,1.1,37.436,5.226,-0.013,True,learned_prefer
send design decision to stakeholders,start WABOprocedure,91,2,100.0,2.2,37.4,5.225,-0.054,True,learned_prefer
completed subcases content,terminate on request,82,5,100.0,2.5,37.182,5.217,-0.041,True,learned_prefer
no permit needed or only notification needed,register deadline,28,3,100.0,2.4,36.429,5.187,-0.013,True,learned_prefer
registration date publication,register number of days extension period,0,1,0.0,0.6,35.889,5.165,0.0,True,learned_prefer
registration date publication,phase application receptive,0,1,0.0,0.6,35.889,5.165,0.0,True,learned_prefer
registration date publication,start decision phase extension granted,0,1,0.0,0.6,35.889,5.165,0.0,True,learned_prefer
registration date publication,receive additional information,0,1,0.0,0.6,35.889,5.165,0.0,True,learned_prefer
registration date publication,received OLO documents,0,1,0.0,0.6,35.889,5.165,0.0,True,learned_prefer
registration date publication,phase permanently suspended,0,1,0.0,0.6,35.889,5.165,0.0,True,learned_prefer
registration date publication,phase procedure term suspended,0,1,0.0,0.6,35.889,5.165,0.0,True,learned_prefer
registration date publication,start decision phase decision permitting sent,0,1,0.0,0.6,35.889,5.165,0.0,True,learned_prefer
registration date publication,generate publication document decision environmental permit,0,1,0.0,0.6,35.889,5.165,0.0,True,learned_prefer
registration date publication,phase decision sent,0,1,0.0,0.6,35.889,5.165,0.0,True,learned_prefer
registration date publication,regular procedure without MER,0,1,0.0,0.6,35.889,5.165,0.0,True,learned_prefer
registration date publication,request further information,0,1,0.0,0.6,35.889,5.165,0.0,True,learned_prefer
registration date publication,objection lodged against decision,0,1,0.0,0.6,35.889,5.165,0.0,True,learned_prefer
registration date publication,extend procedure term,0,1,0.0,0.6,35.889,5.165,0.0,True,learned_prefer
registration date publication,register deadline,0,1,0.0,0.6,35.889,5.165,0.0,True,learned_prefer
registration date publication,stop all running subcases 2b,0,1,0.0,0.6,35.889,5.165,0.0,True,learned_prefer
registration date publication,suspend term,0,1,0.0,0.6,35.889,5.165,0.0,True,learned_prefer
registration date publication,send confirmation receipt,0,1,0.0,0.6,35.889,5.165,0.0,True,learned_prefer
registration date publication,send procedure confirmation,0,1,0.0,0.6,35.889,5.165,0.0,True,learned_prefer
registration date publication,objection to permanent suspension received,0,1,0.0,0.6,35.889,5.165,0.0,True,learned_prefer
registration date publication,phase advice known,0,1,0.0,0.6,35.889,5.165,0.0,True,learned_prefer
registration date publication,process received advice,0,1,0.0,0.6,35.889,5.165,0.0,True,learned_prefer
registration date publication,publication date draft decision,0,1,0.0,0.6,35.889,5.165,0.0,True,learned_prefer
registration date publication,publish,0,1,0.0,0.6,35.889,5.165,0.0,True,learned_prefer
registration date publication,create monitoring case,0,1,0.0,0.6,35.889,5.165,0.0,True,learned_prefer
registration date publication,completed subcases content,0,1,0.0,0.6,35.889,5.165,0.0,True,learned_prefer
registration date publication,creating environmental permit decision,0,1,0.0,0.6,35.889,5.165,0.0,True,learned_prefer
registration date publication,cancel case,0,1,0.0,0.6,35.889,5.165,0.0,True,learned_prefer
registration date publication,generating decision environmental permit,0,1,0.0,0.6,35.889,5.165,0.0,True,learned_prefer
registration date publication,applicant is stakeholder,0,1,0.0,0.6,35.889,5.165,0.0,True,learned_prefer
registration date publication,assessment of content completed,0,1,0.0,0.6,35.889,5.165,0.0,True,learned_prefer
registration date publication,resume completeness subcases,0,1,0.0,0.6,35.889,5.165,0.0,True,learned_prefer
registration date publication,enter receipt of additional data,0,1,0.0,0.6,35.889,5.165,0.0,True,learned_prefer
registration date publication,enter date termination request received,0,1,0.0,0.6,35.889,5.165,0.0,True,learned_prefer
registration date publication,retrieve missing data,0,1,0.0,0.6,35.889,5.165,0.0,True,learned_prefer
registration date publication,enter date decision procedure term extension,0,1,0.0,0.6,35.889,5.165,0.0,True,learned_prefer
registration date publication,enter senddate letter no permit or only notification required,0,1,0.0,0.6,35.889,5.165,0.0,True,learned_prefer
registration date publication,enter senddate retrieve missing data,0,1,0.0,0.6,35.889,5.165,0.0,True,learned_prefer
registration date publication,phase case handled,0,1,0.0,0.6,35.889,5.165,0.0,True,learned_prefer
registration date publication,phase asked additional information,0,1,0.0,0.6,35.889,5.165,0.0,True,learned_prefer
generate draft decision environmental permit,set decision status,23,2,100.0,2.2,35.8,5.162,-0.013,True,learned_prefer
enter senddate decision,create procedure confirmation,16,2,100.0,2.2,35.8,5.162,-0.013,True,learned_prefer
send letter in progress,request complete,4,2,100.0,2.3,35.0,5.129,-0.082,True,learned_prefer
enter senddate retrieve missing data,create letter requesting missing data,1,2,100.0,2.3,35.0,5.129,-0.013,True,learned_prefer
phase concept draft decision ready,send procedure confirmation,16,2,100.0,2.3,34.6,5.113,-0.134,True,learned_prefer
register deadline,phase case handled,79,4,97.5,2.5,34.358,5.103,-0.022,True,learned_prefer
phase procedure extended,treat subcases completeness,16,1,100.0,2.0,33.0,5.044,-0.156,True,learned_prefer
create draft environtmental permit,enter date advice on treatment of environmental permit,16,2,94.1,2.3,32.623,5.028,-0.013,True,learned_prefer
start WABOprocedure,completed subcases content,82,4,88.2,2.4,32.255,5.011,-0.047,True,learned_prefer
inform BAG administrator,resume completeness subcases,82,3,100.0,2.7,31.857,4.994,-0.031,True,learned_prefer
start decision phase decision permitting sent,phase draft decision ready,0,1,0.0,0.7,31.444,4.975,0.0,True,learned_prefer
start decision phase decision permitting sent,received OLO documents,0,1,0.0,0.7,31.444,4.975,0.0,True,learned_prefer
start decision phase decision permitting sent,retrieve missing data,0,1,0.0,0.7,31.444,4.975,0.0,True,learned_prefer
start decision phase decision permitting sent,creating environmental permit decision,0,1,0.0,0.7,31.444,4.975,0.0,True,learned_prefer
start decision phase decision permitting sent,enter senddate decision,0,1,0.0,0.7,31.444,4.975,0.0,True,learned_prefer
start decision phase decision permitting sent,appeal logded,0,1,0.0,0.7,31.444,4.975,0.0,True,learned_prefer
start decision phase decision permitting sent,set decision phase: draft decision permitted sent,0,1,0.0,0.7,31.444,4.975,0.0,True,learned_prefer
start decision phase decision permitting sent,transcript decision environmental permit to stakeholders,0,1,0.0,0.7,31.444,4.975,0.0,True,learned_prefer
start decision phase decision permitting sent,set decision status,0,1,0.0,0.7,31.444,4.975,0.0,True,learned_prefer
start decision phase decision permitting sent,submit decision,0,1,0.0,0.7,31.444,4.975,0.0,True,learned_prefer
start decision phase decision permitting sent,subcase art. 33 WABO completed,0,1,0.0,0.7,31.444,4.975,0.0,True,learned_prefer
start decision phase decision permitting sent,objection lodged against decision,0,1,0.0,0.7,31.444,4.975,0.0,True,learned_prefer
start decision phase decision permitting sent,create draft environtmental permit,0,1,0.0,0.7,31.444,4.975,0.0,True,learned_prefer
start decision phase decision permitting sent,phase decision ready,0,1,0.0,0.7,31.444,4.975,0.0,True,learned_prefer
start decision phase decision permitting sent,assessment of content completed,0,1,0.0,0.7,31.444,4.975,0.0,True,learned_prefer
start decision phase decision permitting sent,objections and preliminary injunction in system,0,1,0.0,0.7,31.444,4.975,0.0,True,learned_prefer
start decision phase decision permitting sent,send letter in progress,0,1,0.0,0.7,31.444,4.975,0.0,True,learned_prefer
create decision procedure term extension,enter senddate procedure term extension,5,1,71.4,1.6,31.044,4.956,-0.013,True,learned_prefer
enter senddate acknowledgement,calculate final charges,1,0,8.3,0.0,30.84,4.947,-0.013,True,learned_prefer
regular procedure without MER,registrer date of publishing received request,0,1,0.0,0.8,29.444,4.88,0.0,True,learned_prefer
regular procedure without MER,inform BAG administrator,0,1,0.0,0.8,29.444,4.88,0.0,True,learned_prefer
regular procedure without MER,first or second phase,0,1,0.0,0.8,29.444,4.88,0.0,True,learned_prefer
regular procedure without MER,procedure change,0,1,0.0,0.8,29.444,4.88,0.0,True,learned_prefer
regular procedure without MER,phase asked additional information,0,1,0.0,0.8,29.444,4.88,0.0,True,learned_prefer
regular procedure without MER,publish,0,1,0.0,0.8,29.444,4.88,0.0,True,learned_prefer
regular procedure without MER,investigate BAG objects,0,1,0.0,0.8,29.444,4.88,0.0,True,learned_prefer
treat subcases content,subcase final VVGB completed,0,2,0.0,0.9,29.267,4.871,0.0,True,learned_prefer
treat subcases content,applicant is stakeholder,0,2,0.0,0.9,29.267,4.871,0.0,True,learned_prefer
treat subcases content,date draft decision for inspection,0,2,0.0,0.9,29.267,4.871,0.0,True,learned_prefer
treat subcases content,phase concept draft decision ready,0,2,0.0,0.9,29.267,4.871,0.0,True,learned_prefer
treat subcases content,set decision phase: draft decision permitted sent,0,2,0.0,0.9,29.267,4.871,0.0,True,learned_prefer
treat subcases content,phase archived case,0,2,0.0,0.9,29.267,4.871,0.0,True,learned_prefer
treat subcases content,enter senddate draft decision,0,2,0.0,0.9,29.267,4.871,0.0,True,learned_prefer
treat subcases content,investigate BAG objects,0,2,0.0,0.9,29.267,4.871,0.0,True,learned_prefer
treat subcases content,phase concept decision ready,0,2,0.0,0.9,29.267,4.871,0.0,True,learned_prefer
treat subcases content,enter senddate decision environmental permit,0,2,0.0,0.9,29.267,4.871,0.0,True,learned_prefer
treat subcases content,phase procedure prematurely terminated,0,2,0.0,0.9,29.267,4.871,0.0,True,learned_prefer
treat subcases content,send procedure confirmation,0,2,0.0,0.9,29.267,4.871,0.0,True,learned_prefer
treat subcases content,register number of days extension period,0,2,0.0,0.9,29.267,4.871,0.0,True,learned_prefer
treat subcases content,phase updated plan requested,0,2,0.0,0.9,29.267,4.871,0.0,True,learned_prefer
treat subcases content,register date environmental permit decision,0,2,0.0,0.9,29.267,4.871,0.0,True,learned_prefer
treat subcases content,set decision phase decision permitting decided,0,2,0.0,0.9,29.267,4.871,0.0,True,learned_prefer
treat subcases content,enter senddate procedure confirmation,0,2,0.0,0.9,29.267,4.871,0.0,True,learned_prefer
treat subcases content,enter date publication decision environmental permit,0,2,0.0,0.9,29.267,4.871,0.0,True,learned_prefer
treat subcases content,create decision procedure term extension,0,2,0.0,0.9,29.267,4.871,0.0,True,learned_prefer
treat subcases content,assessment of content completed,0,2,0.0,0.9,29.267,4.871,0.0,True,learned_prefer
treat subcases content,enter receipt of additional data,0,2,0.0,0.9,29.267,4.871,0.0,True,learned_prefer
treat subcases content,registrer date of publishing received request,0,2,0.0,0.9,29.267,4.871,0.0,True,learned_prefer
treat subcases content,resume completeness subcases,0,2,0.0,0.9,29.267,4.871,0.0,True,learned_prefer
treat subcases content,send decision suspension,0,2,0.0,0.9,29.267,4.871,0.0,True,learned_prefer
treat subcases content,set decision status,0,2,0.0,0.9,29.267,4.871,0.0,True,learned_prefer
treat subcases content,publish official draft decision,0,2,0.0,0.9,29.267,4.871,0.0,True,learned_prefer
forward to the competent authority,phase decision ready,0,1,0.0,0.8,29.222,4.869,0.0,True,learned_prefer
forward to the competent authority,enter senddate decision,0,1,0.0,0.8,29.222,4.869,0.0,True,learned_prefer
forward to the competent authority,enter receipt of additional data,0,1,0.0,0.8,29.222,4.869,0.0,True,learned_prefer
forward to the competent authority,register deadline,0,1,0.0,0.8,29.222,4.869,0.0,True,learned_prefer
forward to the competent authority,OLO messaging active,0,1,0.0,0.8,29.222,4.869,0.0,True,learned_prefer
forward to the competent authority,ask stakeholders views,0,1,0.0,0.8,29.222,4.869,0.0,True,learned_prefer
forward to the competent authority,send confirmation receipt,0,1,0.0,0.8,29.222,4.869,0.0,True,learned_prefer
forward to the competent authority,create subcases completeness,0,1,0.0,0.8,29.222,4.869,0.0,True,learned_prefer
forward to the competent authority,phase decision taken,0,1,0.0,0.8,29.222,4.869,0.0,True,learned_prefer
forward to the competent authority,read field phased application,0,1,0.0,0.8,29.222,4.869,0.0,True,learned_prefer
forward to the competent authority,registration date publication,0,1,0.0,0.8,29.222,4.869,0.0,True,learned_prefer
forward to the competent authority,inform BAG administrator,0,1,0.0,0.8,29.222,4.869,0.0,True,learned_prefer
forward to the competent authority,start WABOprocedure,0,1,0.0,0.8,29.222,4.869,0.0,True,learned_prefer
forward to the competent authority,calculate provisional charges,0,1,0.0,0.8,29.222,4.869,0.0,True,learned_prefer
forward to the competent authority,request complete,0,1,0.0,0.8,29.222,4.869,0.0,True,learned_prefer
forward to the competent authority,generating decision environmental permit,0,1,0.0,0.8,29.222,4.869,0.0,True,learned_prefer
forward to the competent authority,enter senddate decision environmental permit,0,1,0.0,0.8,29.222,4.869,0.0,True,learned_prefer
forward to the competent authority,set decision status,0,1,0.0,0.8,29.222,4.869,0.0,True,learned_prefer
forward to the competent authority,first or second phase,0,1,0.0,0.8,29.222,4.869,0.0,True,learned_prefer
forward to the competent authority,phase application receptive,0,1,0.0,0.8,29.222,4.869,0.0,True,learned_prefer
forward to the competent authority,decision date prior to decision,0,1,0.0,0.8,29.222,4.869,0.0,True,learned_prefer
transcript decision environmental permit to stakeholders,send confirmation receipt,11,2,52.4,1.5,28.991,4.858,-0.089,True,learned_prefer
create subcases completeness,procedure change,62,4,96.9,3.0,28.747,4.845,-0.013,True,learned_prefer
enter date advice on treatment of environmental permit,enrich draft decision,48,2,81.4,2.4,27.877,4.801,-0.122,True,learned_prefer
enter senddate procedure term extension,start date suspension competent authority,5,1,100.0,2.4,27.667,4.79,-0.013,True,learned_prefer
phase additional information received,phase procedure extended,16,1,37.2,0.9,27.437,4.778,-0.169,True,learned_prefer
article 34  WABO applies,send letter in progress,4,2,100.0,2.9,27.4,4.776,-0.088,True,learned_prefer
terminate on request,inform BAG administrator,82,4,74.5,2.5,27.127,4.762,-0.036,True,learned_prefer
enter senddate decision permanent suspension,phase permanently suspended,7,0,28.0,0.0,26.765,4.742,-0.013,True,learned_prefer
applicant is stakeholder,enter senddate procedure confirmation,0,1,0.0,0.8,26.556,4.731,0.0,True,learned_prefer
applicant is stakeholder,MER present in supplement,0,1,0.0,0.8,26.556,4.731,0.0,True,learned_prefer
applicant is stakeholder,enter date advice on treatment of environmental permit,0,1,0.0,0.8,26.556,4.731,0.0,True,learned_prefer
applicant is stakeholder,extend procedure term,0,1,0.0,0.8,26.556,4.731,0.0,True,learned_prefer
applicant is stakeholder,perspective regarding draft founded,0,1,0.0,0.8,26.556,4.731,0.0,True,learned_prefer
applicant is stakeholder,no permit needed or only notification needed,0,1,0.0,0.8,26.556,4.731,0.0,True,learned_prefer
applicant is stakeholder,phase application received,0,1,0.0,0.8,26.556,4.731,0.0,True,learned_prefer
applicant is stakeholder,dismiss under mandate,0,1,0.0,0.8,26.556,4.731,0.0,True,learned_prefer
applicant is stakeholder,enter senddate retrieve missing data,0,1,0.0,0.8,26.556,4.731,0.0,True,learned_prefer
transcript decision environmental permit to stakeholders,phase procedure term resumed,10,2,47.6,1.5,26.47,4.726,-0.013,True,learned_prefer
retrieve missing data,request complete,2,3,66.7,2.3,26.429,4.724,-0.084,True,learned_prefer
phase decision taken,completed subcases content,0,1,0.0,0.9,25.889,4.694,0.0,True,learned_prefer
phase decision taken,calculate final charges,0,1,0.0,0.9,25.889,4.694,0.0,True,learned_prefer
phase decision taken,creating cover letter decision,0,1,0.0,0.9,25.889,4.694,0.0,True,learned_prefer
phase decision taken,create publication document,0,1,0.0,0.9,25.889,4.694,0.0,True,learned_prefer
phase decision taken,treat subcase suspension art. 33 WABO,0,1,0.0,0.9,25.889,4.694,0.0,True,learned_prefer
phase decision taken,date draft decision for inspection,0,1,0.0,0.9,25.889,4.694,0.0,True,learned_prefer
phase decision taken,enter date draft decisionenvironmental permit,0,1,0.0,0.9,25.889,4.694,0.0,True,learned_prefer
phase decision taken,enter senddate decision,0,1,0.0,0.9,25.889,4.694,0.0,True,learned_prefer
phase decision taken,registration date publication,0,1,0.0,0.9,25.889,4.694,0.0,True,learned_prefer
phase decision taken,enter senddate decision suspension,0,1,0.0,0.9,25.889,4.694,0.0,True,learned_prefer
phase decision taken,subcases completeness completed,0,1,0.0,0.9,25.889,4.694,0.0,True,learned_prefer
phase decision taken,start decision phase decision permitting sent,0,1,0.0,0.9,25.889,4.694,0.0,True,learned_prefer
phase decision taken,send confirmation receipt,0,1,0.0,0.9,25.889,4.694,0.0,True,learned_prefer
phase decision taken,set decision status,0,1,0.0,0.9,25.889,4.694,0.0,True,learned_prefer
phase decision taken,received OLO documents,0,1,0.0,0.9,25.889,4.694,0.0,True,learned_prefer
phase decision taken,treat subcases completeness,0,1,0.0,0.9,25.889,4.694,0.0,True,learned_prefer
phase decision taken,record date of decision environmental permit,0,1,0.0,0.9,25.889,4.694,0.0,True,learned_prefer
enter senddate draft decision,phase additional information received,0,1,0.0,0.9,25.222,4.657,0.0,True,learned_prefer
enter senddate draft decision,coordination of application,0,1,0.0,0.9,25.222,4.657,0.0,True,learned_prefer
enter senddate draft decision,start decisionphase draft decision - permitting decided,0,1,0.0,0.9,25.222,4.657,0.0,True,learned_prefer
enter senddate draft decision,register date environmental permit decision,0,1,0.0,0.9,25.222,4.657,0.0,True,learned_prefer
enter senddate draft decision,suspension ground applicable,0,1,0.0,0.9,25.222,4.657,0.0,True,learned_prefer
enter senddate draft decision,set decision phase: draft decision permitted sent,0,1,0.0,0.9,25.222,4.657,0.0,True,learned_prefer
enter senddate draft decision,publish official draft decision,0,1,0.0,0.9,25.222,4.657,0.0,True,learned_prefer
enter senddate draft decision,submit draft decision,0,1,0.0,0.9,25.222,4.657,0.0,True,learned_prefer
enter senddate draft decision,enter date advice on treatment of environmental permit,0,1,0.0,0.9,25.222,4.657,0.0,True,learned_prefer
enter senddate draft decision,start WABOprocedure,0,1,0.0,0.9,25.222,4.657,0.0,True,learned_prefer
start decision phase permanent suspension sent,phase archived case,48,1,100.0,2.7,25.0,4.644,-0.013,True,learned_prefer
create message terminate request,cancel case,14,0,100.0,0.0,25.0,4.644,-0.155,True,learned_prefer
register objection and appeal periods,perspective on draft decision environmental permit received,42,1,33.6,0.9,24.721,4.628,-0.203,True,learned_prefer
enter senddate decision environmental permit,entering senddate draft decision environmental permit,0,2,0.0,1.1,24.333,4.605,0.0,True,learned_prefer
enter senddate decision environmental permit,decision date prior to decision,0,2,0.0,1.1,24.333,4.605,0.0,True,learned_prefer
enter senddate decision environmental permit,completed subcases content,0,2,0.0,1.1,24.333,4.605,0.0,True,learned_prefer
enter senddate decision environmental permit,by law,0,2,0.0,1.1,24.333,4.605,0.0,True,learned_prefer
enter senddate decision environmental permit,final VVGB applications,0,2,0.0,1.1,24.333,4.605,0.0,True,learned_prefer
enter senddate decision environmental permit,read publication date field,0,2,0.0,1.1,24.333,4.605,0.0,True,learned_prefer
enter senddate decision environmental permit,stop all running subcases 2b,0,2,0.0,1.1,24.333,4.605,0.0,True,learned_prefer
enter senddate decision environmental permit,start decisionphase draft decision - permitting decided,0,2,0.0,1.1,24.333,4.605,0.0,True,learned_prefer
enter senddate decision environmental permit,submit decision,0,2,0.0,1.1,24.333,4.605,0.0,True,learned_prefer
enter senddate decision environmental permit,phase decision ready,0,2,0.0,1.1,24.333,4.605,0.0,True,learned_prefer
enter senddate decision environmental permit,treat subcases completeness,0,2,0.0,1.1,24.333,4.605,0.0,True,learned_prefer
enter senddate decision environmental permit,register submission date request,0,2,0.0,1.1,24.333,4.605,0.0,True,learned_prefer
enter senddate decision environmental permit,applicant is stakeholder,0,2,0.0,1.1,24.333,4.605,0.0,True,learned_prefer
enter senddate decision environmental permit,phase draft decision made,0,2,0.0,1.1,24.333,4.605,0.0,True,learned_prefer
enter senddate decision environmental permit,phase advice known,0,2,0.0,1.1,24.333,4.605,0.0,True,learned_prefer
enter senddate decision environmental permit,regular procedure applies,0,2,0.0,1.1,24.333,4.605,0.0,True,learned_prefer
enter senddate decision environmental permit,registrer date of publishing received request,0,2,0.0,1.1,24.333,4.605,0.0,True,learned_prefer
enter senddate decision environmental permit,phase decision sent,0,2,0.0,1.1,24.333,4.605,0.0,True,learned_prefer
enter senddate decision environmental permit,read field phased application,0,2,0.0,1.1,24.333,4.605,0.0,True,learned_prefer
enter senddate decision environmental permit,appeal logded,0,2,0.0,1.1,24.333,4.605,0.0,True,learned_prefer
suspend term,final VVGB applications,0,1,0.0,0.9,23.889,4.578,0.0,True,learned_prefer
suspend term,register deadline,0,1,0.0,0.9,23.889,4.578,0.0,True,learned_prefer
suspend term,grounds for refusal,0,1,0.0,0.9,23.889,4.578,0.0,True,learned_prefer
suspend term,no permit needed or only notification needed,0,1,0.0,0.9,23.889,4.578,0.0,True,learned_prefer
suspend term,subcases completeness completed,0,1,0.0,0.9,23.889,4.578,0.0,True,learned_prefer
suspend term,completed subcases content,0,1,0.0,0.9,23.889,4.578,0.0,True,learned_prefer
suspend term,terminate on request,0,1,0.0,0.9,23.889,4.578,0.0,True,learned_prefer
suspend term,creating environmental permit decision,0,1,0.0,0.9,23.889,4.578,0.0,True,learned_prefer
suspend term,registration date publication,0,1,0.0,0.9,23.889,4.578,0.0,True,learned_prefer
suspend term,publish official draft decision,0,1,0.0,0.9,23.889,4.578,0.0,True,learned_prefer
suspend term,treat subcases completeness,0,1,0.0,0.9,23.889,4.578,0.0,True,learned_prefer
resume completeness subcases,register objection and appeal periods,82,2,84.5,2.9,23.523,4.556,-0.027,True,learned_prefer
phase asked additional information,register objection and appeal periods,43,4,100.0,3.8,23.444,4.551,-0.223,True,learned_prefer
enter date draft decisionenvironmental permit,article 34  WABO applies,0,1,0.0,1.0,23.0,4.524,0.0,True,learned_prefer
enter date draft decisionenvironmental permit,create draft environtmental permit,0,1,0.0,1.0,23.0,4.524,0.0,True,learned_prefer
enter date draft decisionenvironmental permit,receive additional information,0,1,0.0,1.0,23.0,4.524,0.0,True,learned_prefer
enter date draft decisionenvironmental permit,enter senddate acknowledgement,0,1,0.0,1.0,23.0,4.524,0.0,True,learned_prefer
enter date draft decisionenvironmental permit,submit decision,0,1,0.0,1.0,23.0,4.524,0.0,True,learned_prefer
enter date draft decisionenvironmental permit,phase concept draft decision ready,0,1,0.0,1.0,23.0,4.524,0.0,True,learned_prefer
enter date draft decisionenvironmental permit,phase draft decision sent,0,1,0.0,1.0,23.0,4.524,0.0,True,learned_prefer
phase draft decision made,phase draft decision ready,0,1,0.0,1.0,23.0,4.524,0.0,True,learned_prefer
phase draft decision made,publication date draft decision,0,1,0.0,1.0,23.0,4.524,0.0,True,learned_prefer
phase draft decision made,send procedure confirmation,0,1,0.0,1.0,23.0,4.524,0.0,True,learned_prefer
enter date draft decisionenvironmental permit,set decision phase decision permitting decided,0,1,0.0,1.0,23.0,4.524,0.0,True,learned_prefer
enter date draft decisionenvironmental permit,submit draft decision,0,1,0.0,1.0,23.0,4.524,0.0,True,learned_prefer
enter date draft decisionenvironmental permit,send procedure confirmation,0,1,0.0,1.0,23.0,4.524,0.0,True,learned_prefer
phase draft decision made,enter date draft decisionenvironmental permit,0,1,0.0,1.0,23.0,4.524,0.0,True,learned_prefer
phase draft decision made,enrich draft decision environmental permit,0,1,0.0,1.0,23.0,4.524,0.0,True,learned_prefer
phase draft decision made,read publication date field,0,1,0.0,1.0,23.0,4.524,0.0,True,learned_prefer
phase draft decision made,message change status,0,1,0.0,1.0,23.0,4.524,0.0,True,learned_prefer
enter date draft decisionenvironmental permit,reception through OLO,0,1,0.0,1.0,23.0,4.524,0.0,True,learned_prefer
phase draft decision made,phase concept draft decision ready,0,1,0.0,1.0,23.0,4.524,0.0,True,learned_prefer
phase draft decision made,subcases completeness completed,0,1,0.0,1.0,23.0,4.524,0.0,True,learned_prefer
phase draft decision made,creating environmental permit decision,0,1,0.0,1.0,23.0,4.524,0.0,True,learned_prefer
enter date draft decisionenvironmental permit,decided on draft decision environmental permit,0,1,0.0,1.0,23.0,4.524,0.0,True,learned_prefer
enter date draft decisionenvironmental permit,enter senddate procedure confirmation,0,1,0.0,1.0,23.0,4.524,0.0,True,learned_prefer
enter date draft decisionenvironmental permit,entering senddate draft decision environmental permit,0,1,0.0,1.0,23.0,4.524,0.0,True,learned_prefer
phase draft decision made,term perspective on draft decision,0,1,0.0,1.0,23.0,4.524,0.0,True,learned_prefer
phase draft decision made,entering senddate draft decision environmental permit,0,1,0.0,1.0,23.0,4.524,0.0,True,learned_prefer
enter date draft decisionenvironmental permit,register submission date request,0,1,0.0,1.0,23.0,4.524,0.0,True,learned_prefer
phase draft decision made,enter senddate draft decision,0,1,0.0,1.0,23.0,4.524,0.0,True,learned_prefer
enter date draft decisionenvironmental permit,registrer date of publishing received request,0,1,0.0,1.0,23.0,4.524,0.0,True,learned_prefer
retrieve missing data,creating environmental permit decision,1,2,33.3,1.6,22.2,4.472,-0.013,True,learned_prefer
resume completeness subcases,set decision phase: draft decision permitted sent,15,0,15.5,0.0,22.097,4.466,-0.083,True,learned_prefer
decision date prior to decision,generating decision no permit required,22,1,25.6,0.8,21.59,4.432,-0.013,True,learned_prefer
enter senddate continuation,send confirmation receipt,278,1,99.6,3.1,21.589,4.432,-0.014,True,learned_prefer
registration date publication,enter senddate decision procedure term extension,0,2,0.0,1.2,21.533,4.428,0.0,True,learned_prefer
registration date publication,enter senddate updated plan,0,2,0.0,1.2,21.533,4.428,0.0,True,learned_prefer
registration date publication,WAW permit aspect,0,2,0.0,1.2,21.533,4.428,0.0,True,learned_prefer
registration date publication,decision keep permanently suspended,0,2,0.0,1.2,21.533,4.428,0.0,True,learned_prefer
registration date publication,suspension ground applicable,0,2,0.0,1.2,21.533,4.428,0.0,True,learned_prefer
registration date publication,start WABOprocedure,0,2,0.0,1.2,21.533,4.428,0.0,True,learned_prefer
registration date publication,treat subcases content,0,2,0.0,1.2,21.533,4.428,0.0,True,learned_prefer
registration date publication,set decision status,0,2,0.0,1.2,21.533,4.428,0.0,True,learned_prefer
registration date publication,set decision phase decision permitting decided,0,2,0.0,1.2,21.533,4.428,0.0,True,learned_prefer
registration date publication,set decision phase: draft decision permitted sent,0,2,0.0,1.2,21.533,4.428,0.0,True,learned_prefer
registration date publication,transcript decision environmental permit to stakeholders,0,2,0.0,1.2,21.533,4.428,0.0,True,learned_prefer
registration date publication,register submission date request,0,2,0.0,1.2,21.533,4.428,0.0,True,learned_prefer
registration date publication,read publication date field,0,2,0.0,1.2,21.533,4.428,0.0,True,learned_prefer
registration date publication,record date of decision environmental permit,0,2,0.0,1.2,21.533,4.428,0.0,True,learned_prefer
registration date publication,phase archived case,0,2,0.0,1.2,21.533,4.428,0.0,True,learned_prefer
registration date publication,enter senddate decision suspension,0,2,0.0,1.2,21.533,4.428,0.0,True,learned_prefer
registration date publication,inform BAG administrator,0,2,0.0,1.2,21.533,4.428,0.0,True,learned_prefer
registration date publication,entering senddate draft decision environmental permit,0,2,0.0,1.2,21.533,4.428,0.0,True,learned_prefer
registration date publication,enter enddate suspension art. 33 WABO,0,2,0.0,1.2,21.533,4.428,0.0,True,learned_prefer
registration date publication,register objection and appeal periods,0,2,0.0,1.2,21.533,4.428,0.0,True,learned_prefer
phase concept decision ready,phase application receptive,53,1,98.1,3.1,21.269,4.411,-0.015,True,learned_prefer
decision permanently suspended,treat subcases completeness,10,0,100.0,0.0,21.0,4.392,-0.013,True,learned_prefer
start date suspension competent authority,send suspension by competent authority,5,0,100.0,0.0,21.0,4.392,-0.013,True,learned_prefer
treat subcases content,entering senddate draft decision environmental permit,0,3,0.0,1.4,20.905,4.386,0.0,True,learned_prefer
treat subcases content,phase decision ready,0,3,0.0,1.4,20.905,4.386,0.0,True,learned_prefer
treat subcases content,generate publication document decision environmental permit,0,3,0.0,1.4,20.905,4.386,0.0,True,learned_prefer
treat subcases content,creating cover letter decision,0,3,0.0,1.4,20.905,4.386,0.0,True,learned_prefer
treat subcases content,creating decision procedure term extension,0,3,0.0,1.4,20.905,4.386,0.0,True,learned_prefer
treat subcases content,phase asked additional information,0,3,0.0,1.4,20.905,4.386,0.0,True,learned_prefer
treat subcases content,phase draft decision made,0,3,0.0,1.4,20.905,4.386,0.0,True,learned_prefer
treat subcases content,enter senddate updated plan,0,3,0.0,1.4,20.905,4.386,0.0,True,learned_prefer
treat subcases content,create decision no permit required,0,3,0.0,1.4,20.905,4.386,0.0,True,learned_prefer
treat subcases content,determine cause for suspension article 34 WABO,0,3,0.0,1.4,20.905,4.386,0.0,True,learned_prefer
treat subcases content,received OLO documents,0,3,0.0,1.4,20.905,4.386,0.0,True,learned_prefer
treat subcases content,record date of decision environmental permit,0,3,0.0,1.4,20.905,4.386,0.0,True,learned_prefer
treat subcases content,activities regular procedure,0,3,0.0,1.4,20.905,4.386,0.0,True,learned_prefer
treat subcases content,phase procedure term suspended,0,3,0.0,1.4,20.905,4.386,0.0,True,learned_prefer
treat subcases content,phase procedure resumed,0,3,0.0,1.4,20.905,4.386,0.0,True,learned_prefer
treat subcases content,subcase WAW completed,0,3,0.0,1.4,20.905,4.386,0.0,True,learned_prefer
treat subcases content,registration date publication,0,3,0.0,1.4,20.905,4.386,0.0,True,learned_prefer
treat subcases content,term for submitting updated plan,0,3,0.0,1.4,20.905,4.386,0.0,True,learned_prefer
treat subcases content,terminate on request,0,3,0.0,1.4,20.905,4.386,0.0,True,learned_prefer
treat subcases content,submit decision,0,3,0.0,1.4,20.905,4.386,0.0,True,learned_prefer
treat subcases content,submit draft decision,0,3,0.0,1.4,20.905,4.386,0.0,True,learned_prefer
treat subcases content,phase additional information received,0,3,0.0,1.4,20.905,4.386,0.0,True,learned_prefer
treat subcases content,continuation term to decision,0,3,0.0,1.4,20.905,4.386,0.0,True,learned_prefer
treat subcases content,create publication document,0,3,0.0,1.4,20.905,4.386,0.0,True,learned_prefer
treat subcases content,creating environmental permit decision,0,3,0.0,1.4,20.905,4.386,0.0,True,learned_prefer
treat subcases content,phase application receptive,0,3,0.0,1.4,20.905,4.386,0.0,True,learned_prefer
treat subcases content,phase advice known,0,3,0.0,1.4,20.905,4.386,0.0,True,learned_prefer
treat subcases content,request updated plan,0,3,0.0,1.4,20.905,4.386,0.0,True,learned_prefer
treat subcases content,read field phased application,0,3,0.0,1.4,20.905,4.386,0.0,True,learned_prefer
procedure change,generate draft decision environmental permit,23,2,28.0,1.1,20.224,4.338,-0.013,True,learned_prefer
entering senddate draft decision environmental permit,WAW permit aspect,0,1,0.0,1.1,19.889,4.314,0.0,True,learned_prefer
entering senddate draft decision environmental permit,entering senddate draft decision environmental permit,0,1,0.0,1.1,19.889,4.314,0.0,True,learned_prefer
entering senddate draft decision environmental permit,treat subcases completeness,0,1,0.0,1.1,19.889,4.314,0.0,True,learned_prefer
entering senddate draft decision environmental permit,start decisionphase draft decision - permitting decided,0,1,0.0,1.1,19.889,4.314,0.0,True,learned_prefer
entering senddate draft decision environmental permit,completed subcases content,0,1,0.0,1.1,19.889,4.314,0.0,True,learned_prefer
entering senddate draft decision environmental permit,perspective on draft decision environmental permit received,0,1,0.0,1.1,19.889,4.314,0.0,True,learned_prefer
entering senddate draft decision environmental permit,set decision phase: draft decision permitted sent,0,1,0.0,1.1,19.889,4.314,0.0,True,learned_prefer
entering senddate draft decision environmental permit,open draft decision for inspection,0,1,0.0,1.1,19.889,4.314,0.0,True,learned_prefer
phase additional information received,read publication date field,27,3,62.8,2.8,19.598,4.293,-0.092,True,learned_prefer
enter senddate retrieve missing data,receive additional information,0,1,0.0,1.1,19.444,4.281,0.0,True,learned_prefer
enter senddate retrieve missing data,applicant is stakeholder,0,1,0.0,1.1,19.444,4.281,0.0,True,learned_prefer
enter senddate retrieve missing data,calculate provisional charges,0,1,0.0,1.1,19.444,4.281,0.0,True,learned_prefer
enter senddate retrieve missing data,regular procedure applies,0,1,0.0,1.1,19.444,4.281,0.0,True,learned_prefer
enter senddate retrieve missing data,read field phased application,0,1,0.0,1.1,19.444,4.281,0.0,True,learned_prefer
enter senddate retrieve missing data,enter date termination request received,0,1,0.0,1.1,19.444,4.281,0.0,True,learned_prefer
enter senddate retrieve missing data,start phased application,0,1,0.0,1.1,19.444,4.281,0.0,True,learned_prefer
enter senddate retrieve missing data,term for supplying missing data,0,1,0.0,1.1,19.444,4.281,0.0,True,learned_prefer
enter senddate retrieve missing data,suspend term,0,1,0.0,1.1,19.444,4.281,0.0,True,learned_prefer
enter senddate retrieve missing data,set decision phase: draft decision permitted sent,0,1,0.0,1.1,19.444,4.281,0.0,True,learned_prefer
enter senddate retrieve missing data,set decision phase: draft decision for inspection,0,1,0.0,1.1,19.444,4.281,0.0,True,learned_prefer
enter senddate retrieve missing data,registrer date of publishing received request,0,1,0.0,1.1,19.444,4.281,0.0,True,learned_prefer
enter senddate retrieve missing data,keep permanently suspended,0,1,0.0,1.1,19.444,4.281,0.0,True,learned_prefer
enter senddate retrieve missing data,create procedure confirmation,0,1,0.0,1.1,19.444,4.281,0.0,True,learned_prefer
enter senddate retrieve missing data,register submission date request,0,1,0.0,1.1,19.444,4.281,0.0,True,learned_prefer
enter senddate retrieve missing data,enter senddate procedure confirmation,0,1,0.0,1.1,19.444,4.281,0.0,True,learned_prefer
enter senddate retrieve missing data,enter senddate retrieve missing data,0,1,0.0,1.1,19.444,4.281,0.0,True,learned_prefer
enter senddate retrieve missing data,enter senddate decision procedure term extension,0,1,0.0,1.1,19.444,4.281,0.0,True,learned_prefer
enter senddate retrieve missing data,enter senddate decision suspension,0,1,0.0,1.1,19.444,4.281,0.0,True,learned_prefer
enter senddate retrieve missing data,create cover letter extend procedure term,0,1,0.0,1.1,19.444,4.281,0.0,True,learned_prefer
enter senddate retrieve missing data,phase application received,0,1,0.0,1.1,19.444,4.281,0.0,True,learned_prefer
enter senddate retrieve missing data,publish,0,1,0.0,1.1,19.444,4.281,0.0,True,learned_prefer
enter senddate retrieve missing data,procedure change after completeness,0,1,0.0,1.1,19.444,4.281,0.0,True,learned_prefer
enter senddate retrieve missing data,start decision phase extension granted,0,1,0.0,1.1,19.444,4.281,0.0,True,learned_prefer
enter senddate retrieve missing data,enter senddate acknowledgement,0,1,0.0,1.1,19.444,4.281,0.0,True,learned_prefer
enter senddate retrieve missing data,start decisionphase draft decision - permitting decided,0,1,0.0,1.1,19.444,4.281,0.0,True,learned_prefer
suspension ground applicable,publish,0,1,0.0,1.2,19.222,4.265,0.0,True,learned_prefer
suspension ground applicable,article 33 applies,0,1,0.0,1.2,19.222,4.265,0.0,True,learned_prefer
suspension ground applicable,transcript decision environmental permit to stakeholders,0,1,0.0,1.2,19.222,4.265,0.0,True,learned_prefer
suspension ground applicable,terminate on request,0,1,0.0,1.2,19.222,4.265,0.0,True,learned_prefer
suspension ground applicable,submit decision,0,1,0.0,1.2,19.222,4.265,0.0,True,learned_prefer
suspension ground applicable,suspension ground applicable,0,1,0.0,1.2,19.222,4.265,0.0,True,learned_prefer
suspension ground applicable,refusal after suspension,0,1,0.0,1.2,19.222,4.265,0.0,True,learned_prefer
suspension ground applicable,treat subcases completeness,0,1,0.0,1.2,19.222,4.265,0.0,True,learned_prefer
suspension ground applicable,appeal logded,0,1,0.0,1.2,19.222,4.265,0.0,True,learned_prefer
suspension ground applicable,procedure change,0,1,0.0,1.2,19.222,4.265,0.0,True,learned_prefer
suspension ground applicable,set decision phase suspension sent,0,1,0.0,1.2,19.222,4.265,0.0,True,learned_prefer
suspension ground applicable,ask stakeholders views,0,1,0.0,1.2,19.222,4.265,0.0,True,learned_prefer
suspension ground applicable,send letter in progress,0,1,0.0,1.2,19.222,4.265,0.0,True,learned_prefer
suspension ground applicable,send decision suspension,0,1,0.0,1.2,19.222,4.265,0.0,True,learned_prefer
suspension ground applicable,decision date prior to decision,0,1,0.0,1.2,19.222,4.265,0.0,True,learned_prefer
suspension ground applicable,extend procedure term,0,1,0.0,1.2,19.222,4.265,0.0,True,learned_prefer
suspension ground applicable,enter senddate decision environmental permit,0,1,0.0,1.2,19.222,4.265,0.0,True,learned_prefer
received OLO documents,enter senddate decision,0,1,0.0,1.2,19.0,4.248,0.0,True,learned_prefer
received OLO documents,send procedure confirmation,0,1,0.0,1.2,19.0,4.248,0.0,True,learned_prefer
received OLO documents,enter senddate acknowledgement,0,1,0.0,1.2,19.0,4.248,0.0,True,learned_prefer
received OLO documents,enter publication date draft decision,0,1,0.0,1.2,19.0,4.248,0.0,True,learned_prefer
received OLO documents,enter senddate decision environmental permit,0,1,0.0,1.2,19.0,4.248,0.0,True,learned_prefer
received OLO documents,objection lodged against decision,0,1,0.0,1.2,19.0,4.248,0.0,True,learned_prefer
received OLO documents,enter senddate retrieve missing data,0,1,0.0,1.2,19.0,4.248,0.0,True,learned_prefer
received OLO documents,enter senddate draft decision,0,1,0.0,1.2,19.0,4.248,0.0,True,learned_prefer
received OLO documents,phase decision ready,0,1,0.0,1.2,19.0,4.248,0.0,True,learned_prefer
received OLO documents,enter receipt of additional data,0,1,0.0,1.2,19.0,4.248,0.0,True,learned_prefer
received OLO documents,start decision phase decision permitting sent,0,1,0.0,1.2,19.0,4.248,0.0,True,learned_prefer
received OLO documents,treat subcases completeness,0,1,0.0,1.2,19.0,4.248,0.0,True,learned_prefer
received OLO documents,calculate final charges,0,1,0.0,1.2,19.0,4.248,0.0,True,learned_prefer
received OLO documents,received OLO documents,0,1,0.0,1.2,19.0,4.248,0.0,True,learned_prefer
received OLO documents,close case,0,1,0.0,1.2,19.0,4.248,0.0,True,learned_prefer
received OLO documents,set decision phase decision permitting decided,0,1,0.0,1.2,19.0,4.248,0.0,True,learned_prefer
received OLO documents,phase case handled,0,1,0.0,1.2,19.0,4.248,0.0,True,learned_prefer
received OLO documents,register submission date request,0,1,0.0,1.2,19.0,4.248,0.0,True,learned_prefer
received OLO documents,treat subcases content,0,1,0.0,1.2,19.0,4.248,0.0,True,learned_prefer
start decision phase decision permitting sent,phase decision sent,0,2,0.0,1.4,18.867,4.238,0.0,True,learned_prefer
start decision phase decision permitting sent,generate draft decision environmental permit,0,2,0.0,1.4,18.867,4.238,0.0,True,learned_prefer
start decision phase decision permitting sent,enter senddate draft decision,0,2,0.0,1.4,18.867,4.238,0.0,True,learned_prefer
start decision phase decision permitting sent,set decision phase decision permitting decided,0,2,0.0,1.4,18.867,4.238,0.0,True,learned_prefer
start decision phase decision permitting sent,set decision phase: draft decision for inspection,0,2,0.0,1.4,18.867,4.238,0.0,True,learned_prefer
start decision phase decision permitting sent,regular procedure without MER,0,2,0.0,1.4,18.867,4.238,0.0,True,learned_prefer
start decision phase decision permitting sent,request complete,0,2,0.0,1.4,18.867,4.238,0.0,True,learned_prefer
start decision phase decision permitting sent,phase decision taken,0,2,0.0,1.4,18.867,4.238,0.0,True,learned_prefer
start decision phase decision permitting sent,register deadline,0,2,0.0,1.4,18.867,4.238,0.0,True,learned_prefer
start decision phase decision permitting sent,register objection and appeal periods,0,2,0.0,1.4,18.867,4.238,0.0,True,learned_prefer
start decision phase decision permitting sent,phase draft decision made,0,2,0.0,1.4,18.867,4.238,0.0,True,learned_prefer
start decision phase decision permitting sent,procedure change after completeness,0,2,0.0,1.4,18.867,4.238,0.0,True,learned_prefer
start decision phase decision permitting sent,resume completeness subcases,0,2,0.0,1.4,18.867,4.238,0.0,True,learned_prefer
start decision phase decision permitting sent,register date environmental permit decision,0,2,0.0,1.4,18.867,4.238,0.0,True,learned_prefer
start decision phase decision permitting sent,phase concept draft decision ready,0,2,0.0,1.4,18.867,4.238,0.0,True,learned_prefer
start decision phase decision permitting sent,stop all running subcases 2b,0,2,0.0,1.4,18.867,4.238,0.0,True,learned_prefer
start decision phase decision permitting sent,stop suspended completeness subcases,0,2,0.0,1.4,18.867,4.238,0.0,True,learned_prefer
start decision phase decision permitting sent,phase asked additional information,0,2,0.0,1.4,18.867,4.238,0.0,True,learned_prefer
enter receipt of additional data,registrer date of publishing received request,0,1,0.0,1.2,18.111,4.179,0.0,True,learned_prefer
enter receipt of additional data,request complete,0,1,0.0,1.2,18.111,4.179,0.0,True,learned_prefer
enter receipt of additional data,activities regular procedure,0,1,0.0,1.2,18.111,4.179,0.0,True,learned_prefer
enter receipt of additional data,decision date prior to decision,0,1,0.0,1.2,18.111,4.179,0.0,True,learned_prefer
enter receipt of additional data,register objection and appeal periods,0,1,0.0,1.2,18.111,4.179,0.0,True,learned_prefer
enter receipt of additional data,enter senddate procedure confirmation,0,1,0.0,1.2,18.111,4.179,0.0,True,learned_prefer
enter receipt of additional data,reception through OLO,0,1,0.0,1.2,18.111,4.179,0.0,True,learned_prefer
enter receipt of additional data,procedure change,0,1,0.0,1.2,18.111,4.179,0.0,True,learned_prefer
enter receipt of additional data,send procedure confirmation,0,1,0.0,1.2,18.111,4.179,0.0,True,learned_prefer
enter receipt of additional data,received OLO documents,0,1,0.0,1.2,18.111,4.179,0.0,True,learned_prefer
enter receipt of additional data,receive additional information,0,1,0.0,1.2,18.111,4.179,0.0,True,learned_prefer
enter receipt of additional data,register deadline,0,1,0.0,1.2,18.111,4.179,0.0,True,learned_prefer
enter receipt of additional data,enter senddate decision procedure term extension,0,1,0.0,1.2,18.111,4.179,0.0,True,learned_prefer
enter receipt of additional data,enter senddate acknowledgement,0,1,0.0,1.2,18.111,4.179,0.0,True,learned_prefer
enter receipt of additional data,retrieve missing data,0,1,0.0,1.2,18.111,4.179,0.0,True,learned_prefer
enter receipt of additional data,submit decision,0,1,0.0,1.2,18.111,4.179,0.0,True,learned_prefer
enter receipt of additional data,assessment of content completed,0,1,0.0,1.2,18.111,4.179,0.0,True,learned_prefer
enter receipt of additional data,send confirmation receipt,0,1,0.0,1.2,18.111,4.179,0.0,True,learned_prefer
enter receipt of additional data,register date environmental permit decision,0,1,0.0,1.2,18.111,4.179,0.0,True,learned_prefer
enter receipt of additional data,subcases completeness completed,0,1,0.0,1.2,18.111,4.179,0.0,True,learned_prefer
enter receipt of additional data,start decision phase decision permitting sent,0,1,0.0,1.2,18.111,4.179,0.0,True,learned_prefer
enter receipt of additional data,no permit needed or only notification needed,0,1,0.0,1.2,18.111,4.179,0.0,True,learned_prefer
enter receipt of additional data,phase asked additional information,0,1,0.0,1.2,18.111,4.179,0.0,True,learned_prefer
enter receipt of additional data,phase additional information received,0,1,0.0,1.2,18.111,4.179,0.0,True,learned_prefer
enter receipt of additional data,create procedure confirmation,0,1,0.0,1.2,18.111,4.179,0.0,True,learned_prefer
read field phased application,phase asked additional information,0,1,0.0,1.2,17.889,4.161,0.0,True,learned_prefer
read field phased application,send procedure confirmation,0,1,0.0,1.2,17.889,4.161,0.0,True,learned_prefer
read field phased application,enter senddate retrieve missing data,0,1,0.0,1.2,17.889,4.161,0.0,True,learned_prefer
read field phased application,enter senddate draft decision,0,1,0.0,1.2,17.889,4.161,0.0,True,learned_prefer
read field phased application,create draft environtmental permit,0,1,0.0,1.2,17.889,4.161,0.0,True,learned_prefer
read field phased application,assessment of content completed,0,1,0.0,1.2,17.889,4.161,0.0,True,learned_prefer
read field phased application,phase concept draft decision ready,0,1,0.0,1.2,17.889,4.161,0.0,True,learned_prefer
read field phased application,read publication date field,0,1,0.0,1.2,17.889,4.161,0.0,True,learned_prefer
read field phased application,start phased application,0,1,0.0,1.2,17.889,4.161,0.0,True,learned_prefer
read field phased application,received OLO documents,0,1,0.0,1.2,17.889,4.161,0.0,True,learned_prefer
read field phased application,treat subcases content,0,1,0.0,1.2,17.889,4.161,0.0,True,learned_prefer
read field phased application,treat subcases completeness,0,1,0.0,1.2,17.889,4.161,0.0,True,learned_prefer
read field phased application,term for supplying missing data,0,1,0.0,1.2,17.889,4.161,0.0,True,learned_prefer
regular procedure without MER,read field phased application,0,2,0.0,1.5,17.667,4.143,0.0,True,learned_prefer
regular procedure without MER,start WABOprocedure,0,2,0.0,1.5,17.667,4.143,0.0,True,learned_prefer
regular procedure without MER,register date decision terminate on request,0,2,0.0,1.5,17.667,4.143,0.0,True,learned_prefer
regular procedure without MER,treat subcases completeness,0,2,0.0,1.5,17.667,4.143,0.0,True,learned_prefer
regular procedure without MER,suspend term,0,2,0.0,1.5,17.667,4.143,0.0,True,learned_prefer
regular procedure without MER,registration date publication,0,2,0.0,1.5,17.667,4.143,0.0,True,learned_prefer
regular procedure without MER,no permit needed or only notification needed,0,2,0.0,1.5,17.667,4.143,0.0,True,learned_prefer
regular procedure without MER,OLO messaging active,0,2,0.0,1.5,17.667,4.143,0.0,True,learned_prefer
regular procedure without MER,decision date prior to decision,0,2,0.0,1.5,17.667,4.143,0.0,True,learned_prefer
regular procedure without MER,no permit required for application,0,2,0.0,1.5,17.667,4.143,0.0,True,learned_prefer
regular procedure without MER,activities regular procedure,0,2,0.0,1.5,17.667,4.143,0.0,True,learned_prefer
regular procedure without MER,enter senddate procedure confirmation,0,2,0.0,1.5,17.667,4.143,0.0,True,learned_prefer
regular procedure without MER,initiative competent authority,0,2,0.0,1.5,17.667,4.143,0.0,True,learned_prefer
forward to the competent authority,calculate final charges,0,2,0.0,1.5,17.533,4.132,0.0,True,learned_prefer
forward to the competent authority,assessment of content completed,0,2,0.0,1.5,17.533,4.132,0.0,True,learned_prefer
forward to the competent authority,phase decision sent,0,2,0.0,1.5,17.533,4.132,0.0,True,learned_prefer
forward to the competent authority,registrer date of publishing received request,0,2,0.0,1.5,17.533,4.132,0.0,True,learned_prefer
forward to the competent authority,retrieve missing data,0,2,0.0,1.5,17.533,4.132,0.0,True,learned_prefer
forward to the competent authority,set decision phase suspension sent,0,2,0.0,1.5,17.533,4.132,0.0,True,learned_prefer
forward to the competent authority,treat subcases completeness,0,2,0.0,1.5,17.533,4.132,0.0,True,learned_prefer
forward to the competent authority,treat subcases content,0,2,0.0,1.5,17.533,4.132,0.0,True,learned_prefer
forward to the competent authority,phase asked additional information,0,2,0.0,1.5,17.533,4.132,0.0,True,learned_prefer
forward to the competent authority,no permit needed or only notification needed,0,2,0.0,1.5,17.533,4.132,0.0,True,learned_prefer
forward to the competent authority,enter date decision procedure term extension,0,2,0.0,1.5,17.533,4.132,0.0,True,learned_prefer
forward to the competent authority,creating environmental permit decision,0,2,0.0,1.5,17.533,4.132,0.0,True,learned_prefer
enter date termination request received,enter senddate request termination,0,1,0.0,1.3,17.444,4.125,0.0,True,learned_prefer
enter date termination request received,register deadline,0,1,0.0,1.3,17.444,4.125,0.0,True,learned_prefer
enter date termination request received,regular procedure without MER,0,1,0.0,1.3,17.444,4.125,0.0,True,learned_prefer
submit draft decision,assessment of content completed,15,4,100.0,5.1,17.444,4.125,-0.076,True,learned_prefer
enter date termination request received,enter senddate confirmation request,0,1,0.0,1.3,17.444,4.125,0.0,True,learned_prefer
enter date termination request received,enter senddate procedure confirmation,0,1,0.0,1.3,17.444,4.125,0.0,True,learned_prefer
enter senddate updated plan,enter senddate decision procedure term extension,2,2,100.0,4.7,17.4,4.121,-0.013,True,learned_prefer
enter senddate decision environmental permit,create monitoring case,0,3,0.0,1.6,17.381,4.119,0.0,True,learned_prefer
enter senddate decision environmental permit,enter senddate acknowledgement,0,3,0.0,1.6,17.381,4.119,0.0,True,learned_prefer
enter senddate decision environmental permit,generate publication document decision environmental permit,0,3,0.0,1.6,17.381,4.119,0.0,True,learned_prefer
enter senddate decision environmental permit,set decision status,0,3,0.0,1.6,17.381,4.119,0.0,True,learned_prefer
enter senddate decision environmental permit,subcases completeness completed,0,3,0.0,1.6,17.381,4.119,0.0,True,learned_prefer
enter senddate decision environmental permit,creating environmental permit decision,0,3,0.0,1.6,17.381,4.119,0.0,True,learned_prefer
enter senddate decision environmental permit,enter senddate procedure term extension,0,3,0.0,1.6,17.381,4.119,0.0,True,learned_prefer
enter senddate decision environmental permit,objection lodged against decision,0,3,0.0,1.6,17.381,4.119,0.0,True,learned_prefer
enter senddate decision environmental permit,enter date publication decision environmental permit,0,3,0.0,1.6,17.381,4.119,0.0,True,learned_prefer
enter senddate decision environmental permit,register objection and appeal periods,0,3,0.0,1.6,17.381,4.119,0.0,True,learned_prefer
WAW permit aspect,multiple components selected,0,1,0.0,1.3,17.222,4.106,0.0,True,learned_prefer
WAW permit aspect,enter senddate party permitted,0,1,0.0,1.3,17.222,4.106,0.0,True,learned_prefer
WAW permit aspect,enter senddate procedure confirmation,0,1,0.0,1.3,17.222,4.106,0.0,True,learned_prefer
WAW permit aspect,receive additional information,0,1,0.0,1.3,17.222,4.106,0.0,True,learned_prefer
WAW permit aspect,copy decision to extend procedure to stakeholders,0,1,0.0,1.3,17.222,4.106,0.0,True,learned_prefer
WAW permit aspect,decision terminate on request,0,1,0.0,1.3,17.222,4.106,0.0,True,learned_prefer
WAW permit aspect,no permit needed or only notification needed,0,1,0.0,1.3,17.222,4.106,0.0,True,learned_prefer
WAW permit aspect,enter senddate retrieve missing data,0,1,0.0,1.3,17.222,4.106,0.0,True,learned_prefer
WAW permit aspect,article 34  WABO applies,0,1,0.0,1.3,17.222,4.106,0.0,True,learned_prefer
WAW permit aspect,enter date termination request received,0,1,0.0,1.3,17.222,4.106,0.0,True,learned_prefer
WAW permit aspect,registrer date of publishing received request,0,1,0.0,1.3,17.222,4.106,0.0,True,learned_prefer
WAW permit aspect,completed subcases content,0,1,0.0,1.3,17.222,4.106,0.0,True,learned_prefer
WAW permit aspect,procedure change,0,1,0.0,1.3,17.222,4.106,0.0,True,learned_prefer
WAW permit aspect,enter senddate decision procedure term extension,0,1,0.0,1.3,17.222,4.106,0.0,True,learned_prefer
WAW permit aspect,create subcases completeness,0,1,0.0,1.3,17.222,4.106,0.0,True,learned_prefer
WAW permit aspect,continuation term to decision,0,1,0.0,1.3,17.222,4.106,0.0,True,learned_prefer
generating decision no permit required,phase application receptive,21,1,100.0,4.0,17.0,4.087,-0.013,True,learned_prefer
message change status,set phase decision revoked,39,2,100.0,4.9,16.6,4.053,-0.136,True,learned_prefer
activities regular procedure,phase application received,0,1,0.0,1.4,16.556,4.049,0.0,True,learned_prefer
activities regular procedure,registrer date of publishing received request,0,1,0.0,1.4,16.556,4.049,0.0,True,learned_prefer
activities regular procedure,phase advice known,0,1,0.0,1.4,16.556,4.049,0.0,True,learned_prefer
activities regular procedure,enter senddate draft decision,0,1,0.0,1.4,16.556,4.049,0.0,True,learned_prefer
activities regular procedure,terminate on request,0,1,0.0,1.4,16.556,4.049,0.0,True,learned_prefer
activities regular procedure,first phase affected,0,1,0.0,1.4,16.556,4.049,0.0,True,learned_prefer
activities regular procedure,detailed procedure applies,0,1,0.0,1.4,16.556,4.049,0.0,True,learned_prefer
activities regular procedure,enter senddate decision environmental permit,0,1,0.0,1.4,16.556,4.049,0.0,True,learned_prefer
activities regular procedure,completed subcases content,0,1,0.0,1.4,16.556,4.049,0.0,True,learned_prefer
activities regular procedure,regular procedure applies,0,1,0.0,1.4,16.556,4.049,0.0,True,learned_prefer
activities regular procedure,decision procedure term extension,0,1,0.0,1.4,16.556,4.049,0.0,True,learned_prefer
treat subcases content,generate draft decision environmental permit,0,4,0.0,1.8,16.259,4.023,0.0,True,learned_prefer
treat subcases content,ask stakeholders views,0,4,0.0,1.8,16.259,4.023,0.0,True,learned_prefer
treat subcases content,phase updated plan received,0,4,0.0,1.8,16.259,4.023,0.0,True,learned_prefer
treat subcases content,register objection and appeal periods,0,4,0.0,1.8,16.259,4.023,0.0,True,learned_prefer
treat subcases content,procedure change,0,4,0.0,1.8,16.259,4.023,0.0,True,learned_prefer
treat subcases content,extend procedure term,0,4,0.0,1.8,16.259,4.023,0.0,True,learned_prefer
treat subcases content,send confirmation receipt,0,4,0.0,1.8,16.259,4.023,0.0,True,learned_prefer
treat subcases content,start WABOprocedure,0,4,0.0,1.8,16.259,4.023,0.0,True,learned_prefer
enter senddate procedure confirmation,set decision phase decision no permit required sent,0,1,0.0,0.6,16.238,4.021,0.0,True,learned_prefer
enter senddate procedure confirmation,subcases completeness completed,0,1,0.0,0.6,16.238,4.021,0.0,True,learned_prefer
enter senddate procedure confirmation,registration receipt further information,0,1,0.0,0.6,16.238,4.021,0.0,True,learned_prefer
enter senddate procedure confirmation,send procedure confirmation,0,1,0.0,0.6,16.238,4.021,0.0,True,learned_prefer
enter senddate procedure confirmation,start decisionphase draft decision - permitting decided,0,1,0.0,0.6,16.238,4.021,0.0,True,learned_prefer
enter senddate procedure confirmation,completed subcases content,0,1,0.0,0.6,16.238,4.021,0.0,True,learned_prefer
enter senddate procedure confirmation,submit decision,0,1,0.0,0.6,16.238,4.021,0.0,True,learned_prefer
enter senddate procedure confirmation,objection to extension procedure term receptive,0,1,0.0,0.6,16.238,4.021,0.0,True,learned_prefer
enter senddate procedure confirmation,investigate BAG objects,0,1,0.0,0.6,16.238,4.021,0.0,True,learned_prefer
enter senddate procedure confirmation,inform BAG administrator,0,1,0.0,0.6,16.238,4.021,0.0,True,learned_prefer
enter senddate procedure confirmation,record date of decision environmental permit,0,1,0.0,0.6,16.238,4.021,0.0,True,learned_prefer
enter senddate procedure confirmation,forward to the competent authority,0,1,0.0,0.6,16.238,4.021,0.0,True,learned_prefer
enter senddate procedure confirmation,first phase affected,0,1,0.0,0.6,16.238,4.021,0.0,True,learned_prefer
enter senddate procedure confirmation,entering senddate draft decision environmental permit,0,1,0.0,0.6,16.238,4.021,0.0,True,learned_prefer
enter senddate procedure confirmation,regular procedure applies,0,1,0.0,0.6,16.238,4.021,0.0,True,learned_prefer
enter senddate procedure confirmation,enter senddate suspension by competent authority,0,1,0.0,0.6,16.238,4.021,0.0,True,learned_prefer
enter senddate procedure confirmation,registrer date of publishing received request,0,1,0.0,0.6,16.238,4.021,0.0,True,learned_prefer
enter senddate procedure confirmation,enter senddate decision,0,1,0.0,0.6,16.238,4.021,0.0,True,learned_prefer
enter senddate procedure confirmation,enter senddate decision permanent suspension,0,1,0.0,0.6,16.238,4.021,0.0,True,learned_prefer
enter senddate procedure confirmation,enter senddate decision procedure term extension,0,1,0.0,0.6,16.238,4.021,0.0,True,learned_prefer
enter senddate procedure confirmation,enter senddate decision suspension,0,1,0.0,0.6,16.238,4.021,0.0,True,learned_prefer
enter senddate procedure confirmation,enter objectionterm,0,1,0.0,0.6,16.238,4.021,0.0,True,learned_prefer
enter senddate procedure confirmation,terminate on request,0,1,0.0,0.6,16.238,4.021,0.0,True,learned_prefer
enter senddate procedure confirmation,register date environmental permit decision,0,1,0.0,0.6,16.238,4.021,0.0,True,learned_prefer
enter senddate procedure confirmation,enter date draft decisionenvironmental permit,0,1,0.0,0.6,16.238,4.021,0.0,True,learned_prefer
enter senddate procedure confirmation,enter senddate procedure confirmation,0,1,0.0,0.6,16.238,4.021,0.0,True,learned_prefer
enter senddate procedure confirmation,activities regular procedure,0,1,0.0,0.6,16.238,4.021,0.0,True,learned_prefer
enter senddate procedure confirmation,detailed procedure applies,0,1,0.0,0.6,16.238,4.021,0.0,True,learned_prefer
enter senddate procedure confirmation,MER present in supplement,0,1,0.0,0.6,16.238,4.021,0.0,True,learned_prefer
enter senddate procedure confirmation,enter date advice on treatment of environmental permit,0,1,0.0,0.6,16.238,4.021,0.0,True,learned_prefer
enter senddate procedure confirmation,publish,0,1,0.0,0.6,16.238,4.021,0.0,True,learned_prefer
enter senddate procedure confirmation,create subcases content,0,1,0.0,0.6,16.238,4.021,0.0,True,learned_prefer
enter senddate procedure confirmation,WAW permit aspect,0,1,0.0,0.6,16.238,4.021,0.0,True,learned_prefer
enter senddate procedure confirmation,enter senddate letter no permit or only notification required,0,1,0.0,0.6,16.238,4.021,0.0,True,learned_prefer
register number of days extension period,start decision phase extension granted,0,1,0.0,1.4,16.111,4.01,0.0,True,learned_prefer
registrer date of publishing received request,decision permanently suspended,0,1,0.0,0.8,15.933,3.994,0.0,True,learned_prefer
registrer date of publishing received request,date draft decision for inspection,0,1,0.0,0.8,15.933,3.994,0.0,True,learned_prefer
applicant is stakeholder,WAW permit aspect,0,2,0.0,1.7,15.933,3.994,0.0,True,learned_prefer
applicant is stakeholder,grounds for refusal,0,2,0.0,1.7,15.933,3.994,0.0,True,learned_prefer
applicant is stakeholder,forward to the competent authority,0,2,0.0,1.7,15.933,3.994,0.0,True,learned_prefer
registrer date of publishing received request,enter date decision permanent suspension,0,1,0.0,0.8,15.933,3.994,0.0,True,learned_prefer
registrer date of publishing received request,enter date draft decisionenvironmental permit,0,1,0.0,0.8,15.933,3.994,0.0,True,learned_prefer
registrer date of publishing received request,forward to the competent authority,0,1,0.0,0.8,15.933,3.994,0.0,True,learned_prefer
registrer date of publishing received request,generate publication document decision environmental permit,0,1,0.0,0.8,15.933,3.994,0.0,True,learned_prefer
applicant is stakeholder,treat subcases completeness,0,2,0.0,1.7,15.933,3.994,0.0,True,learned_prefer
registrer date of publishing received request,record date of decision no permit required,0,1,0.0,0.8,15.933,3.994,0.0,True,learned_prefer
applicant is stakeholder,create publication document,0,2,0.0,1.7,15.933,3.994,0.0,True,learned_prefer
registrer date of publishing received request,enter senddate party permitted,0,1,0.0,0.8,15.933,3.994,0.0,True,learned_prefer
applicant is stakeholder,OLO messaging active,0,2,0.0,1.7,15.933,3.994,0.0,True,learned_prefer
applicant is stakeholder,enter receipt of additional data,0,2,0.0,1.7,15.933,3.994,0.0,True,learned_prefer
applicant is stakeholder,temporary permit,0,2,0.0,1.7,15.933,3.994,0.0,True,learned_prefer
applicant is stakeholder,phase advice known,0,2,0.0,1.7,15.933,3.994,0.0,True,learned_prefer
applicant is stakeholder,register date environmental permit decision,0,2,0.0,1.7,15.933,3.994,0.0,True,learned_prefer
applicant is stakeholder,receive additional information,0,2,0.0,1.7,15.933,3.994,0.0,True,learned_prefer
registrer date of publishing received request,send confirmation receipt,0,1,0.0,0.8,15.933,3.994,0.0,True,learned_prefer
registrer date of publishing received request,register receipt updated plan,0,1,0.0,0.8,15.933,3.994,0.0,True,learned_prefer
registrer date of publishing received request,send procedure confirmation,0,1,0.0,0.8,15.933,3.994,0.0,True,learned_prefer
registrer date of publishing received request,send suspension by competent authority,0,1,0.0,0.8,15.933,3.994,0.0,True,learned_prefer
registrer date of publishing received request,treat subcases completeness,0,1,0.0,0.8,15.933,3.994,0.0,True,learned_prefer
applicant is stakeholder,terminate on request,0,2,0.0,1.7,15.933,3.994,0.0,True,learned_prefer
applicant is stakeholder,regular procedure applies,0,2,0.0,1.7,15.933,3.994,0.0,True,learned_prefer
registrer date of publishing received request,publish,0,1,0.0,0.8,15.933,3.994,0.0,True,learned_prefer
registrer date of publishing received request,request complete,0,1,0.0,0.8,15.933,3.994,0.0,True,learned_prefer
registrer date of publishing received request,enter senddate updated plan,0,1,0.0,0.8,15.933,3.994,0.0,True,learned_prefer
registrer date of publishing received request,enter senddate suspension by competent authority,0,1,0.0,0.8,15.933,3.994,0.0,True,learned_prefer
registrer date of publishing received request,objection lodged against decision,0,1,0.0,0.8,15.933,3.994,0.0,True,learned_prefer
registrer date of publishing received request,assessment of content completed,0,1,0.0,0.8,15.933,3.994,0.0,True,learned_prefer
registrer date of publishing received request,completed subcases content,0,1,0.0,0.8,15.933,3.994,0.0,True,learned_prefer
registrer date of publishing received request,applicant is stakeholder,0,1,0.0,0.8,15.933,3.994,0.0,True,learned_prefer
registrer date of publishing received request,register submission date request,0,1,0.0,0.8,15.933,3.994,0.0,True,learned_prefer
set decision phase: draft decision permitted sent,phase decision sent,16,1,51.6,2.2,15.889,3.99,-0.199,True,learned_prefer
create publication document,enter senddate retrieve missing data,0,1,0.0,0.6,15.667,3.97,0.0,True,learned_prefer
create publication document,investigate BAG objects,0,1,0.0,0.6,15.667,3.97,0.0,True,learned_prefer
create publication document,phase decision taken,0,1,0.0,0.6,15.667,3.97,0.0,True,learned_prefer
create publication document,enter senddate decision environmental permit,0,1,0.0,0.6,15.667,3.97,0.0,True,learned_prefer
create publication document,enter date publication decision environmental permit,0,1,0.0,0.6,15.667,3.97,0.0,True,learned_prefer
create publication document,enrich draft decision,0,1,0.0,0.6,15.667,3.97,0.0,True,learned_prefer
create publication document,start decision phase extension granted,0,1,0.0,0.6,15.667,3.97,0.0,True,learned_prefer
create publication document,phase decision ready,0,1,0.0,0.6,15.667,3.97,0.0,True,learned_prefer
create publication document,date decision for inspection,0,1,0.0,0.6,15.667,3.97,0.0,True,learned_prefer
create publication document,start phased application,0,1,0.0,0.6,15.667,3.97,0.0,True,learned_prefer
create publication document,treat subcases content,0,1,0.0,0.6,15.667,3.97,0.0,True,learned_prefer
create publication document,subcases completeness completed,0,1,0.0,0.6,15.667,3.97,0.0,True,learned_prefer
create publication document,transcript decision environmental permit to stakeholders,0,1,0.0,0.6,15.667,3.97,0.0,True,learned_prefer
create publication document,create cover letter draft decision,0,1,0.0,0.6,15.667,3.97,0.0,True,learned_prefer
create publication document,set decision phase: suspension cancelled,0,1,0.0,0.6,15.667,3.97,0.0,True,learned_prefer
create publication document,start WABOprocedure,0,1,0.0,0.6,15.667,3.97,0.0,True,learned_prefer
create publication document,start decision phase decision permitting sent,0,1,0.0,0.6,15.667,3.97,0.0,True,learned_prefer
create publication document,set decision phase inspection of decision permitting,0,1,0.0,0.6,15.667,3.97,0.0,True,learned_prefer
create publication document,publish,0,1,0.0,0.6,15.667,3.97,0.0,True,learned_prefer
create publication document,receive additional information,0,1,0.0,0.6,15.667,3.97,0.0,True,learned_prefer
create publication document,phase advice known,0,1,0.0,0.6,15.667,3.97,0.0,True,learned_prefer
create publication document,set decision status,0,1,0.0,0.6,15.667,3.97,0.0,True,learned_prefer
create publication document,procedure change,0,1,0.0,0.6,15.667,3.97,0.0,True,learned_prefer
create publication document,send design decision to stakeholders,0,1,0.0,0.6,15.667,3.97,0.0,True,learned_prefer
create publication document,completed subcases content,0,1,0.0,0.6,15.667,3.97,0.0,True,learned_prefer
create publication document,send confirmation receipt,0,1,0.0,0.6,15.667,3.97,0.0,True,learned_prefer
create publication document,received OLO documents,0,1,0.0,0.6,15.667,3.97,0.0,True,learned_prefer
create publication document,record date of decision environmental permit,0,1,0.0,0.6,15.667,3.97,0.0,True,learned_prefer
create publication document,register deadline,0,1,0.0,0.6,15.667,3.97,0.0,True,learned_prefer
create publication document,register number of days extension period,0,1,0.0,0.6,15.667,3.97,0.0,True,learned_prefer
create publication document,no permit needed or only notification needed,0,1,0.0,0.6,15.667,3.97,0.0,True,learned_prefer
phase decision taken,start decisionphase draft decision - permitting decided,0,2,0.0,1.7,15.533,3.957,0.0,True,learned_prefer
phase decision taken,set decision phase inspection of decision permitting,0,2,0.0,1.7,15.533,3.957,0.0,True,learned_prefer
phase decision taken,phase application received,0,2,0.0,1.7,15.533,3.957,0.0,True,learned_prefer
phase decision taken,register objection and appeal periods,0,2,0.0,1.7,15.533,3.957,0.0,True,learned_prefer
phase decision taken,enter publication date draft decision,0,2,0.0,1.7,15.533,3.957,0.0,True,learned_prefer
phase decision taken,date decision for inspection,0,2,0.0,1.7,15.533,3.957,0.0,True,learned_prefer
phase decision taken,stop all running subcases 2b,0,2,0.0,1.7,15.533,3.957,0.0,True,learned_prefer
phase decision taken,enter senddate procedure confirmation,0,2,0.0,1.7,15.533,3.957,0.0,True,learned_prefer
phase decision taken,phase additional information received,0,2,0.0,1.7,15.533,3.957,0.0,True,learned_prefer
phase decision taken,transcript decision environmental permit to stakeholders,0,2,0.0,1.7,15.533,3.957,0.0,True,learned_prefer
phase decision taken,treat subcases reassessment plan,0,2,0.0,1.7,15.533,3.957,0.0,True,learned_prefer
phase decision taken,message change status,0,2,0.0,1.7,15.533,3.957,0.0,True,learned_prefer
phase decision taken,generate publication document decision environmental permit,0,2,0.0,1.7,15.533,3.957,0.0,True,learned_prefer
phase decision taken,send message OLO status decision,0,2,0.0,1.7,15.533,3.957,0.0,True,learned_prefer
phase decision taken,assessment of content completed,0,2,0.0,1.7,15.533,3.957,0.0,True,learned_prefer
phase decision taken,register date environmental permit decision,0,2,0.0,1.7,15.533,3.957,0.0,True,learned_prefer
phase decision taken,phase decision taken,0,2,0.0,1.7,15.533,3.957,0.0,True,learned_prefer
phase decision taken,phase updated plan received,0,2,0.0,1.7,15.533,3.957,0.0,True,learned_prefer
phase decision taken,phase draft decision ready,0,2,0.0,1.7,15.533,3.957,0.0,True,learned_prefer
phase decision taken,phase decision sent,0,2,0.0,1.7,15.533,3.957,0.0,True,learned_prefer
phase decision taken,phase draft decision sent,0,2,0.0,1.7,15.533,3.957,0.0,True,learned_prefer
phase decision taken,continue or abort mutation BAG objects,0,2,0.0,1.7,15.533,3.957,0.0,True,learned_prefer
date draft decision for inspection,perspective from GS or VROM received,0,1,0.0,1.4,15.444,3.949,0.0,True,learned_prefer
date draft decision for inspection,create cover letter draft decision,0,1,0.0,1.4,15.444,3.949,0.0,True,learned_prefer
date draft decision for inspection,activities regular procedure,0,1,0.0,1.4,15.444,3.949,0.0,True,learned_prefer
date draft decision for inspection,suspend term,0,1,0.0,1.4,15.444,3.949,0.0,True,learned_prefer
date draft decision for inspection,enter date decision procedure term extension,0,1,0.0,1.4,15.444,3.949,0.0,True,learned_prefer
date draft decision for inspection,MER present,0,1,0.0,1.4,15.444,3.949,0.0,True,learned_prefer
date draft decision for inspection,enter date publication decision environmental permit,0,1,0.0,1.4,15.444,3.949,0.0,True,learned_prefer
date draft decision for inspection,phase application received,0,1,0.0,1.4,15.444,3.949,0.0,True,learned_prefer
date draft decision for inspection,submit decision,0,1,0.0,1.4,15.444,3.949,0.0,True,learned_prefer
date draft decision for inspection,date draft decision for inspection,0,1,0.0,1.4,15.444,3.949,0.0,True,learned_prefer
date draft decision for inspection,enrich draft decision,0,1,0.0,1.4,15.444,3.949,0.0,True,learned_prefer
date draft decision for inspection,record date of decision environmental permit,0,1,0.0,1.4,15.444,3.949,0.0,True,learned_prefer
date draft decision for inspection,enter senddate procedure confirmation,0,1,0.0,1.4,15.444,3.949,0.0,True,learned_prefer
date draft decision for inspection,register objection and appeal periods,0,1,0.0,1.4,15.444,3.949,0.0,True,learned_prefer
date draft decision for inspection,receive additional information,0,1,0.0,1.4,15.444,3.949,0.0,True,learned_prefer
date draft decision for inspection,received OLO documents,0,1,0.0,1.4,15.444,3.949,0.0,True,learned_prefer
date draft decision for inspection,set decision phase: draft decision permitted sent,0,1,0.0,1.4,15.444,3.949,0.0,True,learned_prefer
date draft decision for inspection,completed subcases content,0,1,0.0,1.4,15.444,3.949,0.0,True,learned_prefer
date draft decision for inspection,VVGB positive,0,1,0.0,1.4,15.444,3.949,0.0,True,learned_prefer
date draft decision for inspection,creating cover letter decision,0,1,0.0,1.4,15.444,3.949,0.0,True,learned_prefer
date draft decision for inspection,enter date advice on treatment of environmental permit,0,1,0.0,1.4,15.444,3.949,0.0,True,learned_prefer
date draft decision for inspection,generating decision environmental permit,0,1,0.0,1.4,15.444,3.949,0.0,True,learned_prefer
date draft decision for inspection,grounds for refusal,0,1,0.0,1.4,15.444,3.949,0.0,True,learned_prefer
date draft decision for inspection,generate draft decision environmental permit,0,1,0.0,1.4,15.444,3.949,0.0,True,learned_prefer
registration date publication,enter date publication decision environmental permit,0,3,0.0,1.9,15.381,3.943,0.0,True,learned_prefer
registration date publication,start decision phase permanent suspension sent,0,3,0.0,1.9,15.381,3.943,0.0,True,learned_prefer
registration date publication,phase decision taken,0,3,0.0,1.9,15.381,3.943,0.0,True,learned_prefer
registration date publication,forward to the competent authority,0,3,0.0,1.9,15.381,3.943,0.0,True,learned_prefer
registration date publication,register receipt updated plan,0,3,0.0,1.9,15.381,3.943,0.0,True,learned_prefer
registration date publication,read field phased application,0,3,0.0,1.9,15.381,3.943,0.0,True,learned_prefer
registration date publication,phase procedure prematurely terminated,0,3,0.0,1.9,15.381,3.943,0.0,True,learned_prefer
registration date publication,close case,0,3,0.0,1.9,15.381,3.943,0.0,True,learned_prefer
registration date publication,create publication document,0,3,0.0,1.9,15.381,3.943,0.0,True,learned_prefer
registration date publication,enter senddate decision permanent suspension,0,3,0.0,1.9,15.381,3.943,0.0,True,learned_prefer
registration date publication,enter senddate procedure confirmation,0,3,0.0,1.9,15.381,3.943,0.0,True,learned_prefer
perspective on draft decision environmental permit received,perspective from GS or VROM received,42,3,100.0,5.7,15.286,3.934,-0.186,True,learned_prefer
term for supplying missing data,create letter requesting missing data,0,1,0.0,1.5,15.222,3.928,0.0,True,learned_prefer
enter date decision procedure term extension,receive additional information,0,1,0.0,1.5,15.222,3.928,0.0,True,learned_prefer
enter date decision procedure term extension,submit decision,0,1,0.0,1.5,15.222,3.928,0.0,True,learned_prefer
term for supplying missing data,assessment of content completed,0,1,0.0,1.5,15.222,3.928,0.0,True,learned_prefer
term for supplying missing data,registration date publication,0,1,0.0,1.5,15.222,3.928,0.0,True,learned_prefer
enter date decision procedure term extension,start WABOprocedure,0,1,0.0,1.5,15.222,3.928,0.0,True,learned_prefer
term for supplying missing data,start WABOprocedure,0,1,0.0,1.5,15.222,3.928,0.0,True,learned_prefer
term for supplying missing data,start decision phase permanently suspended decided,0,1,0.0,1.5,15.222,3.928,0.0,True,learned_prefer
enter date decision procedure term extension,create cover letter extend procedure term,0,1,0.0,1.5,15.222,3.928,0.0,True,learned_prefer
term for supplying missing data,applicant is stakeholder,0,1,0.0,1.5,15.222,3.928,0.0,True,learned_prefer
term for supplying missing data,enter senddate decision environmental permit,0,1,0.0,1.5,15.222,3.928,0.0,True,learned_prefer
enter date decision procedure term extension,send confirmation receipt,0,1,0.0,1.5,15.222,3.928,0.0,True,learned_prefer
enter date decision procedure term extension,entering senddate draft decision environmental permit,0,1,0.0,1.5,15.222,3.928,0.0,True,learned_prefer
enter date decision procedure term extension,enter senddate retrieve missing data,0,1,0.0,1.5,15.222,3.928,0.0,True,learned_prefer
term for supplying missing data,request complete,0,1,0.0,1.5,15.222,3.928,0.0,True,learned_prefer
enter date decision procedure term extension,enter senddate procedure term extension,0,1,0.0,1.5,15.222,3.928,0.0,True,learned_prefer
enter date decision procedure term extension,register date environmental permit decision,0,1,0.0,1.5,15.222,3.928,0.0,True,learned_prefer
enter date decision procedure term extension,decision procedure term extension,0,1,0.0,1.5,15.222,3.928,0.0,True,learned_prefer
enter date decision procedure term extension,copy decision to extend procedure to stakeholders,0,1,0.0,1.5,15.222,3.928,0.0,True,learned_prefer
term for supplying missing data,set decision phase suspension sent,0,1,0.0,1.5,15.222,3.928,0.0,True,learned_prefer
enter date decision procedure term extension,create decision procedure term extension,0,1,0.0,1.5,15.222,3.928,0.0,True,learned_prefer
term for supplying missing data,send procedure confirmation,0,1,0.0,1.5,15.222,3.928,0.0,True,learned_prefer
treat subcases completeness,phase advice known,25,7,59.5,3.7,15.16,3.922,-0.017,True,learned_prefer
enter senddate draft decision,set decision phase: draft decision for inspection,0,2,0.0,1.8,15.133,3.92,0.0,True,learned_prefer
enter senddate draft decision,subcase perspective complete,0,2,0.0,1.8,15.133,3.92,0.0,True,learned_prefer
enter senddate draft decision,treat subcases content,0,2,0.0,1.8,15.133,3.92,0.0,True,learned_prefer
enter senddate draft decision,enter date draft decisionenvironmental permit,0,2,0.0,1.8,15.133,3.92,0.0,True,learned_prefer
enter senddate draft decision,received OLO documents,0,2,0.0,1.8,15.133,3.92,0.0,True,learned_prefer
enter senddate draft decision,record date of decision environmental permit,0,2,0.0,1.8,15.133,3.92,0.0,True,learned_prefer
enter senddate draft decision,phase decision ready,0,2,0.0,1.8,15.133,3.92,0.0,True,learned_prefer
enter senddate draft decision,perspective on draft decision environmental permit received,0,2,0.0,1.8,15.133,3.92,0.0,True,learned_prefer
enter senddate draft decision,read field phased application,0,2,0.0,1.8,15.133,3.92,0.0,True,learned_prefer
enter senddate draft decision,procedure change,0,2,0.0,1.8,15.133,3.92,0.0,True,learned_prefer
enter senddate draft decision,phase updated plan requested,0,2,0.0,1.8,15.133,3.92,0.0,True,learned_prefer
enter senddate draft decision,phase draft decision made,0,2,0.0,1.8,15.133,3.92,0.0,True,learned_prefer
enter senddate draft decision,send design decision to stakeholders,0,2,0.0,1.8,15.133,3.92,0.0,True,learned_prefer
enter senddate draft decision,register deadline,0,2,0.0,1.8,15.133,3.92,0.0,True,learned_prefer
enter senddate draft decision,set decision phase decision permitting decided,0,2,0.0,1.8,15.133,3.92,0.0,True,learned_prefer
enter senddate draft decision,phase draft decision ready,0,2,0.0,1.8,15.133,3.92,0.0,True,learned_prefer
enter senddate draft decision,phase decision taken,0,2,0.0,1.8,15.133,3.92,0.0,True,learned_prefer
MER present in supplement,terminate on request,1,3,100.0,5.8,15.0,3.907,-0.214,True,learned_prefer
start decision phase extension granted,term for supplying missing data,0,1,0.0,1.5,15.0,3.907,0.0,True,learned_prefer
start decision phase extension granted,start WABOprocedure,0,1,0.0,1.5,15.0,3.907,0.0,True,learned_prefer
start decision phase extension granted,treat subcases content,0,1,0.0,1.5,15.0,3.907,0.0,True,learned_prefer
start decision phase extension granted,updated plan received,0,1,0.0,1.5,15.0,3.907,0.0,True,learned_prefer
start decision phase extension granted,set decision status,0,1,0.0,1.5,15.0,3.907,0.0,True,learned_prefer
start decision phase extension granted,enter senddate decision procedure term extension,0,1,0.0,1.5,15.0,3.907,0.0,True,learned_prefer
start decision phase extension granted,enter senddate updated plan,0,1,0.0,1.5,15.0,3.907,0.0,True,learned_prefer
start decision phase extension granted,phase asked additional information,0,1,0.0,1.5,15.0,3.907,0.0,True,learned_prefer
start decision phase extension granted,registration date publication,0,1,0.0,1.5,15.0,3.907,0.0,True,learned_prefer
start decision phase extension granted,register number of days extension period,0,1,0.0,1.5,15.0,3.907,0.0,True,learned_prefer
start decision phase extension granted,enter date decision procedure term extension,0,1,0.0,1.5,15.0,3.907,0.0,True,learned_prefer
set decision phase: draft decision permitted sent,submit draft decision,15,1,48.4,2.2,14.926,3.9,-0.079,True,learned_prefer
phase advice known,continue or abort mutation BAG objects,2,1,8.0,0.4,14.673,3.875,-0.013,True,learned_prefer
phase case handled,set decision phase decision permitting decided,58,4,82.9,5.1,14.475,3.856,-0.021,True,learned_prefer
OLO messaging active,phase application received,12,7,100.0,6.5,14.467,3.855,-0.013,True,learned_prefer
suspend term,treat subcases content,0,2,0.0,1.9,14.333,3.841,0.0,True,learned_prefer
suspend term,treat subcase perspective,0,2,0.0,1.9,14.333,3.841,0.0,True,learned_prefer
suspend term,request complete,0,2,0.0,1.9,14.333,3.841,0.0,True,learned_prefer
suspend term,inform BAG administrator,0,2,0.0,1.9,14.333,3.841,0.0,True,learned_prefer
suspend term,request further information,0,2,0.0,1.9,14.333,3.841,0.0,True,learned_prefer
suspend term,enter date termination request received,0,2,0.0,1.9,14.333,3.841,0.0,True,learned_prefer
suspend term,send confirmation receipt,0,2,0.0,1.9,14.333,3.841,0.0,True,learned_prefer
suspend term,enter receipt of additional data,0,2,0.0,1.9,14.333,3.841,0.0,True,learned_prefer
suspend term,activities regular procedure,0,2,0.0,1.9,14.333,3.841,0.0,True,learned_prefer
suspend term,extend procedure term,0,2,0.0,1.9,14.333,3.841,0.0,True,learned_prefer
suspend term,enter senddate procedure confirmation,0,2,0.0,1.9,14.333,3.841,0.0,True,learned_prefer
suspend term,by law,0,2,0.0,1.9,14.333,3.841,0.0,True,learned_prefer
suspend term,create coordination confirmation,0,2,0.0,1.9,14.333,3.841,0.0,True,learned_prefer
suspend term,send confirmation receipt additional data,0,2,0.0,1.9,14.333,3.841,0.0,True,learned_prefer
suspend term,registrer date of publishing received request,0,2,0.0,1.9,14.333,3.841,0.0,True,learned_prefer
suspend term,send design decision to stakeholders,0,2,0.0,1.9,14.333,3.841,0.0,True,learned_prefer
receive additional information,phase additional information received,0,1,0.0,0.9,14.2,3.828,0.0,True,learned_prefer
receive additional information,create subcases completeness,0,1,0.0,0.9,14.2,3.828,0.0,True,learned_prefer
receive additional information,initiative competent authority,0,1,0.0,0.9,14.2,3.828,0.0,True,learned_prefer
receive additional information,register date environmental permit decision,0,1,0.0,0.9,14.2,3.828,0.0,True,learned_prefer
receive additional information,enter senddate decision permanent suspension,0,1,0.0,0.9,14.2,3.828,0.0,True,learned_prefer
receive additional information,create cover letter permanent suspension,0,1,0.0,0.9,14.2,3.828,0.0,True,learned_prefer
receive additional information,phase application receptive,0,1,0.0,0.9,14.2,3.828,0.0,True,learned_prefer
receive additional information,enter senddate decision procedure term extension,0,1,0.0,0.9,14.2,3.828,0.0,True,learned_prefer
receive additional information,enter senddate procedure confirmation,0,1,0.0,0.9,14.2,3.828,0.0,True,learned_prefer
receive additional information,enter senddate decision environmental permit,0,1,0.0,0.9,14.2,3.828,0.0,True,learned_prefer
receive additional information,creating decision permanently suspended,0,1,0.0,0.9,14.2,3.828,0.0,True,learned_prefer
receive additional information,completed subcases content,0,1,0.0,0.9,14.2,3.828,0.0,True,learned_prefer
receive additional information,WAW permit aspect,0,1,0.0,0.9,14.2,3.828,0.0,True,learned_prefer
receive additional information,subcases completeness completed,0,1,0.0,0.9,14.2,3.828,0.0,True,learned_prefer
receive additional information,submit decision,0,1,0.0,0.9,14.2,3.828,0.0,True,learned_prefer
receive additional information,resume completeness subcases,0,1,0.0,0.9,14.2,3.828,0.0,True,learned_prefer
receive additional information,stop all running subcases 2b,0,1,0.0,0.9,14.2,3.828,0.0,True,learned_prefer
receive additional information,phase asked additional information,0,1,0.0,0.9,14.2,3.828,0.0,True,learned_prefer
receive additional information,phase decision ready,0,1,0.0,0.9,14.2,3.828,0.0,True,learned_prefer
receive additional information,start decision phase extension granted,0,1,0.0,0.9,14.2,3.828,0.0,True,learned_prefer
receive additional information,procedure change,0,1,0.0,0.9,14.2,3.828,0.0,True,learned_prefer
receive additional information,decision date prior to decision,0,1,0.0,0.9,14.2,3.828,0.0,True,learned_prefer
receive additional information,inform BAG administrator,0,1,0.0,0.9,14.2,3.828,0.0,True,learned_prefer
receive additional information,MER present in supplement,0,1,0.0,0.9,14.2,3.828,0.0,True,learned_prefer
receive additional information,detailed procedure applies,0,1,0.0,0.9,14.2,3.828,0.0,True,learned_prefer
receive additional information,retrieve missing data,0,1,0.0,0.9,14.2,3.828,0.0,True,learned_prefer
phase draft decision made,WAW permit aspect,0,2,0.0,1.9,13.8,3.787,0.0,True,learned_prefer
enter date draft decisionenvironmental permit,create cover letter draft decision,0,2,0.0,1.9,13.8,3.787,0.0,True,learned_prefer
enter date draft decisionenvironmental permit,retrieve missing data,0,2,0.0,1.9,13.8,3.787,0.0,True,learned_prefer
phase draft decision made,create publication document,0,2,0.0,1.9,13.8,3.787,0.0,True,learned_prefer
phase draft decision made,create monitoring case,0,2,0.0,1.9,13.8,3.787,0.0,True,learned_prefer
phase draft decision made,enter date advice on treatment of environmental permit,0,2,0.0,1.9,13.8,3.787,0.0,True,learned_prefer
enter date draft decisionenvironmental permit,perspective on draft decision environmental permit received,0,2,0.0,1.9,13.8,3.787,0.0,True,learned_prefer
phase draft decision made,completed subcases content,0,2,0.0,1.9,13.8,3.787,0.0,True,learned_prefer
enter date draft decisionenvironmental permit,phase draft decision made,0,2,0.0,1.9,13.8,3.787,0.0,True,learned_prefer
phase draft decision made,start decision phase decision permitting sent,0,2,0.0,1.9,13.8,3.787,0.0,True,learned_prefer
enter date draft decisionenvironmental permit,message change status,0,2,0.0,1.9,13.8,3.787,0.0,True,learned_prefer
enter date draft decisionenvironmental permit,date draft decision for inspection,0,2,0.0,1.9,13.8,3.787,0.0,True,learned_prefer
enter date draft decisionenvironmental permit,grounds for refusal,0,2,0.0,1.9,13.8,3.787,0.0,True,learned_prefer
set decision phase suspension decided,phase application receptive,2,2,100.0,5.9,13.8,3.787,-0.013,True,learned_prefer
phase draft decision made,read field phased application,0,2,0.0,1.9,13.8,3.787,0.0,True,learned_prefer
phase draft decision made,treat subcases completeness,0,2,0.0,1.9,13.8,3.787,0.0,True,learned_prefer
phase draft decision made,suspension ground applicable,0,2,0.0,1.9,13.8,3.787,0.0,True,learned_prefer
enter date draft decisionenvironmental permit,procedure change,0,2,0.0,1.9,13.8,3.787,0.0,True,learned_prefer
enter date draft decisionenvironmental permit,publication date draft decision,0,2,0.0,1.9,13.8,3.787,0.0,True,learned_prefer
enter date draft decisionenvironmental permit,enter date advice on treatment of environmental permit,0,2,0.0,1.9,13.8,3.787,0.0,True,learned_prefer
enter date draft decisionenvironmental permit,enter date draft decisionenvironmental permit,0,2,0.0,1.9,13.8,3.787,0.0,True,learned_prefer
enter date draft decisionenvironmental permit,completed subcases content,0,2,0.0,1.9,13.8,3.787,0.0,True,learned_prefer
phase draft decision made,generating decision environmental permit,0,2,0.0,1.9,13.8,3.787,0.0,True,learned_prefer
enter date draft decisionenvironmental permit,publish official draft decision,0,2,0.0,1.9,13.8,3.787,0.0,True,learned_prefer
enter date draft decisionenvironmental permit,enrich draft decision,0,2,0.0,1.9,13.8,3.787,0.0,True,learned_prefer
phase draft decision made,set decision phase decision permitting decided,0,2,0.0,1.9,13.8,3.787,0.0,True,learned_prefer
phase draft decision made,phase decision sent,0,2,0.0,1.9,13.8,3.787,0.0,True,learned_prefer
enter date draft decisionenvironmental permit,send design decision to stakeholders,0,2,0.0,1.9,13.8,3.787,0.0,True,learned_prefer
enter senddate decision environmental permit,OLO messaging active,0,4,0.0,2.2,13.519,3.757,0.0,True,learned_prefer
enter senddate decision environmental permit,enter senddate decision,0,4,0.0,2.2,13.519,3.757,0.0,True,learned_prefer
enter senddate decision environmental permit,regular procedure without MER,0,4,0.0,2.2,13.519,3.757,0.0,True,learned_prefer
enter senddate decision environmental permit,extend procedure term,0,4,0.0,2.2,13.519,3.757,0.0,True,learned_prefer
enter senddate decision environmental permit,set decision phase inspection of decision permitting,0,4,0.0,2.2,13.519,3.757,0.0,True,learned_prefer
enter senddate decision environmental permit,registration date publication,0,4,0.0,2.2,13.519,3.757,0.0,True,learned_prefer
enter senddate decision environmental permit,set phase,0,4,0.0,2.2,13.519,3.757,0.0,True,learned_prefer
enter senddate decision environmental permit,request complete,0,4,0.0,2.2,13.519,3.757,0.0,True,learned_prefer
enter senddate decision environmental permit,ask stakeholders views,0,4,0.0,2.2,13.519,3.757,0.0,True,learned_prefer
enter senddate decision environmental permit,register receipt updated plan,0,4,0.0,2.2,13.519,3.757,0.0,True,learned_prefer
start decision phase decision permitting sent,forward to the competent authority,0,3,0.0,2.1,13.476,3.752,0.0,True,learned_prefer
start decision phase decision permitting sent,enter publication date draft decision,0,3,0.0,2.1,13.476,3.752,0.0,True,learned_prefer
start decision phase decision permitting sent,new decision or reassessment,0,3,0.0,2.1,13.476,3.752,0.0,True,learned_prefer
start decision phase decision permitting sent,enter date publication decision environmental permit,0,3,0.0,2.1,13.476,3.752,0.0,True,learned_prefer
start decision phase decision permitting sent,ask stakeholders views,0,3,0.0,2.1,13.476,3.752,0.0,True,learned_prefer
start decision phase decision permitting sent,phase application received,0,3,0.0,2.1,13.476,3.752,0.0,True,learned_prefer
start decision phase decision permitting sent,entering senddate draft decision environmental permit,0,3,0.0,2.1,13.476,3.752,0.0,True,learned_prefer
start decision phase decision permitting sent,set decision phase inspection of decision permitting,0,3,0.0,2.1,13.476,3.752,0.0,True,learned_prefer
start decision phase decision permitting sent,enter date draft decisionenvironmental permit,0,3,0.0,2.1,13.476,3.752,0.0,True,learned_prefer
start decision phase decision permitting sent,subcases completeness completed,0,3,0.0,2.1,13.476,3.752,0.0,True,learned_prefer
start decision phase decision permitting sent,phase concept decision ready,0,3,0.0,2.1,13.476,3.752,0.0,True,learned_prefer
start decision phase decision permitting sent,record date of decision environmental permit,0,3,0.0,2.1,13.476,3.752,0.0,True,learned_prefer
start decision phase decision permitting sent,enter senddate decision environmental permit,0,3,0.0,2.1,13.476,3.752,0.0,True,learned_prefer
set decision phase inspection of decision permitting,start decision phase decision permitting sent,0,1,0.0,1.7,13.444,3.749,0.0,True,learned_prefer
send confirmation receipt additional data,decision keep permanently suspended,0,1,0.0,1.7,13.444,3.749,0.0,True,learned_prefer
send confirmation receipt additional data,creating decision permanently suspended,0,1,0.0,1.7,13.444,3.749,0.0,True,learned_prefer
send confirmation receipt additional data,phase concept decision ready,0,1,0.0,1.7,13.444,3.749,0.0,True,learned_prefer
set decision phase inspection of decision permitting,phase decision taken,0,1,0.0,1.7,13.444,3.749,0.0,True,learned_prefer
set decision phase inspection of decision permitting,phase concept draft decision ready,0,1,0.0,1.7,13.444,3.749,0.0,True,learned_prefer
set decision phase inspection of decision permitting,phase archived case,0,1,0.0,1.7,13.444,3.749,0.0,True,learned_prefer
set decision phase inspection of decision permitting,generating decision environmental permit,0,1,0.0,1.7,13.444,3.749,0.0,True,learned_prefer
send confirmation receipt additional data,send confirmation receipt,0,1,0.0,1.7,13.444,3.749,0.0,True,learned_prefer
set decision phase inspection of decision permitting,creating environmental permit decision,0,1,0.0,1.7,13.444,3.749,0.0,True,learned_prefer
send confirmation receipt additional data,term for supplying missing data,0,1,0.0,1.7,13.444,3.749,0.0,True,learned_prefer
send confirmation receipt additional data,set decision phase suspension sent,0,1,0.0,1.7,13.444,3.749,0.0,True,learned_prefer
send confirmation receipt additional data,register number of days extension period,0,1,0.0,1.7,13.444,3.749,0.0,True,learned_prefer
send confirmation receipt additional data,read field phased application,0,1,0.0,1.7,13.444,3.749,0.0,True,learned_prefer
send confirmation receipt additional data,phase decision ready,0,1,0.0,1.7,13.444,3.749,0.0,True,learned_prefer
treat subcases content,suspend term,0,5,0.0,2.3,13.303,3.734,0.0,True,learned_prefer
treat subcases content,phase case handled,0,5,0.0,2.3,13.303,3.734,0.0,True,learned_prefer
start phased application,create letter requesting missing data,15,1,88.2,4.5,13.286,3.732,-0.078,True,learned_prefer
by law,register number of days extension period,0,1,0.0,1.7,13.222,3.725,0.0,True,learned_prefer
by law,send confirmation receipt additional data,0,1,0.0,1.7,13.222,3.725,0.0,True,learned_prefer
by law,send confirmation receipt,0,1,0.0,1.7,13.222,3.725,0.0,True,learned_prefer
by law,phase advice known,0,1,0.0,1.7,13.222,3.725,0.0,True,learned_prefer
by law,phase decision ready,0,1,0.0,1.7,13.222,3.725,0.0,True,learned_prefer
by law,grounds for refusal,0,1,0.0,1.7,13.222,3.725,0.0,True,learned_prefer
by law,phase archived case,0,1,0.0,1.7,13.222,3.725,0.0,True,learned_prefer
by law,enter senddate decision environmental permit,0,1,0.0,1.7,13.222,3.725,0.0,True,learned_prefer
by law,procedure change,0,1,0.0,1.7,13.222,3.725,0.0,True,learned_prefer
by law,send procedure confirmation,0,1,0.0,1.7,13.222,3.725,0.0,True,learned_prefer
by law,applicant is stakeholder,0,1,0.0,1.7,13.222,3.725,0.0,True,learned_prefer
by law,create subcases content,0,1,0.0,1.7,13.222,3.725,0.0,True,learned_prefer
by law,phase application received,0,1,0.0,1.7,13.222,3.725,0.0,True,learned_prefer
by law,set decision phase no permit required decided,0,1,0.0,1.7,13.222,3.725,0.0,True,learned_prefer
by law,ask stakeholders views,0,1,0.0,1.7,13.222,3.725,0.0,True,learned_prefer
by law,assessment of content completed,0,1,0.0,1.7,13.222,3.725,0.0,True,learned_prefer
by law,copy decision to extend procedure to stakeholders,0,1,0.0,1.7,13.222,3.725,0.0,True,learned_prefer
by law,investigate BAG objects,0,1,0.0,1.7,13.222,3.725,0.0,True,learned_prefer
by law,phase additional information received,0,1,0.0,1.7,13.222,3.725,0.0,True,learned_prefer
by law,treat subcases completeness,0,1,0.0,1.7,13.222,3.725,0.0,True,learned_prefer
by law,received OLO documents,0,1,0.0,1.7,13.222,3.725,0.0,True,learned_prefer
by law,subcases completeness completed,0,1,0.0,1.7,13.222,3.725,0.0,True,learned_prefer
by law,register date environmental permit decision,0,1,0.0,1.7,13.222,3.725,0.0,True,learned_prefer
subcase art. 33 WABO completed,treat subcases content,0,1,0.0,1.7,13.0,3.7,0.0,True,learned_prefer
subcase art. 33 WABO completed,phase updated plan received,0,1,0.0,1.7,13.0,3.7,0.0,True,learned_prefer
subcase art. 33 WABO completed,transcript decision environmental permit to stakeholders,0,1,0.0,1.7,13.0,3.7,0.0,True,learned_prefer
subcase art. 33 WABO completed,creating decision suspension art. 34 WABO,0,1,0.0,1.7,13.0,3.7,0.0,True,learned_prefer
subcase art. 33 WABO completed,phase procedure resumed,0,1,0.0,1.7,13.0,3.7,0.0,True,learned_prefer
subcase art. 33 WABO completed,enter senddate decision suspension,0,1,0.0,1.7,13.0,3.7,0.0,True,learned_prefer
start decisionphase draft decision - permitting decided,enter senddate decision environmental permit,1,2,33.3,2.7,12.771,3.675,-0.315,True,learned_prefer
regular procedure without MER,completed subcases content,0,3,0.0,2.3,12.619,3.658,0.0,True,learned_prefer
regular procedure without MER,create cover letter extend procedure term,0,3,0.0,2.3,12.619,3.658,0.0,True,learned_prefer
regular procedure without MER,enter senddate retrieve missing data,0,3,0.0,2.3,12.619,3.658,0.0,True,learned_prefer
regular procedure without MER,create subcases completeness,0,3,0.0,2.3,12.619,3.658,0.0,True,learned_prefer
regular procedure without MER,treat subcases content,0,3,0.0,2.3,12.619,3.658,0.0,True,learned_prefer
regular procedure without MER,enter date decision procedure term extension,0,3,0.0,2.3,12.619,3.658,0.0,True,learned_prefer
regular procedure without MER,creating environmental permit decision,0,3,0.0,2.3,12.619,3.658,0.0,True,learned_prefer
regular procedure without MER,forward to the competent authority,0,3,0.0,2.3,12.619,3.658,0.0,True,learned_prefer
regular procedure without MER,subcases completeness completed,0,3,0.0,2.3,12.619,3.658,0.0,True,learned_prefer
regular procedure without MER,enter senddate decision procedure term extension,0,3,0.0,2.3,12.619,3.658,0.0,True,learned_prefer
regular procedure without MER,enter senddate decision environmental permit,0,3,0.0,2.3,12.619,3.658,0.0,True,learned_prefer
regular procedure without MER,register submission date request,0,3,0.0,2.3,12.619,3.658,0.0,True,learned_prefer
regular procedure without MER,MER present,0,3,0.0,2.3,12.619,3.658,0.0,True,learned_prefer
regular procedure without MER,MER required,0,3,0.0,2.3,12.619,3.658,0.0,True,learned_prefer
send decision suspension,enter senddate decision suspension,0,1,0.0,1.8,12.556,3.65,0.0,True,learned_prefer
send decision suspension,phase application receptive,0,1,0.0,1.8,12.556,3.65,0.0,True,learned_prefer
send decision suspension,creating decision suspension 35 WABO,0,1,0.0,1.8,12.556,3.65,0.0,True,learned_prefer
send decision suspension,set decision status,0,1,0.0,1.8,12.556,3.65,0.0,True,learned_prefer
send decision suspension,treat subcase suspension art. 33 WABO,0,1,0.0,1.8,12.556,3.65,0.0,True,learned_prefer
forward to the competent authority,start decision phase decision permitting sent,0,3,0.0,2.3,12.524,3.647,0.0,True,learned_prefer
forward to the competent authority,forward transcript to stakeholders,0,3,0.0,2.3,12.524,3.647,0.0,True,learned_prefer
forward to the competent authority,phase application received,0,3,0.0,2.3,12.524,3.647,0.0,True,learned_prefer
forward to the competent authority,request to competent authority,0,3,0.0,2.3,12.524,3.647,0.0,True,learned_prefer
forward to the competent authority,terminate on request,0,3,0.0,2.3,12.524,3.647,0.0,True,learned_prefer
forward to the competent authority,send send confirmation competent authority,0,3,0.0,2.3,12.524,3.647,0.0,True,learned_prefer
forward to the competent authority,send procedure confirmation,0,3,0.0,2.3,12.524,3.647,0.0,True,learned_prefer
forward to the competent authority,create publication document,0,3,0.0,2.3,12.524,3.647,0.0,True,learned_prefer
forward to the competent authority,enter senddate procedure confirmation,0,3,0.0,2.3,12.524,3.647,0.0,True,learned_prefer
forward to the competent authority,procedure change,0,3,0.0,2.3,12.524,3.647,0.0,True,learned_prefer
forward to the competent authority,grounds for refusal,0,3,0.0,2.3,12.524,3.647,0.0,True,learned_prefer
forward to the competent authority,register submission date request,0,3,0.0,2.3,12.524,3.647,0.0,True,learned_prefer
forward to the competent authority,article 34  WABO applies,0,3,0.0,2.3,12.524,3.647,0.0,True,learned_prefer
forward to the competent authority,create forwarding copy,0,3,0.0,2.3,12.524,3.647,0.0,True,learned_prefer
retrieve missing data,create decision procedure term extension,0,1,0.0,0.8,12.333,3.624,0.0,True,learned_prefer
retrieve missing data,enter senddate procedure term extension,0,1,0.0,0.8,12.333,3.624,0.0,True,learned_prefer
ask stakeholders views,suspension ground applicable,0,1,0.0,1.8,12.333,3.624,0.0,True,learned_prefer
retrieve missing data,applicant is stakeholder,0,1,0.0,0.8,12.333,3.624,0.0,True,learned_prefer
phase procedure term resumed,phase procedure term suspended,17,1,100.0,5.6,12.333,3.624,-0.016,True,learned_prefer
retrieve missing data,completed subcases content,0,1,0.0,0.8,12.333,3.624,0.0,True,learned_prefer
ask stakeholders views,subcases completeness completed,0,1,0.0,1.8,12.333,3.624,0.0,True,learned_prefer
ask stakeholders views,phase additional information received,0,1,0.0,1.8,12.333,3.624,0.0,True,learned_prefer
ask stakeholders views,procedure change after completeness,0,1,0.0,1.8,12.333,3.624,0.0,True,learned_prefer
ask stakeholders views,phase application receptive,0,1,0.0,1.8,12.333,3.624,0.0,True,learned_prefer
retrieve missing data,submit decision,0,1,0.0,0.8,12.333,3.624,0.0,True,learned_prefer
ask stakeholders views,enter senddate decision environmental permit,0,1,0.0,1.8,12.333,3.624,0.0,True,learned_prefer
ask stakeholders views,coordination of application,0,1,0.0,1.8,12.333,3.624,0.0,True,learned_prefer
ask stakeholders views,create subcases content,0,1,0.0,1.8,12.333,3.624,0.0,True,learned_prefer
enter publication date draft decision,send design decision to stakeholders,0,1,0.0,1.8,12.333,3.624,0.0,True,learned_prefer
retrieve missing data,send message OLO status additions required,0,1,0.0,0.8,12.333,3.624,0.0,True,learned_prefer
retrieve missing data,treat subcase perspective,0,1,0.0,0.8,12.333,3.624,0.0,True,learned_prefer
retrieve missing data,treat subcases completeness,0,1,0.0,0.8,12.333,3.624,0.0,True,learned_prefer
retrieve missing data,read field phased application,0,1,0.0,0.8,12.333,3.624,0.0,True,learned_prefer
enter publication date draft decision,generating decision environmental permit,0,1,0.0,1.8,12.333,3.624,0.0,True,learned_prefer
ask stakeholders views,request complete,0,1,0.0,1.8,12.333,3.624,0.0,True,learned_prefer
ask stakeholders views,treat subcases content,0,1,0.0,1.8,12.333,3.624,0.0,True,learned_prefer
ask stakeholders views,by law,0,1,0.0,1.8,12.333,3.624,0.0,True,learned_prefer
ask stakeholders views,assessment of content completed,0,1,0.0,1.8,12.333,3.624,0.0,True,learned_prefer
enter publication date draft decision,enter date advice on treatment of environmental permit,0,1,0.0,1.8,12.333,3.624,0.0,True,learned_prefer
enter publication date draft decision,enter senddate decision,0,1,0.0,1.8,12.333,3.624,0.0,True,learned_prefer
ask stakeholders views,completed subcases content,0,1,0.0,1.8,12.333,3.624,0.0,True,learned_prefer
retrieve missing data,register submission date request,0,1,0.0,0.8,12.333,3.624,0.0,True,learned_prefer
retrieve missing data,extend procedure term,0,1,0.0,0.8,12.333,3.624,0.0,True,learned_prefer
retrieve missing data,register deadline,0,1,0.0,0.8,12.333,3.624,0.0,True,learned_prefer
retrieve missing data,grounds for refusal,0,1,0.0,0.8,12.333,3.624,0.0,True,learned_prefer
enter date decision suspension,retrieve missing data,1,2,100.0,6.7,12.2,3.609,-0.013,True,learned_prefer
objection lodged against decision,set decision phase decision permitting decided,1,0,12.5,0.0,12.176,3.606,-0.013,True,learned_prefer
generate publication document decision environmental permit,continue or abort mutation BAG objects,0,1,0.0,1.9,12.111,3.598,0.0,True,learned_prefer
generate publication document decision environmental permit,record date of decision environmental permit,0,1,0.0,1.9,12.111,3.598,0.0,True,learned_prefer
generate publication document decision environmental permit,date decision for inspection,0,1,0.0,1.9,12.111,3.598,0.0,True,learned_prefer
generate publication document decision environmental permit,contested decision affected,0,1,0.0,1.9,12.111,3.598,0.0,True,learned_prefer
terminate on request,objection to permanent suspension received,28,3,25.5,1.8,12.048,3.591,-0.079,True,learned_prefer
registration date publication,enter senddate letter no permit required,0,4,0.0,2.5,11.963,3.581,0.0,True,learned_prefer
registration date publication,no permit needed or only notification needed,0,4,0.0,2.5,11.963,3.581,0.0,True,learned_prefer
registration date publication,phase decision ready,0,4,0.0,2.5,11.963,3.581,0.0,True,learned_prefer
registration date publication,phase application received,0,4,0.0,2.5,11.963,3.581,0.0,True,learned_prefer
registration date publication,treat subcases completeness,0,4,0.0,2.5,11.963,3.581,0.0,True,learned_prefer
registration date publication,date decision for inspection,0,4,0.0,2.5,11.963,3.581,0.0,True,learned_prefer
registration date publication,enter date decision permanent suspension,0,4,0.0,2.5,11.963,3.581,0.0,True,learned_prefer
registration date publication,terminate on request,0,4,0.0,2.5,11.963,3.581,0.0,True,learned_prefer
phase draft decision ready,send design decision to stakeholders,0,1,0.0,1.1,11.933,3.577,0.0,True,learned_prefer
phase draft decision ready,set decision phase: draft decision for inspection,0,1,0.0,1.1,11.933,3.577,0.0,True,learned_prefer
phase draft decision ready,set decision status,0,1,0.0,1.1,11.933,3.577,0.0,True,learned_prefer
entering senddate draft decision environmental permit,set decision phase: draft decision for inspection,0,2,0.0,2.2,11.933,3.577,0.0,True,learned_prefer
entering senddate draft decision environmental permit,regular procedure without MER,0,2,0.0,2.2,11.933,3.577,0.0,True,learned_prefer
entering senddate draft decision environmental permit,publication date draft decision,0,2,0.0,2.2,11.933,3.577,0.0,True,learned_prefer
entering senddate draft decision environmental permit,start WABOprocedure,0,2,0.0,2.2,11.933,3.577,0.0,True,learned_prefer
entering senddate draft decision environmental permit,phase draft decision made,0,2,0.0,2.2,11.933,3.577,0.0,True,learned_prefer
entering senddate draft decision environmental permit,send design decision to stakeholders,0,2,0.0,2.2,11.933,3.577,0.0,True,learned_prefer
entering senddate draft decision environmental permit,enter date advice on treatment of environmental permit,0,2,0.0,2.2,11.933,3.577,0.0,True,learned_prefer
entering senddate draft decision environmental permit,date draft decision for inspection,0,2,0.0,2.2,11.933,3.577,0.0,True,learned_prefer
entering senddate draft decision environmental permit,extend procedure term,0,2,0.0,2.2,11.933,3.577,0.0,True,learned_prefer
entering senddate draft decision environmental permit,enter senddate draft decision,0,2,0.0,2.2,11.933,3.577,0.0,True,learned_prefer
entering senddate draft decision environmental permit,enter senddate procedure confirmation,0,2,0.0,2.2,11.933,3.577,0.0,True,learned_prefer
entering senddate draft decision environmental permit,grounds for refusal,0,2,0.0,2.2,11.933,3.577,0.0,True,learned_prefer
entering senddate draft decision environmental permit,enter senddate decision environmental permit,0,2,0.0,2.2,11.933,3.577,0.0,True,learned_prefer
phase draft decision ready,open draft decision for inspection,0,1,0.0,1.1,11.933,3.577,0.0,True,learned_prefer
phase draft decision ready,generating decision environmental permit,0,1,0.0,1.1,11.933,3.577,0.0,True,learned_prefer
phase draft decision ready,phase perspective submitted,0,1,0.0,1.1,11.933,3.577,0.0,True,learned_prefer
phase draft decision ready,create cover letter draft decision,0,1,0.0,1.1,11.933,3.577,0.0,True,learned_prefer
phase draft decision ready,publish official draft decision,0,1,0.0,1.1,11.933,3.577,0.0,True,learned_prefer
phase draft decision ready,enter senddate draft decision,0,1,0.0,1.1,11.933,3.577,0.0,True,learned_prefer
phase draft decision ready,generate draft decision environmental permit,0,1,0.0,1.1,11.933,3.577,0.0,True,learned_prefer
stop all running subcases 2b,phase decision ready,15,1,25.4,1.5,11.896,3.572,-0.065,True,learned_prefer
MER present in supplement,enter senddate procedure confirmation,0,1,0.0,1.9,11.667,3.544,0.0,True,learned_prefer
MER present in supplement,send confirmation receipt additional data,0,1,0.0,1.9,11.667,3.544,0.0,True,learned_prefer
enter senddate retrieve missing data,phased application,0,2,0.0,2.3,11.667,3.544,0.0,True,learned_prefer
enter senddate retrieve missing data,forward to the competent authority,0,2,0.0,2.3,11.667,3.544,0.0,True,learned_prefer
enter senddate retrieve missing data,activities regular procedure,0,2,0.0,2.3,11.667,3.544,0.0,True,learned_prefer
enter senddate retrieve missing data,WAW permit aspect,0,2,0.0,2.3,11.667,3.544,0.0,True,learned_prefer
enter senddate retrieve missing data,no permit needed or only notification needed,0,2,0.0,2.3,11.667,3.544,0.0,True,learned_prefer
enter senddate retrieve missing data,record date of decision environmental permit,0,2,0.0,2.3,11.667,3.544,0.0,True,learned_prefer
phase perspective submitted,updated plan after perspective,0,1,0.0,1.9,11.667,3.544,0.0,True,learned_prefer
phase perspective submitted,treat subcases reassessment plan,0,1,0.0,1.9,11.667,3.544,0.0,True,learned_prefer
phase perspective submitted,send confirmation receipt,0,1,0.0,1.9,11.667,3.544,0.0,True,learned_prefer
phase perspective submitted,record date of decision environmental permit,0,1,0.0,1.9,11.667,3.544,0.0,True,learned_prefer
phase perspective submitted,set decision status,0,1,0.0,1.9,11.667,3.544,0.0,True,learned_prefer
phase perspective submitted,subcase final VVGB completed,0,1,0.0,1.9,11.667,3.544,0.0,True,learned_prefer
phase perspective submitted,creating environmental permit decision,0,1,0.0,1.9,11.667,3.544,0.0,True,learned_prefer
enter senddate retrieve missing data,MER required,0,2,0.0,2.3,11.667,3.544,0.0,True,learned_prefer
phase perspective submitted,phase concept decision ready,0,1,0.0,1.9,11.667,3.544,0.0,True,learned_prefer
enter senddate retrieve missing data,send message OLO status additions required,0,2,0.0,2.3,11.667,3.544,0.0,True,learned_prefer
enter senddate retrieve missing data,enrich draft decision,0,2,0.0,2.3,11.667,3.544,0.0,True,learned_prefer
enter senddate retrieve missing data,set decision phase decision permitting decided,0,2,0.0,2.3,11.667,3.544,0.0,True,learned_prefer
enter senddate retrieve missing data,enter date decision permanent suspension,0,2,0.0,2.3,11.667,3.544,0.0,True,learned_prefer
enter senddate retrieve missing data,terminate on request,0,2,0.0,2.3,11.667,3.544,0.0,True,learned_prefer
phase perspective submitted,subcases completeness completed,0,1,0.0,1.9,11.667,3.544,0.0,True,learned_prefer
phase perspective submitted,create publication document,0,1,0.0,1.9,11.667,3.544,0.0,True,learned_prefer
phase perspective submitted,enter senddate decision environmental permit,0,1,0.0,1.9,11.667,3.544,0.0,True,learned_prefer
phase perspective submitted,decision date prior to decision,0,1,0.0,1.9,11.667,3.544,0.0,True,learned_prefer
MER present in supplement,create publication document,0,1,0.0,1.9,11.667,3.544,0.0,True,learned_prefer
MER present in supplement,submit draft decision,0,1,0.0,1.9,11.667,3.544,0.0,True,learned_prefer
enter senddate retrieve missing data,enter senddate information request,0,2,0.0,2.3,11.667,3.544,0.0,True,learned_prefer
MER present in supplement,creating environmental permit decision,0,1,0.0,1.9,11.667,3.544,0.0,True,learned_prefer
procedure change after completeness,grounds for refusal,17,5,73.9,5.9,11.576,3.533,-0.021,True,learned_prefer
suspension ground applicable,send design decision to stakeholders,0,2,0.0,2.3,11.533,3.528,0.0,True,learned_prefer
suspension ground applicable,applicant is stakeholder,0,2,0.0,2.3,11.533,3.528,0.0,True,learned_prefer
suspension ground applicable,phase advice known,0,2,0.0,2.3,11.533,3.528,0.0,True,learned_prefer
suspension ground applicable,phase decision suspended,0,2,0.0,2.3,11.533,3.528,0.0,True,learned_prefer
suspension ground applicable,phase draft decision made,0,2,0.0,2.3,11.533,3.528,0.0,True,learned_prefer
suspension ground applicable,subcase final VVGB completed,0,2,0.0,2.3,11.533,3.528,0.0,True,learned_prefer
suspension ground applicable,subcase art. 33 WABO completed,0,2,0.0,2.3,11.533,3.528,0.0,True,learned_prefer
suspension ground applicable,register date environmental permit decision,0,2,0.0,2.3,11.533,3.528,0.0,True,learned_prefer
suspension ground applicable,no permit needed or only notification needed,0,2,0.0,2.3,11.533,3.528,0.0,True,learned_prefer
suspension ground applicable,treat subcases reassessment plan,0,2,0.0,2.3,11.533,3.528,0.0,True,learned_prefer
set decision phase suspension sent,enter senddate decision suspension,0,1,0.0,2.0,11.444,3.517,0.0,True,learned_prefer
set decision phase suspension sent,treat subcase suspension art. 33 WABO,0,1,0.0,2.0,11.444,3.517,0.0,True,learned_prefer
set decision phase suspension sent,subcase art. 35 WABO completed,0,1,0.0,2.0,11.444,3.517,0.0,True,learned_prefer
set decision phase suspension sent,set decision status,0,1,0.0,2.0,11.444,3.517,0.0,True,learned_prefer
set decision phase suspension sent,set decision phase suspension sent,0,1,0.0,2.0,11.444,3.517,0.0,True,learned_prefer
request updated plan,register receipt updated plan,0,1,0.0,2.0,11.444,3.517,0.0,True,learned_prefer
set decision phase suspension sent,suspension ground applicable,0,1,0.0,2.0,11.444,3.517,0.0,True,learned_prefer
request updated plan,phase updated plan received,0,1,0.0,2.0,11.444,3.517,0.0,True,learned_prefer
request updated plan,registrer date of publishing received request,0,1,0.0,2.0,11.444,3.517,0.0,True,learned_prefer
received OLO documents,assessment of content completed,0,2,0.0,2.4,11.4,3.511,0.0,True,learned_prefer
received OLO documents,phase application receptive,0,2,0.0,2.4,11.4,3.511,0.0,True,learned_prefer
received OLO documents,read publication date field,0,2,0.0,2.4,11.4,3.511,0.0,True,learned_prefer
received OLO documents,start decision phase extension granted,0,2,0.0,2.4,11.4,3.511,0.0,True,learned_prefer
received OLO documents,subcases completeness completed,0,2,0.0,2.4,11.4,3.511,0.0,True,learned_prefer
received OLO documents,record date of decision environmental permit,0,2,0.0,2.4,11.4,3.511,0.0,True,learned_prefer
received OLO documents,phase advice known,0,2,0.0,2.4,11.4,3.511,0.0,True,learned_prefer
received OLO documents,register objection and appeal periods,0,2,0.0,2.4,11.4,3.511,0.0,True,learned_prefer
received OLO documents,enter date decision procedure term extension,0,2,0.0,2.4,11.4,3.511,0.0,True,learned_prefer
received OLO documents,start WABOprocedure,0,2,0.0,2.4,11.4,3.511,0.0,True,learned_prefer
received OLO documents,creating decision permanently suspended,0,2,0.0,2.4,11.4,3.511,0.0,True,learned_prefer
received OLO documents,read field phased application,0,2,0.0,2.4,11.4,3.511,0.0,True,learned_prefer
received OLO documents,procedure change after completeness,0,2,0.0,2.4,11.4,3.511,0.0,True,learned_prefer
applicant is stakeholder,activities regular procedure,0,3,0.0,2.5,11.381,3.509,0.0,True,learned_prefer
applicant is stakeholder,enter senddate acknowledgement,0,3,0.0,2.5,11.381,3.509,0.0,True,learned_prefer
applicant is stakeholder,treat subcases content,0,3,0.0,2.5,11.381,3.509,0.0,True,learned_prefer
applicant is stakeholder,objection to extension procedure term receptive,0,3,0.0,2.5,11.381,3.509,0.0,True,learned_prefer
applicant is stakeholder,regular procedure without MER,0,3,0.0,2.5,11.381,3.509,0.0,True,learned_prefer
applicant is stakeholder,publish,0,3,0.0,2.5,11.381,3.509,0.0,True,learned_prefer
applicant is stakeholder,suspend term,0,3,0.0,2.5,11.381,3.509,0.0,True,learned_prefer
applicant is stakeholder,register number of days extension period,0,3,0.0,2.5,11.381,3.509,0.0,True,learned_prefer
final VVGB applications,VVGB positive,42,3,100.0,7.7,11.286,3.496,-0.159,True,learned_prefer
treat subcases content,start decision phase extension granted,0,6,0.0,2.7,11.256,3.493,0.0,True,learned_prefer
date decision for inspection,enter publication date draft decision,0,1,0.0,2.0,11.222,3.488,0.0,True,learned_prefer
date decision for inspection,OLO messaging active,0,1,0.0,2.0,11.222,3.488,0.0,True,learned_prefer
date decision for inspection,objection lodged against decision,0,1,0.0,2.0,11.222,3.488,0.0,True,learned_prefer
date decision for inspection,transcript decision environmental permit to stakeholders,0,1,0.0,2.0,11.222,3.488,0.0,True,learned_prefer
date decision for inspection,appeal and preliminary injunction in system,0,1,0.0,2.0,11.222,3.488,0.0,True,learned_prefer
date decision for inspection,enter date draft decisionenvironmental permit,0,1,0.0,2.0,11.222,3.488,0.0,True,learned_prefer
date decision for inspection,creating environmental permit decision,0,1,0.0,2.0,11.222,3.488,0.0,True,learned_prefer
date decision for inspection,appeal logded,0,1,0.0,2.0,11.222,3.488,0.0,True,learned_prefer
date decision for inspection,record date of decision environmental permit,0,1,0.0,2.0,11.222,3.488,0.0,True,learned_prefer
date decision for inspection,phase decision taken,0,1,0.0,2.0,11.222,3.488,0.0,True,learned_prefer
date decision for inspection,set decision phase inspection of decision permitting,0,1,0.0,2.0,11.222,3.488,0.0,True,learned_prefer
date decision for inspection,start decision phase decision permitting sent,0,1,0.0,2.0,11.222,3.488,0.0,True,learned_prefer
date decision for inspection,generate publication document decision environmental permit,0,1,0.0,2.0,11.222,3.488,0.0,True,learned_prefer
date decision for inspection,generating decision environmental permit,0,1,0.0,2.0,11.222,3.488,0.0,True,learned_prefer
start WABOprocedure,generating decision environmental permit,9,1,9.7,0.6,11.143,3.478,-0.048,True,learned_prefer
phase decision taken,phase archived case,0,3,0.0,2.6,11.095,3.472,0.0,True,learned_prefer
phase decision taken,phase advice known,0,3,0.0,2.6,11.095,3.472,0.0,True,learned_prefer
phase decision taken,enter senddate draft decision,0,3,0.0,2.6,11.095,3.472,0.0,True,learned_prefer
phase decision taken,enter senddate decision environmental permit,0,3,0.0,2.6,11.095,3.472,0.0,True,learned_prefer
phase decision taken,set decision phase decision permitting decided,0,3,0.0,2.6,11.095,3.472,0.0,True,learned_prefer
phase decision taken,send design decision to stakeholders,0,3,0.0,2.6,11.095,3.472,0.0,True,learned_prefer
phase decision taken,register deadline,0,3,0.0,2.6,11.095,3.472,0.0,True,learned_prefer
phase decision taken,enter date advice on treatment of environmental permit,0,3,0.0,2.6,11.095,3.472,0.0,True,learned_prefer
phase decision taken,read publication date field,0,3,0.0,2.6,11.095,3.472,0.0,True,learned_prefer
phase decision taken,generating decision environmental permit,0,3,0.0,2.6,11.095,3.472,0.0,True,learned_prefer
enter senddate decision environmental permit,perspective on draft decision environmental permit received,0,5,0.0,2.7,11.061,3.467,0.0,True,learned_prefer
enter senddate decision environmental permit,terminate on request,0,5,0.0,2.7,11.061,3.467,0.0,True,learned_prefer
enter senddate decision environmental permit,dismiss under mandate,0,5,0.0,2.7,11.061,3.467,0.0,True,learned_prefer
enter senddate decision environmental permit,received OLO documents,0,5,0.0,2.7,11.061,3.467,0.0,True,learned_prefer
enter senddate decision environmental permit,date decision for inspection,0,5,0.0,2.7,11.061,3.467,0.0,True,learned_prefer
create subcases content,MER required,0,1,0.0,2.0,11.0,3.459,0.0,True,learned_prefer
create subcases content,by law,0,1,0.0,2.0,11.0,3.459,0.0,True,learned_prefer
create subcases content,no permit needed or only notification needed,0,1,0.0,2.0,11.0,3.459,0.0,True,learned_prefer
create subcases content,treat subcases content,0,1,0.0,2.0,11.0,3.459,0.0,True,learned_prefer
create subcases content,phase decision ready,0,1,0.0,2.0,11.0,3.459,0.0,True,learned_prefer
create subcases content,open draft decision for inspection,0,1,0.0,2.0,11.0,3.459,0.0,True,learned_prefer
create subcases content,receive additional information,0,1,0.0,2.0,11.0,3.459,0.0,True,learned_prefer
create subcases content,register number of days extension period,0,1,0.0,2.0,11.0,3.459,0.0,True,learned_prefer
create subcases content,register objection and appeal periods,0,1,0.0,2.0,11.0,3.459,0.0,True,learned_prefer
create subcases content,set decision status,0,1,0.0,2.0,11.0,3.459,0.0,True,learned_prefer
create subcases content,start WABOprocedure,0,1,0.0,2.0,11.0,3.459,0.0,True,learned_prefer
create subcases content,subcases completeness completed,0,1,0.0,2.0,11.0,3.459,0.0,True,learned_prefer
create subcases content,enter senddate decision environmental permit,0,1,0.0,2.0,11.0,3.459,0.0,True,learned_prefer
create subcases content,request advice through OLO,0,1,0.0,2.0,11.0,3.459,0.0,True,learned_prefer
create subcases content,regular procedure without MER,0,1,0.0,2.0,11.0,3.459,0.0,True,learned_prefer
phase procedure term suspended,procedure change after completeness,17,2,100.0,7.4,11.0,3.459,-0.019,True,learned_prefer
create cover letter permanent suspension,enter senddate decision permanent suspension,1,1,100.0,6.2,11.0,3.459,-0.013,True,learned_prefer
enter receipt of additional data,resume completeness subcases,0,2,0.0,2.5,10.867,3.442,0.0,True,learned_prefer
enter receipt of additional data,WAW permit aspect,0,2,0.0,2.5,10.867,3.442,0.0,True,learned_prefer
enter receipt of additional data,send letter in progress,0,2,0.0,2.5,10.867,3.442,0.0,True,learned_prefer
enter receipt of additional data,extend procedure term,0,2,0.0,2.5,10.867,3.442,0.0,True,learned_prefer
enter receipt of additional data,record date of decision environmental permit,0,2,0.0,2.5,10.867,3.442,0.0,True,learned_prefer
enter receipt of additional data,detailed procedure applies,0,2,0.0,2.5,10.867,3.442,0.0,True,learned_prefer
enter receipt of additional data,OLO messaging active,0,2,0.0,2.5,10.867,3.442,0.0,True,learned_prefer
enter receipt of additional data,enter date decision permanent suspension,0,2,0.0,2.5,10.867,3.442,0.0,True,learned_prefer
enter receipt of additional data,create subcases content,0,2,0.0,2.5,10.867,3.442,0.0,True,learned_prefer
enter receipt of additional data,by law,0,2,0.0,2.5,10.867,3.442,0.0,True,learned_prefer
enter senddate draft decision,decision date prior to decision,0,3,0.0,2.7,10.81,3.434,0.0,True,learned_prefer
enter senddate draft decision,enter senddate draft decision,0,3,0.0,2.7,10.81,3.434,0.0,True,learned_prefer
enter senddate draft decision,generating decision environmental permit,0,3,0.0,2.7,10.81,3.434,0.0,True,learned_prefer
enter senddate draft decision,register objection and appeal periods,0,3,0.0,2.7,10.81,3.434,0.0,True,learned_prefer
enter senddate draft decision,set decision phase inspection of decision permitting,0,3,0.0,2.7,10.81,3.434,0.0,True,learned_prefer
enter senddate draft decision,treat subcases completeness,0,3,0.0,2.7,10.81,3.434,0.0,True,learned_prefer
enter senddate draft decision,read publication date field,0,3,0.0,2.7,10.81,3.434,0.0,True,learned_prefer
enter senddate draft decision,generate draft decision environmental permit,0,3,0.0,2.7,10.81,3.434,0.0,True,learned_prefer
enter senddate draft decision,phase advice known,0,3,0.0,2.7,10.81,3.434,0.0,True,learned_prefer
enter senddate draft decision,start decision phase decision permitting sent,0,3,0.0,2.7,10.81,3.434,0.0,True,learned_prefer
enter senddate draft decision,phase application receptive,0,3,0.0,2.7,10.81,3.434,0.0,True,learned_prefer
enter senddate draft decision,set decision status,0,3,0.0,2.7,10.81,3.434,0.0,True,learned_prefer
enter senddate draft decision,transcript decision environmental permit to stakeholders,0,3,0.0,2.7,10.81,3.434,0.0,True,learned_prefer
enter date decision permanent suspension,creating decision permanently suspended,0,1,0.0,2.1,10.778,3.43,0.0,True,learned_prefer
enter date decision permanent suspension,receive additional information,0,1,0.0,2.1,10.778,3.43,0.0,True,learned_prefer
enter date decision permanent suspension,start decision phase permanent suspension sent,0,1,0.0,2.1,10.778,3.43,0.0,True,learned_prefer
enter date decision permanent suspension,phase application received,0,1,0.0,2.1,10.778,3.43,0.0,True,learned_prefer
enter date decision permanent suspension,MER present in supplement,0,1,0.0,2.1,10.778,3.43,0.0,True,learned_prefer
enter date decision permanent suspension,WAW permit aspect,0,1,0.0,2.1,10.778,3.43,0.0,True,learned_prefer
enter date decision permanent suspension,enter senddate retrieve missing data,0,1,0.0,2.1,10.778,3.43,0.0,True,learned_prefer
enter date decision permanent suspension,create cover letter permanent suspension,0,1,0.0,2.1,10.778,3.43,0.0,True,learned_prefer
send confirmation receipt,phase additional information received,27,1,8.9,0.6,10.772,3.429,-0.095,True,learned_prefer
read field phased application,no permit needed or only notification needed,0,2,0.0,2.5,10.733,3.424,0.0,True,learned_prefer
read field phased application,publish,0,2,0.0,2.5,10.733,3.424,0.0,True,learned_prefer
read field phased application,registration date publication,0,2,0.0,2.5,10.733,3.424,0.0,True,learned_prefer
read field phased application,set decision status,0,2,0.0,2.5,10.733,3.424,0.0,True,learned_prefer
read field phased application,start WABOprocedure,0,2,0.0,2.5,10.733,3.424,0.0,True,learned_prefer
read field phased application,send design decision to stakeholders,0,2,0.0,2.5,10.733,3.424,0.0,True,learned_prefer
read field phased application,subcases completeness completed,0,2,0.0,2.5,10.733,3.424,0.0,True,learned_prefer
read field phased application,completed subcases content,0,2,0.0,2.5,10.733,3.424,0.0,True,learned_prefer
read field phased application,phase application receptive,0,2,0.0,2.5,10.733,3.424,0.0,True,learned_prefer
read field phased application,phased application,0,2,0.0,2.5,10.733,3.424,0.0,True,learned_prefer
read field phased application,create subcases completeness,0,2,0.0,2.5,10.733,3.424,0.0,True,learned_prefer
read field phased application,set decision phase suspension sent,0,2,0.0,2.5,10.733,3.424,0.0,True,learned_prefer
read field phased application,retrieve missing data,0,2,0.0,2.5,10.733,3.424,0.0,True,learned_prefer
enter enddate suspension art. 33 WABO,refusal after suspension,82,2,100.0,7.7,10.6,3.406,-0.013,True,learned_prefer
subcase perspective complete,treat subcase perspective,0,1,0.0,2.1,10.556,3.4,0.0,True,learned_prefer
subcase perspective complete,phase decision ready,0,1,0.0,2.1,10.556,3.4,0.0,True,learned_prefer
start decision phase decision permitting sent,create subcases completeness,0,4,0.0,2.8,10.481,3.39,0.0,True,learned_prefer
start decision phase decision permitting sent,generating decision environmental permit,0,4,0.0,2.8,10.481,3.39,0.0,True,learned_prefer
start decision phase decision permitting sent,phase archived case,0,4,0.0,2.8,10.481,3.39,0.0,True,learned_prefer
start decision phase decision permitting sent,phase advice known,0,4,0.0,2.8,10.481,3.39,0.0,True,learned_prefer
start decision phase decision permitting sent,send confirmation receipt,0,4,0.0,2.8,10.481,3.39,0.0,True,learned_prefer
start decision phase decision permitting sent,read publication date field,0,4,0.0,2.8,10.481,3.39,0.0,True,learned_prefer
start decision phase decision permitting sent,OLO messaging active,0,4,0.0,2.8,10.481,3.39,0.0,True,learned_prefer
start decision phase decision permitting sent,create monitoring case,0,4,0.0,2.8,10.481,3.39,0.0,True,learned_prefer
start decision phase decision permitting sent,continue or abort mutation BAG objects,0,4,0.0,2.8,10.481,3.39,0.0,True,learned_prefer
start decision phase decision permitting sent,phase case handled,0,4,0.0,2.8,10.481,3.39,0.0,True,learned_prefer
start decision phase decision permitting sent,create publication document,0,4,0.0,2.8,10.481,3.39,0.0,True,learned_prefer
investigate BAG objects,record date of decision environmental permit,0,1,0.0,1.3,10.467,3.388,0.0,True,learned_prefer
enter date termination request received,initiative competent authority,0,2,0.0,2.6,10.467,3.388,0.0,True,learned_prefer
investigate BAG objects,extend procedure term,0,1,0.0,1.3,10.467,3.388,0.0,True,learned_prefer
investigate BAG objects,receive additional information,0,1,0.0,1.3,10.467,3.388,0.0,True,learned_prefer
investigate BAG objects,procedure change,0,1,0.0,1.3,10.467,3.388,0.0,True,learned_prefer
investigate BAG objects,terminate on request,0,1,0.0,1.3,10.467,3.388,0.0,True,learned_prefer
investigate BAG objects,send confirmation receipt,0,1,0.0,1.3,10.467,3.388,0.0,True,learned_prefer
investigate BAG objects,regular procedure without MER,0,1,0.0,1.3,10.467,3.388,0.0,True,learned_prefer
enter date termination request received,registrer date of publishing received request,0,2,0.0,2.6,10.467,3.388,0.0,True,learned_prefer
enter date termination request received,message terminate request,0,2,0.0,2.6,10.467,3.388,0.0,True,learned_prefer
enter date termination request received,send procedure confirmation,0,2,0.0,2.6,10.467,3.388,0.0,True,learned_prefer
investigate BAG objects,request further information,0,1,0.0,1.3,10.467,3.388,0.0,True,learned_prefer
enter date termination request received,phase case handled,0,2,0.0,2.6,10.467,3.388,0.0,True,learned_prefer
investigate BAG objects,submit decision,0,1,0.0,1.3,10.467,3.388,0.0,True,learned_prefer
investigate BAG objects,phase application received,0,1,0.0,1.3,10.467,3.388,0.0,True,learned_prefer
investigate BAG objects,treat subcase suspension art. 33 WABO,0,1,0.0,1.3,10.467,3.388,0.0,True,learned_prefer
investigate BAG objects,treat subcases content,0,1,0.0,1.3,10.467,3.388,0.0,True,learned_prefer
investigate BAG objects,final VVGB applications,0,1,0.0,1.3,10.467,3.388,0.0,True,learned_prefer
investigate BAG objects,ask stakeholders views,0,1,0.0,1.3,10.467,3.388,0.0,True,learned_prefer
investigate BAG objects,assessment of content completed,0,1,0.0,1.3,10.467,3.388,0.0,True,learned_prefer
investigate BAG objects,enter senddate acknowledgement,0,1,0.0,1.3,10.467,3.388,0.0,True,learned_prefer
enter date termination request received,send confirmation receipt,0,2,0.0,2.6,10.467,3.388,0.0,True,learned_prefer
publish official draft decision,create draft environtmental permit,0,1,0.0,2.2,10.333,3.369,0.0,True,learned_prefer
set decision phase: draft decision for inspection,register objection and appeal periods,0,1,0.0,2.2,10.333,3.369,0.0,True,learned_prefer
publish official draft decision,phase draft decision ready,0,1,0.0,2.2,10.333,3.369,0.0,True,learned_prefer
publish official draft decision,publication date draft decision,0,1,0.0,2.2,10.333,3.369,0.0,True,learned_prefer
set decision phase: draft decision for inspection,procedure change after completeness,0,1,0.0,2.2,10.333,3.369,0.0,True,learned_prefer
set decision phase: draft decision for inspection,regular procedure without MER,0,1,0.0,2.2,10.333,3.369,0.0,True,learned_prefer
treat subcase perspective,phase application received,0,1,0.0,2.2,10.333,3.369,0.0,True,learned_prefer
publish official draft decision,registrer date of publishing received request,0,1,0.0,2.2,10.333,3.369,0.0,True,learned_prefer
publish official draft decision,set decision phase: draft decision for inspection,0,1,0.0,2.2,10.333,3.369,0.0,True,learned_prefer
publish official draft decision,set decision status,0,1,0.0,2.2,10.333,3.369,0.0,True,learned_prefer
publish official draft decision,date draft decision for inspection,0,1,0.0,2.2,10.333,3.369,0.0,True,learned_prefer
create continuation letter,send suspension by competent authority,2,1,100.0,6.7,10.333,3.369,-0.013,True,learned_prefer
WAW permit aspect,phase application receptive,0,2,0.0,2.6,10.333,3.369,0.0,True,learned_prefer
WAW permit aspect,publish,0,2,0.0,2.6,10.333,3.369,0.0,True,learned_prefer
WAW permit aspect,phased application,0,2,0.0,2.6,10.333,3.369,0.0,True,learned_prefer
WAW permit aspect,send confirmation receipt,0,2,0.0,2.6,10.333,3.369,0.0,True,learned_prefer
WAW permit aspect,register date environmental permit decision,0,2,0.0,2.6,10.333,3.369,0.0,True,learned_prefer
publish official draft decision,open draft decision for inspection,0,1,0.0,2.2,10.333,3.369,0.0,True,learned_prefer
set decision phase: draft decision for inspection,set decision phase decision permitting decided,0,1,0.0,2.2,10.333,3.369,0.0,True,learned_prefer
WAW permit aspect,WAW request permanently suspended,0,2,0.0,2.6,10.333,3.369,0.0,True,learned_prefer
WAW permit aspect,applicant is stakeholder,0,2,0.0,2.6,10.333,3.369,0.0,True,learned_prefer
WAW permit aspect,treat subcases content,0,2,0.0,2.6,10.333,3.369,0.0,True,learned_prefer
WAW permit aspect,regular procedure without MER,0,2,0.0,2.6,10.333,3.369,0.0,True,learned_prefer
WAW permit aspect,suspend term,0,2,0.0,2.6,10.333,3.369,0.0,True,learned_prefer
WAW permit aspect,extend procedure term,0,2,0.0,2.6,10.333,3.369,0.0,True,learned_prefer
WAW permit aspect,request complete,0,2,0.0,2.6,10.333,3.369,0.0,True,learned_prefer
WAW permit aspect,subcases completeness completed,0,2,0.0,2.6,10.333,3.369,0.0,True,learned_prefer
publish official draft decision,treat subcases content,0,1,0.0,2.2,10.333,3.369,0.0,True,learned_prefer
treat subcase perspective,subcase perspective complete,0,1,0.0,2.2,10.333,3.369,0.0,True,learned_prefer
publish official draft decision,transcript decision environmental permit to stakeholders,0,1,0.0,2.2,10.333,3.369,0.0,True,learned_prefer
suspend term,send procedure confirmation,0,3,0.0,2.8,10.238,3.356,0.0,True,learned_prefer
suspend term,decided on draft decision environmental permit,0,3,0.0,2.8,10.238,3.356,0.0,True,learned_prefer
suspend term,register number of days extension period,0,3,0.0,2.8,10.238,3.356,0.0,True,learned_prefer
suspend term,suspension ground applicable,0,3,0.0,2.8,10.238,3.356,0.0,True,learned_prefer
suspend term,create subcases completeness,0,3,0.0,2.8,10.238,3.356,0.0,True,learned_prefer
suspend term,MER present in supplement,0,3,0.0,2.8,10.238,3.356,0.0,True,learned_prefer
suspend term,perspective on draft decision environmental permit received,0,3,0.0,2.8,10.238,3.356,0.0,True,learned_prefer
suspend term,message terminate request,0,3,0.0,2.8,10.238,3.356,0.0,True,learned_prefer
suspend term,WAW permit aspect,0,3,0.0,2.8,10.238,3.356,0.0,True,learned_prefer
enter senddate decision suspension,request complete,0,1,0.0,2.2,10.111,3.338,0.0,True,learned_prefer
enter senddate decision suspension,treat subcase suspension art. 33 WABO,0,1,0.0,2.2,10.111,3.338,0.0,True,learned_prefer
enter senddate decision suspension,enter receipt of additional data,0,1,0.0,2.2,10.111,3.338,0.0,True,learned_prefer
enter senddate decision suspension,enter senddate retrieve missing data,0,1,0.0,2.2,10.111,3.338,0.0,True,learned_prefer
enter senddate decision suspension,generating decision environmental permit,0,1,0.0,2.2,10.111,3.338,0.0,True,learned_prefer
enter senddate decision suspension,creating decision suspension art. 34 WABO,0,1,0.0,2.2,10.111,3.338,0.0,True,learned_prefer
enter senddate decision suspension,enter enddate suspension art. 33 WABO,0,1,0.0,2.2,10.111,3.338,0.0,True,learned_prefer
enter senddate decision suspension,phase advice known,0,1,0.0,2.2,10.111,3.338,0.0,True,learned_prefer
enter senddate decision suspension,procedure change,0,1,0.0,2.2,10.111,3.338,0.0,True,learned_prefer
enter senddate decision suspension,register submission date request,0,1,0.0,2.2,10.111,3.338,0.0,True,learned_prefer
enter senddate decision suspension,creating decision suspension art. 33 WABO,0,1,0.0,2.2,10.111,3.338,0.0,True,learned_prefer
enter senddate decision suspension,enter enddate of suspension,0,1,0.0,2.2,10.111,3.338,0.0,True,learned_prefer
enter senddate decision suspension,subcase art. 35 WABO completed,0,1,0.0,2.2,10.111,3.338,0.0,True,learned_prefer
enter senddate decision suspension,set decision phase suspension decided,0,1,0.0,2.2,10.111,3.338,0.0,True,learned_prefer
enter senddate decision suspension,send confirmation receipt additional data,0,1,0.0,2.2,10.111,3.338,0.0,True,learned_prefer
enter senddate decision suspension,send decision suspension,0,1,0.0,2.2,10.111,3.338,0.0,True,learned_prefer
enter senddate decision suspension,treat subcases content,0,1,0.0,2.2,10.111,3.338,0.0,True,learned_prefer
enter senddate decision suspension,set decision phase suspension sent,0,1,0.0,2.2,10.111,3.338,0.0,True,learned_prefer
enter senddate decision suspension,suspend term,0,1,0.0,2.2,10.111,3.338,0.0,True,learned_prefer
enter senddate decision suspension,treat subcases completeness,0,1,0.0,2.2,10.111,3.338,0.0,True,learned_prefer
enter senddate decision suspension,phase additional information received,0,1,0.0,2.2,10.111,3.338,0.0,True,learned_prefer
phase forwarded to competent authority,enter senddate letter to stakeholders,91,0,91.0,0.0,10.015,3.324,-0.09,True,learned_prefer
activities regular procedure,objection to extension procedure term receptive,0,2,0.0,2.7,9.933,3.312,0.0,True,learned_prefer
activities regular procedure,create subcases completeness,0,2,0.0,2.7,9.933,3.312,0.0,True,learned_prefer
activities regular procedure,create procedure confirmation,0,2,0.0,2.7,9.933,3.312,0.0,True,learned_prefer
activities regular procedure,enter date advice on treatment of environmental permit,0,2,0.0,2.7,9.933,3.312,0.0,True,learned_prefer
activities regular procedure,enter senddate confirmation request,0,2,0.0,2.7,9.933,3.312,0.0,True,learned_prefer
activities regular procedure,inform BAG administrator,0,2,0.0,2.7,9.933,3.312,0.0,True,learned_prefer
activities regular procedure,enter senddate procedure confirmation,0,2,0.0,2.7,9.933,3.312,0.0,True,learned_prefer
activities regular procedure,enter senddate retrieve missing data,0,2,0.0,2.7,9.933,3.312,0.0,True,learned_prefer
enrich draft decision,set decision phase: draft decision permitted sent,16,1,33.3,2.3,9.866,3.302,-0.217,True,learned_prefer
enter date draft decisionenvironmental permit,enter senddate decision environmental permit,0,3,0.0,2.9,9.857,3.301,0.0,True,learned_prefer
enter date draft decisionenvironmental permit,enrich draft decision environmental permit,0,3,0.0,2.9,9.857,3.301,0.0,True,learned_prefer
enter date draft decisionenvironmental permit,start decisionphase draft decision - permitting decided,0,3,0.0,2.9,9.857,3.301,0.0,True,learned_prefer
enter date draft decisionenvironmental permit,publish,0,3,0.0,2.9,9.857,3.301,0.0,True,learned_prefer
enter date draft decisionenvironmental permit,treat subcases completeness,0,3,0.0,2.9,9.857,3.301,0.0,True,learned_prefer
phase draft decision made,phase advice known,0,3,0.0,2.9,9.857,3.301,0.0,True,learned_prefer
phase draft decision made,phase additional information received,0,3,0.0,2.9,9.857,3.301,0.0,True,learned_prefer
enter date draft decisionenvironmental permit,OLO messaging active,0,3,0.0,2.9,9.857,3.301,0.0,True,learned_prefer
enter date draft decisionenvironmental permit,generate draft decision environmental permit,0,3,0.0,2.9,9.857,3.301,0.0,True,learned_prefer
enter date draft decisionenvironmental permit,request complete,0,3,0.0,2.9,9.857,3.301,0.0,True,learned_prefer
phase draft decision made,phase application receptive,0,3,0.0,2.9,9.857,3.301,0.0,True,learned_prefer
enter date draft decisionenvironmental permit,register deadline,0,3,0.0,2.9,9.857,3.301,0.0,True,learned_prefer
enter date draft decisionenvironmental permit,registration date publication,0,3,0.0,2.9,9.857,3.301,0.0,True,learned_prefer
phase draft decision made,assessment of content completed,0,3,0.0,2.9,9.857,3.301,0.0,True,learned_prefer
enter date draft decisionenvironmental permit,detailed procedure applies,0,3,0.0,2.9,9.857,3.301,0.0,True,learned_prefer
phase draft decision made,set decision phase: draft decision permitted sent,0,3,0.0,2.9,9.857,3.301,0.0,True,learned_prefer
enter date draft decisionenvironmental permit,phase application received,0,3,0.0,2.9,9.857,3.301,0.0,True,learned_prefer
phase draft decision made,start decisionphase draft decision - permitting decided,0,3,0.0,2.9,9.857,3.301,0.0,True,learned_prefer
phase draft decision made,send design decision to stakeholders,0,3,0.0,2.9,9.857,3.301,0.0,True,learned_prefer
enter date draft decisionenvironmental permit,open draft decision for inspection,0,3,0.0,2.9,9.857,3.301,0.0,True,learned_prefer
enter date draft decisionenvironmental permit,set decision phase: draft decision for inspection,0,3,0.0,2.9,9.857,3.301,0.0,True,learned_prefer
regular procedure without MER,phase procedure term suspended,0,4,0.0,3.0,9.815,3.295,0.0,True,learned_prefer
regular procedure without MER,register date environmental permit decision,0,4,0.0,3.0,9.815,3.295,0.0,True,learned_prefer
regular procedure without MER,send confirmation receipt,0,4,0.0,3.0,9.815,3.295,0.0,True,learned_prefer
regular procedure without MER,set decision status,0,4,0.0,3.0,9.815,3.295,0.0,True,learned_prefer
regular procedure without MER,send procedure confirmation,0,4,0.0,3.0,9.815,3.295,0.0,True,learned_prefer
regular procedure without MER,register deadline,0,4,0.0,3.0,9.815,3.295,0.0,True,learned_prefer
regular procedure without MER,phase application received,0,4,0.0,3.0,9.815,3.295,0.0,True,learned_prefer
regular procedure without MER,extend procedure term,0,4,0.0,3.0,9.815,3.295,0.0,True,learned_prefer
registration date publication,creating cover letter decision,0,5,0.0,3.1,9.788,3.291,0.0,True,learned_prefer
registration date publication,term for supplying missing data,0,5,0.0,3.1,9.788,3.291,0.0,True,learned_prefer
set decision status,create cover letter permanent suspension,1,1,4.0,0.4,9.784,3.29,-0.013,True,learned_prefer
set decision status,enter senddate letter no permit required,2,2,8.0,0.8,9.784,3.29,-0.013,True,learned_prefer
enter senddate procedure confirmation,registration date publication,0,2,0.0,1.2,9.743,3.284,0.0,True,learned_prefer
forward to the competent authority,phase advice known,0,4,0.0,3.1,9.741,3.284,0.0,True,learned_prefer
enter senddate procedure confirmation,term for supplying missing data,0,2,0.0,1.2,9.743,3.284,0.0,True,learned_prefer
forward to the competent authority,publish,0,4,0.0,3.1,9.741,3.284,0.0,True,learned_prefer
forward to the competent authority,creating cover letter decision,0,4,0.0,3.1,9.741,3.284,0.0,True,learned_prefer
enter senddate procedure confirmation,MER required,0,2,0.0,1.2,9.743,3.284,0.0,True,learned_prefer
enter senddate procedure confirmation,create subcases completeness,0,2,0.0,1.2,9.743,3.284,0.0,True,learned_prefer
forward to the competent authority,regular procedure without MER,0,4,0.0,3.1,9.741,3.284,0.0,True,learned_prefer
enter senddate procedure confirmation,request complete,0,2,0.0,1.2,9.743,3.284,0.0,True,learned_prefer
enter senddate procedure confirmation,treat subcases content,0,2,0.0,1.2,9.743,3.284,0.0,True,learned_prefer
enter senddate procedure confirmation,enter senddate decision environmental permit,0,2,0.0,1.2,9.743,3.284,0.0,True,learned_prefer
forward to the competent authority,creating decision procedure term extension,0,4,0.0,3.1,9.741,3.284,0.0,True,learned_prefer
enter senddate procedure confirmation,procedure change,0,2,0.0,1.2,9.743,3.284,0.0,True,learned_prefer
enter senddate procedure confirmation,article 34  WABO applies,0,2,0.0,1.2,9.743,3.284,0.0,True,learned_prefer
enter senddate procedure confirmation,create letter requesting missing data,0,2,0.0,1.2,9.743,3.284,0.0,True,learned_prefer
enter senddate procedure confirmation,create publication document,0,2,0.0,1.2,9.743,3.284,0.0,True,learned_prefer
enter senddate procedure confirmation,enter senddate acknowledgement,0,2,0.0,1.2,9.743,3.284,0.0,True,learned_prefer
enter senddate procedure confirmation,set decision phase decision permitting decided,0,2,0.0,1.2,9.743,3.284,0.0,True,learned_prefer
forward to the competent authority,completed subcases content,0,4,0.0,3.1,9.741,3.284,0.0,True,learned_prefer
enter senddate procedure confirmation,enter senddate retrieve missing data,0,2,0.0,1.2,9.743,3.284,0.0,True,learned_prefer
enter senddate procedure confirmation,receive additional information,0,2,0.0,1.2,9.743,3.284,0.0,True,learned_prefer
forward to the competent authority,create decision no permit required,0,4,0.0,3.1,9.741,3.284,0.0,True,learned_prefer
enter senddate procedure confirmation,enter senddate party permitted,0,2,0.0,1.2,9.743,3.284,0.0,True,learned_prefer
enter senddate procedure confirmation,enter date publication decision environmental permit,0,2,0.0,1.2,9.743,3.284,0.0,True,learned_prefer
forward to the competent authority,MER present,0,4,0.0,3.1,9.741,3.284,0.0,True,learned_prefer
enter senddate procedure confirmation,initiative competent authority,0,2,0.0,1.2,9.743,3.284,0.0,True,learned_prefer
register deadline,reception through OLO,2,0,2.5,0.0,9.724,3.282,-0.07,True,learned_prefer
send suspension by competent authority,phase procedure term resumed,7,1,100.0,7.1,9.667,3.273,-0.013,True,learned_prefer
register number of days extension period,create suspension competent authority,0,2,0.0,2.8,9.667,3.273,0.0,True,learned_prefer
register number of days extension period,enter date decision procedure term extension,0,2,0.0,2.8,9.667,3.273,0.0,True,learned_prefer
registrer date of publishing received request,extend procedure term,0,2,0.0,1.7,9.56,3.257,0.0,True,learned_prefer
registrer date of publishing received request,enter date termination request received,0,2,0.0,1.7,9.56,3.257,0.0,True,learned_prefer
registrer date of publishing received request,set decision status,0,2,0.0,1.7,9.56,3.257,0.0,True,learned_prefer
registrer date of publishing received request,enter senddate request termination,0,2,0.0,1.7,9.56,3.257,0.0,True,learned_prefer
registrer date of publishing received request,request updated plan,0,2,0.0,1.7,9.56,3.257,0.0,True,learned_prefer
registrer date of publishing received request,enter senddate procedure confirmation,0,2,0.0,1.7,9.56,3.257,0.0,True,learned_prefer
registrer date of publishing received request,enter senddate decision environmental permit,0,2,0.0,1.7,9.56,3.257,0.0,True,learned_prefer
registrer date of publishing received request,registrer date of publishing received request,0,2,0.0,1.7,9.56,3.257,0.0,True,learned_prefer
registrer date of publishing received request,activities regular procedure,0,2,0.0,1.7,9.56,3.257,0.0,True,learned_prefer
registrer date of publishing received request,MER present in supplement,0,2,0.0,1.7,9.56,3.257,0.0,True,learned_prefer
registrer date of publishing received request,register deadline,0,2,0.0,1.7,9.56,3.257,0.0,True,learned_prefer
registrer date of publishing received request,registration date publication,0,2,0.0,1.7,9.56,3.257,0.0,True,learned_prefer
registrer date of publishing received request,phase advice known,0,2,0.0,1.7,9.56,3.257,0.0,True,learned_prefer
registrer date of publishing received request,subcases completeness completed,0,2,0.0,1.7,9.56,3.257,0.0,True,learned_prefer
registrer date of publishing received request,WAW permit aspect,0,2,0.0,1.7,9.56,3.257,0.0,True,learned_prefer
registrer date of publishing received request,generating decision environmental permit,0,2,0.0,1.7,9.56,3.257,0.0,True,learned_prefer
registrer date of publishing received request,terminate on request,0,2,0.0,1.7,9.56,3.257,0.0,True,learned_prefer
registrer date of publishing received request,enter senddate decision suspension,0,2,0.0,1.7,9.56,3.257,0.0,True,learned_prefer
registrer date of publishing received request,detailed procedure applies,0,2,0.0,1.7,9.56,3.257,0.0,True,learned_prefer
updated plan received,register receipt updated plan,0,1,0.0,2.4,9.444,3.239,0.0,True,learned_prefer
updated plan received,WAW permit aspect,0,1,0.0,2.4,9.444,3.239,0.0,True,learned_prefer
updated plan received,treat subcases content,0,1,0.0,2.4,9.444,3.239,0.0,True,learned_prefer
enter senddate decision permanent suspension,decision permanently suspended,18,3,72.0,6.7,9.431,3.237,-0.013,True,learned_prefer
create publication document,phase updated plan received,0,2,0.0,1.2,9.4,3.233,0.0,True,learned_prefer
create publication document,read field phased application,0,2,0.0,1.2,9.4,3.233,0.0,True,learned_prefer
create publication document,regular procedure without MER,0,2,0.0,1.2,9.4,3.233,0.0,True,learned_prefer
create publication document,enter senddate draft decision,0,2,0.0,1.2,9.4,3.233,0.0,True,learned_prefer
create publication document,article 34  WABO applies,0,2,0.0,1.2,9.4,3.233,0.0,True,learned_prefer
create publication document,set decision phase decision permitting decided,0,2,0.0,1.2,9.4,3.233,0.0,True,learned_prefer
create publication document,extend procedure term,0,2,0.0,1.2,9.4,3.233,0.0,True,learned_prefer
create publication document,enter date draft decisionenvironmental permit,0,2,0.0,1.2,9.4,3.233,0.0,True,learned_prefer
create publication document,forward to the competent authority,0,2,0.0,1.2,9.4,3.233,0.0,True,learned_prefer
create publication document,create decision procedure term extension,0,2,0.0,1.2,9.4,3.233,0.0,True,learned_prefer
create publication document,suspend term,0,2,0.0,1.2,9.4,3.233,0.0,True,learned_prefer
create publication document,date draft decision for inspection,0,2,0.0,1.2,9.4,3.233,0.0,True,learned_prefer
create publication document,create subcases completeness,0,2,0.0,1.2,9.4,3.233,0.0,True,learned_prefer
create publication document,create publication document,0,2,0.0,1.2,9.4,3.233,0.0,True,learned_prefer
create publication document,applicant is stakeholder,0,2,0.0,1.2,9.4,3.233,0.0,True,learned_prefer
create publication document,request complete,0,2,0.0,1.2,9.4,3.233,0.0,True,learned_prefer
create publication document,publish official draft decision,0,2,0.0,1.2,9.4,3.233,0.0,True,learned_prefer
create publication document,phase asked additional information,0,2,0.0,1.2,9.4,3.233,0.0,True,learned_prefer
create publication document,phase draft decision made,0,2,0.0,1.2,9.4,3.233,0.0,True,learned_prefer
create publication document,enter senddate acknowledgement,0,2,0.0,1.2,9.4,3.233,0.0,True,learned_prefer
phase application received,cancel case,12,2,11.7,1.0,9.396,3.232,-0.013,True,learned_prefer
enter senddate decision environmental permit,enter senddate procedure confirmation,0,6,0.0,3.3,9.359,3.226,0.0,True,learned_prefer
enter senddate decision environmental permit,close case,0,6,0.0,3.3,9.359,3.226,0.0,True,learned_prefer
enter senddate decision environmental permit,create publication document,0,6,0.0,3.3,9.359,3.226,0.0,True,learned_prefer
date draft decision for inspection,no permit needed or only notification needed,0,2,0.0,2.9,9.267,3.212,0.0,True,learned_prefer
date draft decision for inspection,send design decision to stakeholders,0,2,0.0,2.9,9.267,3.212,0.0,True,learned_prefer
date draft decision for inspection,enter senddate draft decision,0,2,0.0,2.9,9.267,3.212,0.0,True,learned_prefer
date draft decision for inspection,reception through OLO,0,2,0.0,2.9,9.267,3.212,0.0,True,learned_prefer
date draft decision for inspection,start decisionphase draft decision - permitting decided,0,2,0.0,2.9,9.267,3.212,0.0,True,learned_prefer
date draft decision for inspection,phase draft decision made,0,2,0.0,2.9,9.267,3.212,0.0,True,learned_prefer
date draft decision for inspection,publication date draft decision,0,2,0.0,2.9,9.267,3.212,0.0,True,learned_prefer
treat subcase suspension art. 33 WABO,send decision suspension,0,1,0.0,2.4,9.222,3.205,0.0,True,learned_prefer
treat subcase suspension art. 33 WABO,enter enddate suspension art. 33 WABO,0,1,0.0,2.4,9.222,3.205,0.0,True,learned_prefer
treat subcase suspension art. 33 WABO,subcase art. 34 WABO completed,0,1,0.0,2.4,9.222,3.205,0.0,True,learned_prefer
treat subcase suspension art. 33 WABO,start decision phase decision permitting sent,0,1,0.0,2.4,9.222,3.205,0.0,True,learned_prefer
treat subcase suspension art. 33 WABO,phase advice known,0,1,0.0,2.4,9.222,3.205,0.0,True,learned_prefer
treat subcase suspension art. 33 WABO,phase decision sent,0,1,0.0,2.4,9.222,3.205,0.0,True,learned_prefer
treat subcase suspension art. 33 WABO,set decision phase decision permitting decided,0,1,0.0,2.4,9.222,3.205,0.0,True,learned_prefer
enter date decision procedure term extension,coordination of application,0,2,0.0,2.9,9.133,3.191,0.0,True,learned_prefer
enter date decision procedure term extension,enter senddate decision procedure term extension,0,2,0.0,2.9,9.133,3.191,0.0,True,learned_prefer
enter date decision procedure term extension,applicant is stakeholder,0,2,0.0,2.9,9.133,3.191,0.0,True,learned_prefer
enter date decision procedure term extension,procedure change,0,2,0.0,2.9,9.133,3.191,0.0,True,learned_prefer
enter date decision procedure term extension,registrer date of publishing received request,0,2,0.0,2.9,9.133,3.191,0.0,True,learned_prefer
enter date decision procedure term extension,inform BAG administrator,0,2,0.0,2.9,9.133,3.191,0.0,True,learned_prefer
enter date decision procedure term extension,phase procedure extended,0,2,0.0,2.9,9.133,3.191,0.0,True,learned_prefer
enter date decision procedure term extension,request complete,0,2,0.0,2.9,9.133,3.191,0.0,True,learned_prefer
enter date decision procedure term extension,resume completeness subcases,0,2,0.0,2.9,9.133,3.191,0.0,True,learned_prefer
enter date decision procedure term extension,terminate on request,0,2,0.0,2.9,9.133,3.191,0.0,True,learned_prefer
enter date decision procedure term extension,enter senddate procedure confirmation,0,2,0.0,2.9,9.133,3.191,0.0,True,learned_prefer
enter date decision procedure term extension,creating decision procedure term extension,0,2,0.0,2.9,9.133,3.191,0.0,True,learned_prefer
enter date decision procedure term extension,create publication document,0,2,0.0,2.9,9.133,3.191,0.0,True,learned_prefer
enter date decision procedure term extension,enter senddate decision environmental permit,0,2,0.0,2.9,9.133,3.191,0.0,True,learned_prefer
enter date decision procedure term extension,retrieve missing data,0,2,0.0,2.9,9.133,3.191,0.0,True,learned_prefer
enter date decision procedure term extension,send procedure confirmation,0,2,0.0,2.9,9.133,3.191,0.0,True,learned_prefer
term for supplying missing data,set decision phase decision permitting decided,0,2,0.0,2.9,9.133,3.191,0.0,True,learned_prefer
term for supplying missing data,suspend term,0,2,0.0,2.9,9.133,3.191,0.0,True,learned_prefer
term for supplying missing data,extend procedure term,0,2,0.0,2.9,9.133,3.191,0.0,True,learned_prefer
term for supplying missing data,enter senddate procedure term extension,0,2,0.0,2.9,9.133,3.191,0.0,True,learned_prefer
term for supplying missing data,enter senddate decision procedure term extension,0,2,0.0,2.9,9.133,3.191,0.0,True,learned_prefer
term for supplying missing data,phase application received,0,2,0.0,2.9,9.133,3.191,0.0,True,learned_prefer
term for supplying missing data,objection to permanent suspension received,0,2,0.0,2.9,9.133,3.191,0.0,True,learned_prefer
term for supplying missing data,phase asked additional information,0,2,0.0,2.9,9.133,3.191,0.0,True,learned_prefer
term for supplying missing data,procedure change,0,2,0.0,2.9,9.133,3.191,0.0,True,learned_prefer
start decision phase extension granted,term for submitting updated plan,0,2,0.0,3.0,9.0,3.17,0.0,True,learned_prefer
calculate provisional charges,subcases completeness completed,0,1,0.0,2.5,9.0,3.17,0.0,True,learned_prefer
calculate provisional charges,no permit needed or only notification needed,0,1,0.0,2.5,9.0,3.17,0.0,True,learned_prefer
calculate provisional charges,perspective on draft decision environmental permit received,0,1,0.0,2.5,9.0,3.17,0.0,True,learned_prefer
calculate provisional charges,OLO messaging active,0,1,0.0,2.5,9.0,3.17,0.0,True,learned_prefer
calculate provisional charges,extend procedure term,0,1,0.0,2.5,9.0,3.17,0.0,True,learned_prefer
creating decision procedure term extension,phase advice known,0,1,0.0,2.5,9.0,3.17,0.0,True,learned_prefer
creating decision procedure term extension,decision procedure term extension,0,1,0.0,2.5,9.0,3.17,0.0,True,learned_prefer
start decision phase extension granted,create cover letter extend procedure term,0,2,0.0,3.0,9.0,3.17,0.0,True,learned_prefer
start decision phase extension granted,coordination of application,0,2,0.0,3.0,9.0,3.17,0.0,True,learned_prefer
creating decision procedure term extension,phase permanently suspended,0,1,0.0,2.5,9.0,3.17,0.0,True,learned_prefer
creating decision procedure term extension,send confirmation receipt,0,1,0.0,2.5,9.0,3.17,0.0,True,learned_prefer
creating decision procedure term extension,treat subcases completeness,0,1,0.0,2.5,9.0,3.17,0.0,True,learned_prefer
calculate provisional charges,read field phased application,0,1,0.0,2.5,9.0,3.17,0.0,True,learned_prefer
creating decision procedure term extension,submit decision,0,1,0.0,2.5,9.0,3.17,0.0,True,learned_prefer
calculate provisional charges,treat subcases completeness,0,1,0.0,2.5,9.0,3.17,0.0,True,learned_prefer
calculate provisional charges,terminate on request,0,1,0.0,2.5,9.0,3.17,0.0,True,learned_prefer
creating decision procedure term extension,assessment of content completed,0,1,0.0,2.5,9.0,3.17,0.0,True,learned_prefer
calculate provisional charges,start decision phase extension granted,0,1,0.0,2.5,9.0,3.17,0.0,True,learned_prefer
start decision phase extension granted,create decision procedure term extension,0,2,0.0,3.0,9.0,3.17,0.0,True,learned_prefer
calculate provisional charges,submit decision,0,1,0.0,2.5,9.0,3.17,0.0,True,learned_prefer
creating decision procedure term extension,decision date prior to decision,0,1,0.0,2.5,9.0,3.17,0.0,True,learned_prefer
start decision phase extension granted,creating environmental permit decision,0,2,0.0,3.0,9.0,3.17,0.0,True,learned_prefer
start decision phase extension granted,creating decision procedure term extension,0,2,0.0,3.0,9.0,3.17,0.0,True,learned_prefer
start decision phase extension granted,create subcases completeness,0,2,0.0,3.0,9.0,3.17,0.0,True,learned_prefer
start decision phase extension granted,extend procedure term,0,2,0.0,3.0,9.0,3.17,0.0,True,learned_prefer
creating decision procedure term extension,enter senddate decision procedure term extension,0,1,0.0,2.5,9.0,3.17,0.0,True,learned_prefer
start decision phase extension granted,subcases completeness completed,0,2,0.0,3.0,9.0,3.17,0.0,True,learned_prefer
start decision phase extension granted,register suspension by competent authority,0,2,0.0,3.0,9.0,3.17,0.0,True,learned_prefer
start decision phase extension granted,phase application receptive,0,2,0.0,3.0,9.0,3.17,0.0,True,learned_prefer
start decision phase extension granted,phase additional information received,0,2,0.0,3.0,9.0,3.17,0.0,True,learned_prefer
assessment of content completed,investigate BAG objects,2,1,6.7,0.6,8.88,3.151,-0.013,True,learned_prefer
applicant is stakeholder,enter date publication decision environmental permit,0,4,0.0,3.4,8.852,3.146,0.0,True,learned_prefer
applicant is stakeholder,send procedure confirmation,0,4,0.0,3.4,8.852,3.146,0.0,True,learned_prefer
applicant is stakeholder,procedure change after completeness,0,4,0.0,3.4,8.852,3.146,0.0,True,learned_prefer
applicant is stakeholder,send confirmation receipt,0,4,0.0,3.4,8.852,3.146,0.0,True,learned_prefer
applicant is stakeholder,investigate BAG objects,0,4,0.0,3.4,8.852,3.146,0.0,True,learned_prefer
creating decision permanently suspended,subcases completeness completed,0,1,0.0,2.6,8.778,3.134,0.0,True,learned_prefer
start decision phase permanently suspended decided,enter senddate decision permanent suspension,21,4,100.0,10.3,8.778,3.134,-0.013,True,learned_prefer
creating decision permanently suspended,create cover letter permanent suspension,0,1,0.0,2.6,8.778,3.134,0.0,True,learned_prefer
creating decision permanently suspended,phase archived case,0,1,0.0,2.6,8.778,3.134,0.0,True,learned_prefer
creating decision permanently suspended,decision date prior to decision,0,1,0.0,2.6,8.778,3.134,0.0,True,learned_prefer
creating decision permanently suspended,decision keep permanently suspended,0,1,0.0,2.6,8.778,3.134,0.0,True,learned_prefer
creating decision permanently suspended,enter date decision permanent suspension,0,1,0.0,2.6,8.778,3.134,0.0,True,learned_prefer
phase decision suspended,creating decision suspension 35 WABO,0,1,0.0,2.6,8.778,3.134,0.0,True,learned_prefer
phase decision suspended,enter senddate decision suspension,0,1,0.0,2.6,8.778,3.134,0.0,True,learned_prefer
phase decision suspended,phase decision sent,0,1,0.0,2.6,8.778,3.134,0.0,True,learned_prefer
phase decision suspended,phase decision ready,0,1,0.0,2.6,8.778,3.134,0.0,True,learned_prefer
enter senddate letter no permit required,phase case handled,2,2,66.7,6.7,8.714,3.123,-0.013,True,learned_prefer
enter senddate letter no permit required,stop all running subcases 2b,1,1,33.3,3.3,8.714,3.123,-0.32,True,learned_prefer
phase decision taken,start WABOprocedure,0,4,0.0,3.4,8.63,3.109,0.0,True,learned_prefer
phase decision taken,subcase art. 33 WABO completed,0,4,0.0,3.4,8.63,3.109,0.0,True,learned_prefer
start decision phase decision permitting sent,send confirmation receipt additional data,0,5,0.0,3.5,8.576,3.1,0.0,True,learned_prefer
register receipt updated plan,article 33 applies,15,2,83.3,8.0,8.546,3.095,-0.07,True,learned_prefer
phase case handled,assessment of content completed,11,1,15.7,1.3,8.537,3.094,-0.032,True,learned_prefer
receive additional information,enter senddate updated plan,0,2,0.0,1.9,8.52,3.091,0.0,True,learned_prefer
receive additional information,no permit needed or only notification needed,0,2,0.0,1.9,8.52,3.091,0.0,True,learned_prefer
receive additional information,creating environmental permit decision,0,2,0.0,1.9,8.52,3.091,0.0,True,learned_prefer
receive additional information,article 34  WABO applies,0,2,0.0,1.9,8.52,3.091,0.0,True,learned_prefer
receive additional information,enter date advice on treatment of environmental permit,0,2,0.0,1.9,8.52,3.091,0.0,True,learned_prefer
receive additional information,suspend term,0,2,0.0,1.9,8.52,3.091,0.0,True,learned_prefer
entering senddate draft decision environmental permit,receive additional information,0,3,0.0,3.4,8.524,3.091,0.0,True,learned_prefer
receive additional information,send procedure confirmation,0,2,0.0,1.9,8.52,3.091,0.0,True,learned_prefer
entering senddate draft decision environmental permit,register submission date request,0,3,0.0,3.4,8.524,3.091,0.0,True,learned_prefer
entering senddate draft decision environmental permit,procedure change,0,3,0.0,3.4,8.524,3.091,0.0,True,learned_prefer
receive additional information,stop suspended completeness subcases,0,2,0.0,1.9,8.52,3.091,0.0,True,learned_prefer
receive additional information,send letter in progress,0,2,0.0,1.9,8.52,3.091,0.0,True,learned_prefer
entering senddate draft decision environmental permit,submit decision,0,3,0.0,3.4,8.524,3.091,0.0,True,learned_prefer
receive additional information,request complete,0,2,0.0,1.9,8.52,3.091,0.0,True,learned_prefer
receive additional information,phase concept draft decision ready,0,2,0.0,1.9,8.52,3.091,0.0,True,learned_prefer
receive additional information,suspension ground applicable,0,2,0.0,1.9,8.52,3.091,0.0,True,learned_prefer
receive additional information,phase archived case,0,2,0.0,1.9,8.52,3.091,0.0,True,learned_prefer
receive additional information,enter date decision permanent suspension,0,2,0.0,1.9,8.52,3.091,0.0,True,learned_prefer
entering senddate draft decision environmental permit,enter date draft decisionenvironmental permit,0,3,0.0,3.4,8.524,3.091,0.0,True,learned_prefer
receive additional information,phase application received,0,2,0.0,1.9,8.52,3.091,0.0,True,learned_prefer
receive additional information,applicant is stakeholder,0,2,0.0,1.9,8.52,3.091,0.0,True,learned_prefer
entering senddate draft decision environmental permit,generate draft decision environmental permit,0,3,0.0,3.4,8.524,3.091,0.0,True,learned_prefer
enter senddate draft decision,completed subcases content,0,4,0.0,3.5,8.407,3.072,0.0,True,learned_prefer
enter senddate draft decision,enter senddate decision,0,4,0.0,3.5,8.407,3.072,0.0,True,learned_prefer
enter senddate draft decision,phase draft decision sent,0,4,0.0,3.5,8.407,3.072,0.0,True,learned_prefer
enter senddate draft decision,phase concept draft decision ready,0,4,0.0,3.5,8.407,3.072,0.0,True,learned_prefer
enter senddate draft decision,enter publication date draft decision,0,4,0.0,3.5,8.407,3.072,0.0,True,learned_prefer
enter senddate draft decision,create draft environtmental permit,0,4,0.0,3.5,8.407,3.072,0.0,True,learned_prefer
enter senddate retrieve missing data,entering senddate draft decision environmental permit,0,3,0.0,3.4,8.333,3.059,0.0,True,learned_prefer
enter senddate retrieve missing data,retrieve missing data,0,3,0.0,3.4,8.333,3.059,0.0,True,learned_prefer
set phase,creating environmental permit decision,2,1,100.0,8.3,8.333,3.059,-0.093,True,learned_prefer
enter senddate retrieve missing data,enter enddate suspension art. 33 WABO,0,3,0.0,3.4,8.333,3.059,0.0,True,learned_prefer
enter senddate retrieve missing data,request complete,0,3,0.0,3.4,8.333,3.059,0.0,True,learned_prefer
enter senddate retrieve missing data,register date environmental permit decision,0,3,0.0,3.4,8.333,3.059,0.0,True,learned_prefer
enter senddate retrieve missing data,create subcases completeness,0,3,0.0,3.4,8.333,3.059,0.0,True,learned_prefer
registration date publication,enter senddate acknowledgement,0,6,0.0,3.7,8.282,3.05,0.0,True,learned_prefer
suspension ground applicable,coordination of application,0,3,0.0,3.5,8.238,3.042,0.0,True,learned_prefer
suspension ground applicable,creating environmental permit decision,0,3,0.0,3.5,8.238,3.042,0.0,True,learned_prefer
suspension ground applicable,enter senddate acknowledgement,0,3,0.0,3.5,8.238,3.042,0.0,True,learned_prefer
suspension ground applicable,enter senddate procedure confirmation,0,3,0.0,3.5,8.238,3.042,0.0,True,learned_prefer
suspension ground applicable,mesage request VVGB,0,3,0.0,3.5,8.238,3.042,0.0,True,learned_prefer
suspension ground applicable,treat subcases content,0,3,0.0,3.5,8.238,3.042,0.0,True,learned_prefer
received OLO documents,procedure change,0,3,0.0,3.5,8.143,3.026,0.0,True,learned_prefer
received OLO documents,phase additional information received,0,3,0.0,3.5,8.143,3.026,0.0,True,learned_prefer
received OLO documents,request complete,0,3,0.0,3.5,8.143,3.026,0.0,True,learned_prefer
received OLO documents,retrieve missing data,0,3,0.0,3.5,8.143,3.026,0.0,True,learned_prefer
received OLO documents,stop all running subcases 2b,0,3,0.0,3.5,8.143,3.026,0.0,True,learned_prefer
received OLO documents,registration date publication,0,3,0.0,3.5,8.143,3.026,0.0,True,learned_prefer
received OLO documents,set decision status,0,3,0.0,3.5,8.143,3.026,0.0,True,learned_prefer
received OLO documents,completed subcases content,0,3,0.0,3.5,8.143,3.026,0.0,True,learned_prefer
phase procedure resumed,enter senddate decision environmental permit,0,1,0.0,2.8,8.111,3.02,0.0,True,learned_prefer
phase procedure resumed,enter enddate suspension art. 33 WABO,0,1,0.0,2.8,8.111,3.02,0.0,True,learned_prefer
creating decision suspension art. 33 WABO,enter senddate decision suspension,0,1,0.0,2.8,8.111,3.02,0.0,True,learned_prefer
phase procedure resumed,assessment of content completed,0,1,0.0,2.8,8.111,3.02,0.0,True,learned_prefer
phase procedure resumed,treat subcases content,0,1,0.0,2.8,8.111,3.02,0.0,True,learned_prefer
creating decision suspension art. 33 WABO,inform BAG administrator,0,1,0.0,2.8,8.111,3.02,0.0,True,learned_prefer
phase procedure resumed,send decision suspension,0,1,0.0,2.8,8.111,3.02,0.0,True,learned_prefer
phase procedure resumed,creating decision suspension art. 33 WABO,0,1,0.0,2.8,8.111,3.02,0.0,True,learned_prefer
creating decision suspension art. 33 WABO,set decision status,0,1,0.0,2.8,8.111,3.02,0.0,True,learned_prefer
creating decision suspension art. 33 WABO,treat subcases content,0,1,0.0,2.8,8.111,3.02,0.0,True,learned_prefer
creating decision suspension art. 33 WABO,treat subcase suspension art. 33 WABO,0,1,0.0,2.8,8.111,3.02,0.0,True,learned_prefer
creating decision suspension art. 33 WABO,phase application receptive,0,1,0.0,2.8,8.111,3.02,0.0,True,learned_prefer
phase procedure resumed,register objection and appeal periods,0,1,0.0,2.8,8.111,3.02,0.0,True,learned_prefer
send confirmation receipt additional data,submit decision,0,2,0.0,3.3,8.067,3.012,0.0,True,learned_prefer
send confirmation receipt additional data,inform BAG administrator,0,2,0.0,3.3,8.067,3.012,0.0,True,learned_prefer
send confirmation receipt additional data,phase advice known,0,2,0.0,3.3,8.067,3.012,0.0,True,learned_prefer
send confirmation receipt additional data,creating environmental permit decision,0,2,0.0,3.3,8.067,3.012,0.0,True,learned_prefer
send confirmation receipt additional data,set decision phase decision permitting decided,0,2,0.0,3.3,8.067,3.012,0.0,True,learned_prefer
send confirmation receipt additional data,send letter in progress,0,2,0.0,3.3,8.067,3.012,0.0,True,learned_prefer
send confirmation receipt additional data,enter receipt of additional data,0,2,0.0,3.3,8.067,3.012,0.0,True,learned_prefer
send confirmation receipt additional data,phase asked additional information,0,2,0.0,3.3,8.067,3.012,0.0,True,learned_prefer
send confirmation receipt additional data,phase application receptive,0,2,0.0,3.3,8.067,3.012,0.0,True,learned_prefer
send confirmation receipt additional data,create decision procedure term extension,0,2,0.0,3.3,8.067,3.012,0.0,True,learned_prefer
send confirmation receipt additional data,extend procedure term,0,2,0.0,3.3,8.067,3.012,0.0,True,learned_prefer
send confirmation receipt additional data,treat subcases content,0,2,0.0,3.3,8.067,3.012,0.0,True,learned_prefer
set decision phase inspection of decision permitting,completed subcases content,0,2,0.0,3.3,8.067,3.012,0.0,True,learned_prefer
set decision phase inspection of decision permitting,appeal and preliminary injunction in system,0,2,0.0,3.3,8.067,3.012,0.0,True,learned_prefer
send confirmation receipt additional data,procedure change after completeness,0,2,0.0,3.3,8.067,3.012,0.0,True,learned_prefer
set decision phase inspection of decision permitting,appeal logded,0,2,0.0,3.3,8.067,3.012,0.0,True,learned_prefer
set decision phase inspection of decision permitting,phase draft decision sent,0,2,0.0,3.3,8.067,3.012,0.0,True,learned_prefer
set decision phase inspection of decision permitting,enter senddate decision environmental permit,0,2,0.0,3.3,8.067,3.012,0.0,True,learned_prefer
set decision phase inspection of decision permitting,send design decision to stakeholders,0,2,0.0,3.3,8.067,3.012,0.0,True,learned_prefer
set decision phase inspection of decision permitting,phase decision ready,0,2,0.0,3.3,8.067,3.012,0.0,True,learned_prefer
set decision phase inspection of decision permitting,phase decision sent,0,2,0.0,3.3,8.067,3.012,0.0,True,learned_prefer
set decision phase inspection of decision permitting,set decision status,0,2,0.0,3.3,8.067,3.012,0.0,True,learned_prefer
regular procedure without MER,applicant is stakeholder,0,5,0.0,3.8,8.03,3.005,0.0,True,learned_prefer
regular procedure without MER,phase advice known,0,5,0.0,3.8,8.03,3.005,0.0,True,learned_prefer
regular procedure without MER,enter senddate acknowledgement,0,5,0.0,3.8,8.03,3.005,0.0,True,learned_prefer
regular procedure without MER,enter date termination request received,0,5,0.0,3.8,8.03,3.005,0.0,True,learned_prefer
regular procedure without MER,create procedure confirmation,0,5,0.0,3.8,8.03,3.005,0.0,True,learned_prefer
forward to the competent authority,create procedure confirmation,0,5,0.0,3.8,7.97,2.995,0.0,True,learned_prefer
suspend term,phase advice known,0,4,0.0,3.7,7.963,2.993,0.0,True,learned_prefer
suspend term,phase procedure term suspended,0,4,0.0,3.7,7.963,2.993,0.0,True,learned_prefer
suspend term,receive additional information,0,4,0.0,3.7,7.963,2.993,0.0,True,learned_prefer
suspend term,publish,0,4,0.0,3.7,7.963,2.993,0.0,True,learned_prefer
suspend term,register date environmental permit decision,0,4,0.0,3.7,7.963,2.993,0.0,True,learned_prefer
by law,create publication document,0,2,0.0,3.4,7.933,2.988,0.0,True,learned_prefer
by law,request complete,0,2,0.0,3.4,7.933,2.988,0.0,True,learned_prefer
by law,phase procedure resumed,0,2,0.0,3.4,7.933,2.988,0.0,True,learned_prefer
by law,start WABOprocedure,0,2,0.0,3.4,7.933,2.988,0.0,True,learned_prefer
by law,OLO messaging active,0,2,0.0,3.4,7.933,2.988,0.0,True,learned_prefer
by law,decision date prior to decision,0,2,0.0,3.4,7.933,2.988,0.0,True,learned_prefer
by law,decision terminate on request,0,2,0.0,3.4,7.933,2.988,0.0,True,learned_prefer
by law,treat subcases content,0,2,0.0,3.4,7.933,2.988,0.0,True,learned_prefer
by law,start decision phase decision permitting sent,0,2,0.0,3.4,7.933,2.988,0.0,True,learned_prefer
by law,transcript decision environmental permit to stakeholders,0,2,0.0,3.4,7.933,2.988,0.0,True,learned_prefer
phase procedure prematurely terminated,enter senddate request termination,0,1,0.0,2.9,7.889,2.98,0.0,True,learned_prefer
phase procedure prematurely terminated,enter date termination request received,0,1,0.0,2.9,7.889,2.98,0.0,True,learned_prefer
phase procedure prematurely terminated,phase application received,0,1,0.0,2.9,7.889,2.98,0.0,True,learned_prefer
phase procedure prematurely terminated,registration date publication,0,1,0.0,2.9,7.889,2.98,0.0,True,learned_prefer
procedure change,initiative competent authority,16,4,19.5,2.3,7.889,2.98,-0.127,True,learned_prefer
phase procedure prematurely terminated,phase archived case,0,1,0.0,2.9,7.889,2.98,0.0,True,learned_prefer
subcase art. 33 WABO completed,phase decision suspended,0,2,0.0,3.4,7.8,2.963,0.0,True,learned_prefer
subcase art. 33 WABO completed,treat subcase suspension art. 33 WABO,0,2,0.0,3.4,7.8,2.963,0.0,True,learned_prefer
subcase art. 33 WABO completed,send decision suspension,0,2,0.0,3.4,7.8,2.963,0.0,True,learned_prefer
subcase art. 33 WABO completed,set decision phase: suspension cancelled,0,2,0.0,3.4,7.8,2.963,0.0,True,learned_prefer
subcase art. 33 WABO completed,phase advice known,0,2,0.0,3.4,7.8,2.963,0.0,True,learned_prefer
subcase art. 33 WABO completed,treat subcase suspension art. 35 WABO,0,2,0.0,3.4,7.8,2.963,0.0,True,learned_prefer
enter receipt of additional data,article 34  WABO applies,0,3,0.0,3.7,7.762,2.956,0.0,True,learned_prefer
enter receipt of additional data,register number of days extension period,0,3,0.0,3.7,7.762,2.956,0.0,True,learned_prefer
enter receipt of additional data,enter date decision procedure term extension,0,3,0.0,3.7,7.762,2.956,0.0,True,learned_prefer
enter receipt of additional data,enter date advice on treatment of environmental permit,0,3,0.0,3.7,7.762,2.956,0.0,True,learned_prefer
enter receipt of additional data,enter senddate decision,0,3,0.0,3.7,7.762,2.956,0.0,True,learned_prefer
read field phased application,start decision phase extension granted,0,3,0.0,3.8,7.667,2.939,0.0,True,learned_prefer
open draft decision for inspection,procedure change after completeness,0,1,0.0,2.9,7.667,2.939,0.0,True,learned_prefer
open draft decision for inspection,term perspective on draft decision,0,1,0.0,2.9,7.667,2.939,0.0,True,learned_prefer
open draft decision for inspection,treat subcases content,0,1,0.0,2.9,7.667,2.939,0.0,True,learned_prefer
enter date draft decisionenvironmental permit,forward to the competent authority,0,4,0.0,3.9,7.667,2.939,0.0,True,learned_prefer
MER present,send confirmation receipt,0,1,0.0,2.9,7.667,2.939,0.0,True,learned_prefer
read field phased application,phase draft decision made,0,3,0.0,3.8,7.667,2.939,0.0,True,learned_prefer
phase draft decision made,treat subcases content,0,4,0.0,3.9,7.667,2.939,0.0,True,learned_prefer
read field phased application,request complete,0,3,0.0,3.8,7.667,2.939,0.0,True,learned_prefer
read field phased application,phase decision ready,0,3,0.0,3.8,7.667,2.939,0.0,True,learned_prefer
read field phased application,procedure change,0,3,0.0,3.8,7.667,2.939,0.0,True,learned_prefer
open draft decision for inspection,term for supplying missing data,0,1,0.0,2.9,7.667,2.939,0.0,True,learned_prefer
open draft decision for inspection,assessment of content completed,0,1,0.0,2.9,7.667,2.939,0.0,True,learned_prefer
open draft decision for inspection,create publication document,0,1,0.0,2.9,7.667,2.939,0.0,True,learned_prefer
read field phased application,enter senddate procedure confirmation,0,3,0.0,3.8,7.667,2.939,0.0,True,learned_prefer
phase draft decision made,phase decision ready,0,4,0.0,3.9,7.667,2.939,0.0,True,learned_prefer
phase draft decision made,phase draft decision made,0,4,0.0,3.9,7.667,2.939,0.0,True,learned_prefer
open draft decision for inspection,create cover letter draft decision,0,1,0.0,2.9,7.667,2.939,0.0,True,learned_prefer
open draft decision for inspection,date draft decision for inspection,0,1,0.0,2.9,7.667,2.939,0.0,True,learned_prefer
phase draft decision made,perspective on draft decision environmental permit received,0,4,0.0,3.9,7.667,2.939,0.0,True,learned_prefer
phase draft decision made,set decision status,0,4,0.0,3.9,7.667,2.939,0.0,True,learned_prefer
read field phased application,create procedure confirmation,0,3,0.0,3.8,7.667,2.939,0.0,True,learned_prefer
MER present,investigate BAG objects,0,1,0.0,2.9,7.667,2.939,0.0,True,learned_prefer
open draft decision for inspection,message change status,0,1,0.0,2.9,7.667,2.939,0.0,True,learned_prefer
read field phased application,submit draft decision,0,3,0.0,3.8,7.667,2.939,0.0,True,learned_prefer
reason for suspension found,treat subcases completeness,16,3,100.0,11.5,7.571,2.921,-0.013,True,learned_prefer
enter senddate decision procedure term extension,decision date prior to decision,0,1,0.0,1.8,7.533,2.913,0.0,True,learned_prefer
enter senddate decision procedure term extension,creating decision procedure term extension,0,1,0.0,1.8,7.533,2.913,0.0,True,learned_prefer
enter senddate decision procedure term extension,grounds for refusal,0,1,0.0,1.8,7.533,2.913,0.0,True,learned_prefer
enter senddate decision procedure term extension,enter senddate decision environmental permit,0,1,0.0,1.8,7.533,2.913,0.0,True,learned_prefer
enter senddate decision procedure term extension,forward to the competent authority,0,1,0.0,1.8,7.533,2.913,0.0,True,learned_prefer
enter senddate decision procedure term extension,enter senddate procedure confirmation,0,1,0.0,1.8,7.533,2.913,0.0,True,learned_prefer
enter senddate decision procedure term extension,create letter requesting updated plan,0,1,0.0,1.8,7.533,2.913,0.0,True,learned_prefer
enter senddate decision procedure term extension,enter senddate suspension by competent authority,0,1,0.0,1.8,7.533,2.913,0.0,True,learned_prefer
enter senddate decision procedure term extension,article 34  WABO applies,0,1,0.0,1.8,7.533,2.913,0.0,True,learned_prefer
enter senddate decision procedure term extension,by law,0,1,0.0,1.8,7.533,2.913,0.0,True,learned_prefer
enter senddate decision procedure term extension,create decision procedure term extension,0,1,0.0,1.8,7.533,2.913,0.0,True,learned_prefer
enter senddate decision procedure term extension,date decision for inspection,0,1,0.0,1.8,7.533,2.913,0.0,True,learned_prefer
enter senddate decision procedure term extension,enter receipt of additional data,0,1,0.0,1.8,7.533,2.913,0.0,True,learned_prefer
enter senddate decision procedure term extension,decision procedure term extension,0,1,0.0,1.8,7.533,2.913,0.0,True,learned_prefer
enter senddate decision procedure term extension,phase advice known,0,1,0.0,1.8,7.533,2.913,0.0,True,learned_prefer
enter senddate decision procedure term extension,phase procedure extended,0,1,0.0,1.8,7.533,2.913,0.0,True,learned_prefer
enter senddate decision procedure term extension,read field phased application,0,1,0.0,1.8,7.533,2.913,0.0,True,learned_prefer
enter senddate decision procedure term extension,procedure change,0,1,0.0,1.8,7.533,2.913,0.0,True,learned_prefer
send decision suspension,treat subcases content,0,2,0.0,3.6,7.533,2.913,0.0,True,learned_prefer
send decision suspension,set decision phase suspension sent,0,2,0.0,3.6,7.533,2.913,0.0,True,learned_prefer
enter senddate decision procedure term extension,register deadline,0,1,0.0,1.8,7.533,2.913,0.0,True,learned_prefer
enter senddate decision procedure term extension,submit decision,0,1,0.0,1.8,7.533,2.913,0.0,True,learned_prefer
send decision suspension,start WABOprocedure,0,2,0.0,3.6,7.533,2.913,0.0,True,learned_prefer
send decision suspension,creating environmental permit decision,0,2,0.0,3.6,7.533,2.913,0.0,True,learned_prefer
enter senddate decision procedure term extension,suspend term,0,1,0.0,1.8,7.533,2.913,0.0,True,learned_prefer
enter senddate decision procedure term extension,term for supplying missing data,0,1,0.0,1.8,7.533,2.913,0.0,True,learned_prefer
enter senddate decision procedure term extension,set decision status,0,1,0.0,1.8,7.533,2.913,0.0,True,learned_prefer
enter senddate decision procedure term extension,start decision phase extension granted,0,1,0.0,1.8,7.533,2.913,0.0,True,learned_prefer
enter senddate decision procedure term extension,register receipt updated plan,0,1,0.0,1.8,7.533,2.913,0.0,True,learned_prefer
enter senddate decision procedure term extension,send confirmation receipt additional data,0,1,0.0,1.8,7.533,2.913,0.0,True,learned_prefer
enter date termination request received,terminate on request,0,3,0.0,3.8,7.476,2.902,0.0,True,learned_prefer
enter date termination request received,treat subcases content,0,3,0.0,3.8,7.476,2.902,0.0,True,learned_prefer
enter date termination request received,enter senddate acknowledgement,0,3,0.0,3.8,7.476,2.902,0.0,True,learned_prefer
enter date termination request received,phase application received,0,3,0.0,3.8,7.476,2.902,0.0,True,learned_prefer
enter date termination request received,procedure change,0,3,0.0,3.8,7.476,2.902,0.0,True,learned_prefer
enter date termination request received,register date decision terminate on request,0,3,0.0,3.8,7.476,2.902,0.0,True,learned_prefer
enter date termination request received,create decision terminate on request,0,3,0.0,3.8,7.476,2.902,0.0,True,learned_prefer
phase updated plan requested,start WABOprocedure,0,1,0.0,3.0,7.444,2.896,0.0,True,learned_prefer
phase updated plan requested,treat subcases content,0,1,0.0,3.0,7.444,2.896,0.0,True,learned_prefer
phase updated plan requested,date continuation term to decision,0,1,0.0,3.0,7.444,2.896,0.0,True,learned_prefer
phase updated plan requested,updated plan received,0,1,0.0,3.0,7.444,2.896,0.0,True,learned_prefer
phase updated plan requested,request updated plan,0,1,0.0,3.0,7.444,2.896,0.0,True,learned_prefer
phase updated plan requested,resume completeness subcases,0,1,0.0,3.0,7.444,2.896,0.0,True,learned_prefer
phase updated plan requested,phase application receptive,0,1,0.0,3.0,7.444,2.896,0.0,True,learned_prefer
ask stakeholders views,set decision status,0,2,0.0,3.6,7.4,2.888,0.0,True,learned_prefer
ask stakeholders views,set decision phase: suspension cancelled,0,2,0.0,3.6,7.4,2.888,0.0,True,learned_prefer
ask stakeholders views,applicant is stakeholder,0,2,0.0,3.6,7.4,2.888,0.0,True,learned_prefer
ask stakeholders views,create subcases completeness,0,2,0.0,3.6,7.4,2.888,0.0,True,learned_prefer
ask stakeholders views,create draft environtmental permit,0,2,0.0,3.6,7.4,2.888,0.0,True,learned_prefer
ask stakeholders views,request further information,0,2,0.0,3.6,7.4,2.888,0.0,True,learned_prefer
ask stakeholders views,generating decision environmental permit,0,2,0.0,3.6,7.4,2.888,0.0,True,learned_prefer
ask stakeholders views,procedure change,0,2,0.0,3.6,7.4,2.888,0.0,True,learned_prefer
retrieve missing data,entering senddate draft decision environmental permit,0,2,0.0,1.6,7.4,2.888,0.0,True,learned_prefer
retrieve missing data,objection to permanent suspension received,0,2,0.0,1.6,7.4,2.888,0.0,True,learned_prefer
retrieve missing data,subcases completeness completed,0,2,0.0,1.6,7.4,2.888,0.0,True,learned_prefer
retrieve missing data,investigate BAG objects,0,2,0.0,1.6,7.4,2.888,0.0,True,learned_prefer
retrieve missing data,stop procedure after permanent suspension,0,2,0.0,1.6,7.4,2.888,0.0,True,learned_prefer
retrieve missing data,start WABOprocedure,0,2,0.0,1.6,7.4,2.888,0.0,True,learned_prefer
retrieve missing data,generating decision environmental permit,0,2,0.0,1.6,7.4,2.888,0.0,True,learned_prefer
enter publication date draft decision,phase decision ready,0,2,0.0,3.6,7.4,2.888,0.0,True,learned_prefer
enter publication date draft decision,record date of decision environmental permit,0,2,0.0,3.6,7.4,2.888,0.0,True,learned_prefer
enter publication date draft decision,read publication date field,0,2,0.0,3.6,7.4,2.888,0.0,True,learned_prefer
retrieve missing data,enter date termination request received,0,2,0.0,1.6,7.4,2.888,0.0,True,learned_prefer
enter publication date draft decision,phase concept draft decision ready,0,2,0.0,3.6,7.4,2.888,0.0,True,learned_prefer
enter publication date draft decision,set decision phase decision permitting decided,0,2,0.0,3.6,7.4,2.888,0.0,True,learned_prefer
enter publication date draft decision,start decision phase decision permitting sent,0,2,0.0,3.6,7.4,2.888,0.0,True,learned_prefer
enter publication date draft decision,treat subcase perspective,0,2,0.0,3.6,7.4,2.888,0.0,True,learned_prefer
retrieve missing data,treat subcases content,0,2,0.0,1.6,7.4,2.888,0.0,True,learned_prefer
retrieve missing data,WAW permit aspect,0,2,0.0,1.6,7.4,2.888,0.0,True,learned_prefer
retrieve missing data,close case,0,2,0.0,1.6,7.4,2.888,0.0,True,learned_prefer
retrieve missing data,enter senddate acknowledgement,0,2,0.0,1.6,7.4,2.888,0.0,True,learned_prefer
retrieve missing data,enter senddate retrieve missing data,0,2,0.0,1.6,7.4,2.888,0.0,True,learned_prefer
retrieve missing data,set decision phase suspension sent,0,2,0.0,1.6,7.4,2.888,0.0,True,learned_prefer
retrieve missing data,send design decision to stakeholders,0,2,0.0,1.6,7.4,2.888,0.0,True,learned_prefer
retrieve missing data,enter date decision permanent suspension,0,2,0.0,1.6,7.4,2.888,0.0,True,learned_prefer
retrieve missing data,registration date publication,0,2,0.0,1.6,7.4,2.888,0.0,True,learned_prefer
WAW permit aspect,activities regular procedure,0,3,0.0,3.9,7.381,2.884,0.0,True,learned_prefer
WAW permit aspect,read field phased application,0,3,0.0,3.9,7.381,2.884,0.0,True,learned_prefer
WAW permit aspect,procedure change after completeness,0,3,0.0,3.9,7.381,2.884,0.0,True,learned_prefer
WAW permit aspect,enter date decision procedure term extension,0,3,0.0,3.9,7.381,2.884,0.0,True,learned_prefer
WAW permit aspect,treat subcases completeness,0,3,0.0,3.9,7.381,2.884,0.0,True,learned_prefer
WAW permit aspect,OLO messaging active,0,3,0.0,3.9,7.381,2.884,0.0,True,learned_prefer
WAW permit aspect,create publication document,0,3,0.0,3.9,7.381,2.884,0.0,True,learned_prefer
WAW permit aspect,treat subcase WAW,0,3,0.0,3.9,7.381,2.884,0.0,True,learned_prefer
WAW permit aspect,start WABOprocedure,0,3,0.0,3.9,7.381,2.884,0.0,True,learned_prefer
generate publication document decision environmental permit,register deadline,0,2,0.0,3.7,7.267,2.861,0.0,True,learned_prefer
generate publication document decision environmental permit,register date environmental permit decision,0,2,0.0,3.7,7.267,2.861,0.0,True,learned_prefer
generate publication document decision environmental permit,publication date draft decision,0,2,0.0,3.7,7.267,2.861,0.0,True,learned_prefer
generate publication document decision environmental permit,transcript decision environmental permit to stakeholders,0,2,0.0,3.7,7.267,2.861,0.0,True,learned_prefer
generate publication document decision environmental permit,registrer date of publishing received request,0,2,0.0,3.7,7.267,2.861,0.0,True,learned_prefer
generate publication document decision environmental permit,start decision phase decision permitting sent,0,2,0.0,3.7,7.267,2.861,0.0,True,learned_prefer
generate publication document decision environmental permit,enter senddate procedure confirmation,0,2,0.0,3.7,7.267,2.861,0.0,True,learned_prefer
generate publication document decision environmental permit,enter senddate retrieve missing data,0,2,0.0,3.7,7.267,2.861,0.0,True,learned_prefer
generate publication document decision environmental permit,creating environmental permit decision,0,2,0.0,3.7,7.267,2.861,0.0,True,learned_prefer
phase decision ready,resume completeness subcases,15,3,15.5,1.9,7.245,2.857,-0.086,True,learned_prefer
applicant is stakeholder,registrer date of publishing received request,0,5,0.0,4.2,7.242,2.856,0.0,True,learned_prefer
applicant is stakeholder,inform BAG administrator,0,5,0.0,4.2,7.242,2.856,0.0,True,learned_prefer
applicant is stakeholder,subcases completeness completed,0,5,0.0,4.2,7.242,2.856,0.0,True,learned_prefer
applicant is stakeholder,message terminate request,0,5,0.0,4.2,7.242,2.856,0.0,True,learned_prefer
applicant is stakeholder,creating environmental permit decision,0,5,0.0,4.2,7.242,2.856,0.0,True,learned_prefer
applicant is stakeholder,register submission date request,0,5,0.0,4.2,7.242,2.856,0.0,True,learned_prefer
applicant is stakeholder,calculate provisional charges,0,5,0.0,4.2,7.242,2.856,0.0,True,learned_prefer
applicant is stakeholder,registration date publication,0,5,0.0,4.2,7.242,2.856,0.0,True,learned_prefer
phased application,WAW permit aspect,0,1,0.0,3.1,7.222,2.852,0.0,True,learned_prefer
phased application,enter date draft decisionenvironmental permit,0,1,0.0,3.1,7.222,2.852,0.0,True,learned_prefer
phased application,read field phased application,0,1,0.0,3.1,7.222,2.852,0.0,True,learned_prefer
phased application,first or second phase,0,1,0.0,3.1,7.222,2.852,0.0,True,learned_prefer
phased application,request complete,0,1,0.0,3.1,7.222,2.852,0.0,True,learned_prefer
phased application,send confirmation receipt,0,1,0.0,3.1,7.222,2.852,0.0,True,learned_prefer
phased application,registrer date of publishing received request,0,1,0.0,3.1,7.222,2.852,0.0,True,learned_prefer
phased application,activities regular procedure,0,1,0.0,3.1,7.222,2.852,0.0,True,learned_prefer
phased application,inform BAG administrator,0,1,0.0,3.1,7.222,2.852,0.0,True,learned_prefer
phased application,set decision phase decision permitting decided,0,1,0.0,3.1,7.222,2.852,0.0,True,learned_prefer
phased application,generate draft decision environmental permit,0,1,0.0,3.1,7.222,2.852,0.0,True,learned_prefer
phase draft decision ready,start decision phase decision permitting sent,0,2,0.0,2.2,7.16,2.84,0.0,True,learned_prefer
phase draft decision ready,registration date publication,0,2,0.0,2.2,7.16,2.84,0.0,True,learned_prefer
phase draft decision ready,start decisionphase draft decision - permitting decided,0,2,0.0,2.2,7.16,2.84,0.0,True,learned_prefer
phase draft decision ready,creating environmental permit decision,0,2,0.0,2.2,7.16,2.84,0.0,True,learned_prefer
phase draft decision ready,enter publication date draft decision,0,2,0.0,2.2,7.16,2.84,0.0,True,learned_prefer
phase draft decision ready,enter date draft decisionenvironmental permit,0,2,0.0,2.2,7.16,2.84,0.0,True,learned_prefer
phase draft decision ready,create draft environtmental permit,0,2,0.0,2.2,7.16,2.84,0.0,True,learned_prefer
phase draft decision ready,stop all running subcases 2b,0,2,0.0,2.2,7.16,2.84,0.0,True,learned_prefer
phase draft decision ready,date decision for inspection,0,2,0.0,2.2,7.16,2.84,0.0,True,learned_prefer
activities regular procedure,enter receipt of additional data,0,3,0.0,4.1,7.095,2.827,0.0,True,learned_prefer
start decisionphase draft decision - permitting decided,OLO messaging active,0,1,0.0,1.4,7.095,2.827,0.0,True,learned_prefer
start decisionphase draft decision - permitting decided,phase procedure term resumed,0,1,0.0,1.4,7.095,2.827,0.0,True,learned_prefer
activities regular procedure,decision terminate on request,0,3,0.0,4.1,7.095,2.827,0.0,True,learned_prefer
start decisionphase draft decision - permitting decided,date draft decision for inspection,0,1,0.0,1.4,7.095,2.827,0.0,True,learned_prefer
start decisionphase draft decision - permitting decided,publish official draft decision,0,1,0.0,1.4,7.095,2.827,0.0,True,learned_prefer
start decisionphase draft decision - permitting decided,read publication date field,0,1,0.0,1.4,7.095,2.827,0.0,True,learned_prefer
start decisionphase draft decision - permitting decided,enter date draft decisionenvironmental permit,0,1,0.0,1.4,7.095,2.827,0.0,True,learned_prefer
start decisionphase draft decision - permitting decided,enter senddate draft decision,0,1,0.0,1.4,7.095,2.827,0.0,True,learned_prefer
start decisionphase draft decision - permitting decided,phase concept draft decision ready,0,1,0.0,1.4,7.095,2.827,0.0,True,learned_prefer
start decisionphase draft decision - permitting decided,phase decision taken,0,1,0.0,1.4,7.095,2.827,0.0,True,learned_prefer
start decisionphase draft decision - permitting decided,creating environmental permit decision,0,1,0.0,1.4,7.095,2.827,0.0,True,learned_prefer
start decisionphase draft decision - permitting decided,application submitted through OLO,0,1,0.0,1.4,7.095,2.827,0.0,True,learned_prefer
start decisionphase draft decision - permitting decided,request complete,0,1,0.0,1.4,7.095,2.827,0.0,True,learned_prefer
activities regular procedure,treat subcases content,0,3,0.0,4.1,7.095,2.827,0.0,True,learned_prefer
activities regular procedure,article 34  WABO applies,0,3,0.0,4.1,7.095,2.827,0.0,True,learned_prefer
activities regular procedure,request complete,0,3,0.0,4.1,7.095,2.827,0.0,True,learned_prefer
activities regular procedure,perspective regarding draft founded,0,3,0.0,4.1,7.095,2.827,0.0,True,learned_prefer
activities regular procedure,send procedure confirmation,0,3,0.0,4.1,7.095,2.827,0.0,True,learned_prefer
activities regular procedure,create draft environtmental permit,0,3,0.0,4.1,7.095,2.827,0.0,True,learned_prefer
phase decision taken,enter date publication decision environmental permit,0,5,0.0,4.3,7.061,2.82,0.0,True,learned_prefer
phase decision taken,treat subcases content,0,5,0.0,4.3,7.061,2.82,0.0,True,learned_prefer
mutation BAG carry objects,close case,2,1,100.0,10.0,7.0,2.807,-0.079,True,learned_prefer
MER present in supplement,assessment of content completed,0,2,0.0,3.8,7.0,2.807,0.0,True,learned_prefer
request further information,subcases completeness completed,0,1,0.0,3.2,7.0,2.807,0.0,True,learned_prefer
phase perspective submitted,create draft environtmental permit,0,2,0.0,3.8,7.0,2.807,0.0,True,learned_prefer
phase perspective submitted,coordination of application,0,2,0.0,3.8,7.0,2.807,0.0,True,learned_prefer
request further information,send information request,0,1,0.0,3.2,7.0,2.807,0.0,True,learned_prefer
request further information,phase application receptive,0,1,0.0,3.2,7.0,2.807,0.0,True,learned_prefer
phase perspective submitted,final VVGB applications,0,2,0.0,3.8,7.0,2.807,0.0,True,learned_prefer
phase perspective submitted,perspective from GS or VROM received,0,2,0.0,3.8,7.0,2.807,0.0,True,learned_prefer
phase perspective submitted,subcase perspective complete,0,2,0.0,3.8,7.0,2.807,0.0,True,learned_prefer
phase perspective submitted,phase perspective submitted,0,2,0.0,3.8,7.0,2.807,0.0,True,learned_prefer
request further information,send message OLO-status in progress,0,1,0.0,3.2,7.0,2.807,0.0,True,learned_prefer
MER present in supplement,create subcases completeness,0,2,0.0,3.8,7.0,2.807,0.0,True,learned_prefer
MER present in supplement,phase asked additional information,0,2,0.0,3.8,7.0,2.807,0.0,True,learned_prefer
MER present in supplement,grounds for refusal,0,2,0.0,3.8,7.0,2.807,0.0,True,learned_prefer
MER present in supplement,procedure change after completeness,0,2,0.0,3.8,7.0,2.807,0.0,True,learned_prefer
MER present in supplement,subcases completeness completed,0,2,0.0,3.8,7.0,2.807,0.0,True,learned_prefer
MER present in supplement,request complete,0,2,0.0,3.8,7.0,2.807,0.0,True,learned_prefer
MER present in supplement,start decision phase permanently suspended decided,0,2,0.0,3.8,7.0,2.807,0.0,True,learned_prefer
initiative competent authority,create message terminate request,17,5,100.0,13.2,7.0,2.807,-0.124,True,learned_prefer
MER present in supplement,receive additional information,0,2,0.0,3.8,7.0,2.807,0.0,True,learned_prefer
copy decision to extend procedure to stakeholders,activities regular procedure,0,1,0.0,3.2,7.0,2.807,0.0,True,learned_prefer
copy decision to extend procedure to stakeholders,grounds for refusal,0,1,0.0,3.2,7.0,2.807,0.0,True,learned_prefer
copy decision to extend procedure to stakeholders,set decision status,0,1,0.0,3.2,7.0,2.807,0.0,True,learned_prefer
copy decision to extend procedure to stakeholders,request updated plan,0,1,0.0,3.2,7.0,2.807,0.0,True,learned_prefer
copy decision to extend procedure to stakeholders,WAW permit aspect,0,1,0.0,3.2,7.0,2.807,0.0,True,learned_prefer
copy decision to extend procedure to stakeholders,generating decision environmental permit,0,1,0.0,3.2,7.0,2.807,0.0,True,learned_prefer
request further information,enter senddate decision environmental permit,0,1,0.0,3.2,7.0,2.807,0.0,True,learned_prefer
request further information,assessment of content completed,0,1,0.0,3.2,7.0,2.807,0.0,True,learned_prefer
copy decision to extend procedure to stakeholders,perspective on draft decision environmental permit received,0,1,0.0,3.2,7.0,2.807,0.0,True,learned_prefer
copy decision to extend procedure to stakeholders,phase decision taken,0,1,0.0,3.2,7.0,2.807,0.0,True,learned_prefer
phase perspective submitted,transcript decision environmental permit to stakeholders,0,2,0.0,3.8,7.0,2.807,0.0,True,learned_prefer
phase perspective submitted,treat subcase perspective,0,2,0.0,3.8,7.0,2.807,0.0,True,learned_prefer
copy decision to extend procedure to stakeholders,enter senddate procedure confirmation,0,1,0.0,3.2,7.0,2.807,0.0,True,learned_prefer
copy decision to extend procedure to stakeholders,message change status,0,1,0.0,3.2,7.0,2.807,0.0,True,learned_prefer
phase perspective submitted,treat subcases content,0,2,0.0,3.8,7.0,2.807,0.0,True,learned_prefer
phase perspective submitted,subcases reassessment plan completed,0,2,0.0,3.8,7.0,2.807,0.0,True,learned_prefer
copy decision to extend procedure to stakeholders,resume completeness subcases,0,1,0.0,3.2,7.0,2.807,0.0,True,learned_prefer
copy decision to extend procedure to stakeholders,treat subcases completeness,0,1,0.0,3.2,7.0,2.807,0.0,True,learned_prefer
reception through OLO,enter date advice on treatment of environmental permit,11,3,100.0,12.5,7.0,2.807,-0.115,True,learned_prefer
copy decision to extend procedure to stakeholders,terminate on request,0,1,0.0,3.2,7.0,2.807,0.0,True,learned_prefer
copy decision to extend procedure to stakeholders,enter senddate decision environmental permit,0,1,0.0,3.2,7.0,2.807,0.0,True,learned_prefer
copy decision to extend procedure to stakeholders,continuation term to decision,0,1,0.0,3.2,7.0,2.807,0.0,True,learned_prefer
enter senddate procedure confirmation,suspend term,0,3,0.0,1.8,6.959,2.799,0.0,True,learned_prefer
enter senddate procedure confirmation,applicant is stakeholder,0,3,0.0,1.8,6.959,2.799,0.0,True,learned_prefer
enter senddate procedure confirmation,phased application,0,3,0.0,1.8,6.959,2.799,0.0,True,learned_prefer
enter senddate procedure confirmation,regular procedure without MER,0,3,0.0,1.8,6.959,2.799,0.0,True,learned_prefer
enter senddate procedure confirmation,enter date decision permanent suspension,0,3,0.0,1.8,6.959,2.799,0.0,True,learned_prefer
enter senddate procedure confirmation,publication date draft decision,0,3,0.0,1.8,6.959,2.799,0.0,True,learned_prefer
enter senddate procedure confirmation,enter senddate updated plan,0,3,0.0,1.8,6.959,2.799,0.0,True,learned_prefer
enter senddate procedure confirmation,generating decision environmental permit,0,3,0.0,1.8,6.959,2.799,0.0,True,learned_prefer
enter senddate procedure confirmation,register date decision terminate on request,0,3,0.0,1.8,6.959,2.799,0.0,True,learned_prefer
enter senddate procedure confirmation,enter date termination request received,0,3,0.0,1.8,6.959,2.799,0.0,True,learned_prefer
enter senddate procedure confirmation,enter senddate confirmation request,0,3,0.0,1.8,6.959,2.799,0.0,True,learned_prefer
enter senddate procedure confirmation,register number of days extension period,0,3,0.0,1.8,6.959,2.799,0.0,True,learned_prefer
enter senddate procedure confirmation,send confirmation receipt,0,3,0.0,1.8,6.959,2.799,0.0,True,learned_prefer
enter senddate procedure confirmation,retrieve missing data,0,3,0.0,1.8,6.959,2.799,0.0,True,learned_prefer
register number of days extension period,create decision procedure term extension,0,3,0.0,4.2,6.905,2.788,0.0,True,learned_prefer
request updated plan,continuation term to decision,0,2,0.0,3.9,6.867,2.78,0.0,True,learned_prefer
request updated plan,start decision phase extension granted,0,2,0.0,3.9,6.867,2.78,0.0,True,learned_prefer
request updated plan,completed subcases content,0,2,0.0,3.9,6.867,2.78,0.0,True,learned_prefer
request updated plan,assessment of content completed,0,2,0.0,3.9,6.867,2.78,0.0,True,learned_prefer
set decision phase suspension sent,completed subcases content,0,2,0.0,3.9,6.867,2.78,0.0,True,learned_prefer
set decision phase suspension sent,MER present in supplement,0,2,0.0,3.9,6.867,2.78,0.0,True,learned_prefer
set decision phase suspension sent,phase application receptive,0,2,0.0,3.9,6.867,2.78,0.0,True,learned_prefer
set decision phase suspension sent,retrieve missing data,0,2,0.0,3.9,6.867,2.78,0.0,True,learned_prefer
set decision phase suspension sent,send decision suspension,0,2,0.0,3.9,6.867,2.78,0.0,True,learned_prefer
set decision phase suspension sent,OLO messaging active,0,2,0.0,3.9,6.867,2.78,0.0,True,learned_prefer
request updated plan,phase advice known,0,2,0.0,3.9,6.867,2.78,0.0,True,learned_prefer
set decision phase suspension sent,subcase art. 33 WABO completed,0,2,0.0,3.9,6.867,2.78,0.0,True,learned_prefer
set decision phase suspension sent,creating environmental permit decision,0,2,0.0,3.9,6.867,2.78,0.0,True,learned_prefer
set decision phase suspension sent,create publication document,0,2,0.0,3.9,6.867,2.78,0.0,True,learned_prefer
request updated plan,generate publication document decision environmental permit,0,2,0.0,3.9,6.867,2.78,0.0,True,learned_prefer
registrer date of publishing received request,treat subcases content,0,3,0.0,2.5,6.829,2.772,0.0,True,learned_prefer
registrer date of publishing received request,retrieve missing data,0,3,0.0,2.5,6.829,2.772,0.0,True,learned_prefer
registrer date of publishing received request,regular procedure without MER,0,3,0.0,2.5,6.829,2.772,0.0,True,learned_prefer
registrer date of publishing received request,transcript decision environmental permit to stakeholders,0,3,0.0,2.5,6.829,2.772,0.0,True,learned_prefer
registrer date of publishing received request,procedure change,0,3,0.0,2.5,6.829,2.772,0.0,True,learned_prefer
registrer date of publishing received request,suspend term,0,3,0.0,2.5,6.829,2.772,0.0,True,learned_prefer
registrer date of publishing received request,term for supplying missing data,0,3,0.0,2.5,6.829,2.772,0.0,True,learned_prefer
registrer date of publishing received request,investigate BAG objects,0,3,0.0,2.5,6.829,2.772,0.0,True,learned_prefer
registrer date of publishing received request,enter senddate decision permanent suspension,0,3,0.0,2.5,6.829,2.772,0.0,True,learned_prefer
registrer date of publishing received request,enter senddate continuation,0,3,0.0,2.5,6.829,2.772,0.0,True,learned_prefer
registrer date of publishing received request,MER present,0,3,0.0,2.5,6.829,2.772,0.0,True,learned_prefer
registrer date of publishing received request,enter date decision procedure term extension,0,3,0.0,2.5,6.829,2.772,0.0,True,learned_prefer
phase application receptive,coordination of application,4,1,5.1,0.6,6.822,2.77,-0.013,True,learned_prefer
enter date decision suspension,enter senddate decision suspension,0,1,0.0,3.3,6.778,2.761,0.0,True,learned_prefer
enter date decision suspension,investigate BAG objects,0,1,0.0,3.3,6.778,2.761,0.0,True,learned_prefer
enter date decision suspension,treat subcase suspension art. 33 WABO,0,1,0.0,3.3,6.778,2.761,0.0,True,learned_prefer
date decision for inspection,register objection and appeal periods,0,2,0.0,4.0,6.733,2.751,0.0,True,learned_prefer
date decision for inspection,register submission date request,0,2,0.0,4.0,6.733,2.751,0.0,True,learned_prefer
date decision for inspection,register deadline,0,2,0.0,4.0,6.733,2.751,0.0,True,learned_prefer
date decision for inspection,set decision phase: draft decision for inspection,0,2,0.0,4.0,6.733,2.751,0.0,True,learned_prefer
date decision for inspection,phase decision sent,0,2,0.0,4.0,6.733,2.751,0.0,True,learned_prefer
date decision for inspection,enter senddate decision,0,2,0.0,4.0,6.733,2.751,0.0,True,learned_prefer
create publication document,register submission date request,0,3,0.0,1.8,6.714,2.747,0.0,True,learned_prefer
create publication document,register objection and appeal periods,0,3,0.0,1.8,6.714,2.747,0.0,True,learned_prefer
create publication document,phase decision sent,0,3,0.0,1.8,6.714,2.747,0.0,True,learned_prefer
create publication document,start decisionphase draft decision - permitting decided,0,3,0.0,1.8,6.714,2.747,0.0,True,learned_prefer
create publication document,updated plan after perspective,0,3,0.0,1.8,6.714,2.747,0.0,True,learned_prefer
create publication document,submit draft decision,0,3,0.0,1.8,6.714,2.747,0.0,True,learned_prefer
create publication document,grounds for refusal,0,3,0.0,1.8,6.714,2.747,0.0,True,learned_prefer
create publication document,generating decision environmental permit,0,3,0.0,1.8,6.714,2.747,0.0,True,learned_prefer
create publication document,send letter in progress,0,3,0.0,1.8,6.714,2.747,0.0,True,learned_prefer
create publication document,article 33 applies,0,3,0.0,1.8,6.714,2.747,0.0,True,learned_prefer
create publication document,entering senddate draft decision environmental permit,0,3,0.0,1.8,6.714,2.747,0.0,True,learned_prefer
create publication document,term for supplying missing data,0,3,0.0,1.8,6.714,2.747,0.0,True,learned_prefer
create publication document,terminate on request,0,3,0.0,1.8,6.714,2.747,0.0,True,learned_prefer
create publication document,create draft environtmental permit,0,3,0.0,1.8,6.714,2.747,0.0,True,learned_prefer
create publication document,suspension ground applicable,0,3,0.0,1.8,6.714,2.747,0.0,True,learned_prefer
entering senddate draft decision environmental permit,register objection and appeal periods,0,4,0.0,4.5,6.63,2.729,0.0,True,learned_prefer
entering senddate draft decision environmental permit,phase application received,0,4,0.0,4.5,6.63,2.729,0.0,True,learned_prefer
entering senddate draft decision environmental permit,enter date publication decision environmental permit,0,4,0.0,4.5,6.63,2.729,0.0,True,learned_prefer
entering senddate draft decision environmental permit,forward to the competent authority,0,4,0.0,4.5,6.63,2.729,0.0,True,learned_prefer
date draft decision for inspection,suspension ground applicable,0,3,0.0,4.3,6.619,2.727,0.0,True,learned_prefer
date draft decision for inspection,submit draft decision,0,3,0.0,4.3,6.619,2.727,0.0,True,learned_prefer
date draft decision for inspection,register deadline,0,3,0.0,4.3,6.619,2.727,0.0,True,learned_prefer
date draft decision for inspection,terminate on request,0,3,0.0,4.3,6.619,2.727,0.0,True,learned_prefer
date draft decision for inspection,create subcases completeness,0,3,0.0,4.3,6.619,2.727,0.0,True,learned_prefer
date draft decision for inspection,register receipt updated plan,0,3,0.0,4.3,6.619,2.727,0.0,True,learned_prefer
enter date advice on treatment of environmental permit,request complete,11,2,18.6,2.4,6.61,2.725,-0.112,True,learned_prefer
create subcases content,send confirmation receipt additional data,0,2,0.0,4.1,6.6,2.722,0.0,True,learned_prefer
create subcases content,create letter requesting updated plan,0,2,0.0,4.1,6.6,2.722,0.0,True,learned_prefer
create subcases content,article 34  WABO applies,0,2,0.0,4.1,6.6,2.722,0.0,True,learned_prefer
create subcases content,create publication document,0,2,0.0,4.1,6.6,2.722,0.0,True,learned_prefer
create subcases content,OLO messaging active,0,2,0.0,4.1,6.6,2.722,0.0,True,learned_prefer
create subcases content,extend procedure term,0,2,0.0,4.1,6.6,2.722,0.0,True,learned_prefer
create subcases content,treat subcases completeness,0,2,0.0,4.1,6.6,2.722,0.0,True,learned_prefer
appeal logded,enter date publication decision environmental permit,0,1,0.0,3.4,6.556,2.713,0.0,True,learned_prefer
set decision phase: suspension cancelled,generating decision environmental permit,0,1,0.0,3.4,6.556,2.713,0.0,True,learned_prefer
set decision phase: suspension cancelled,send decision suspension,0,1,0.0,3.4,6.556,2.713,0.0,True,learned_prefer
appeal logded,phase case handled,0,1,0.0,3.4,6.556,2.713,0.0,True,learned_prefer
appeal logded,contested decision affected,0,1,0.0,3.4,6.556,2.713,0.0,True,learned_prefer
set decision phase: suspension cancelled,create subcases completeness,0,1,0.0,3.4,6.556,2.713,0.0,True,learned_prefer
set decision phase: suspension cancelled,enter enddate suspension art. 35 WABO,0,1,0.0,3.4,6.556,2.713,0.0,True,learned_prefer
appeal logded,register objection and appeal periods,0,1,0.0,3.4,6.556,2.713,0.0,True,learned_prefer
phase permanently suspended,create decision procedure term extension,7,4,100.0,13.8,6.556,2.713,-0.028,True,learned_prefer
appeal logded,receive additional information,0,1,0.0,3.4,6.556,2.713,0.0,True,learned_prefer
appeal logded,phase objection filed,0,1,0.0,3.4,6.556,2.713,0.0,True,learned_prefer
set decision phase: suspension cancelled,set decision status,0,1,0.0,3.4,6.556,2.713,0.0,True,learned_prefer
set decision phase: suspension cancelled,phase case handled,0,1,0.0,3.4,6.556,2.713,0.0,True,learned_prefer
appeal logded,generating decision environmental permit,0,1,0.0,3.4,6.556,2.713,0.0,True,learned_prefer
decision keep permanently suspended,phase asked additional information,0,1,0.0,3.4,6.556,2.713,0.0,True,learned_prefer
decision keep permanently suspended,start WABOprocedure,0,1,0.0,3.4,6.556,2.713,0.0,True,learned_prefer
decision keep permanently suspended,phase permanently suspended,0,1,0.0,3.4,6.556,2.713,0.0,True,learned_prefer
appeal logded,phase decision taken,0,1,0.0,3.4,6.556,2.713,0.0,True,learned_prefer
decision keep permanently suspended,enter senddate retrieve missing data,0,1,0.0,3.4,6.556,2.713,0.0,True,learned_prefer
appeal logded,treat objection subcase,0,1,0.0,3.4,6.556,2.713,0.0,True,learned_prefer
appeal logded,set phase,0,1,0.0,3.4,6.556,2.713,0.0,True,learned_prefer
appeal logded,create monitoring case,0,1,0.0,3.4,6.556,2.713,0.0,True,learned_prefer
decision keep permanently suspended,set decision status,0,1,0.0,3.4,6.556,2.713,0.0,True,learned_prefer
decision keep permanently suspended,registration date publication,0,1,0.0,3.4,6.556,2.713,0.0,True,learned_prefer
decision keep permanently suspended,resume completeness subcases,0,1,0.0,3.4,6.556,2.713,0.0,True,learned_prefer
decision keep permanently suspended,close case,0,1,0.0,3.4,6.556,2.713,0.0,True,learned_prefer
decision keep permanently suspended,enter date decision permanent suspension,0,1,0.0,3.4,6.556,2.713,0.0,True,learned_prefer
enter date decision procedure term extension,regular procedure without MER,0,3,0.0,4.4,6.524,2.706,0.0,True,learned_prefer
enter date decision procedure term extension,request updated plan,0,3,0.0,4.4,6.524,2.706,0.0,True,learned_prefer
enter date decision procedure term extension,subcases completeness completed,0,3,0.0,4.4,6.524,2.706,0.0,True,learned_prefer
enter date decision procedure term extension,enter senddate continuation,0,3,0.0,4.4,6.524,2.706,0.0,True,learned_prefer
term for supplying missing data,decision date prior to decision,0,3,0.0,4.4,6.524,2.706,0.0,True,learned_prefer
term for supplying missing data,treat subcases completeness,0,3,0.0,4.4,6.524,2.706,0.0,True,learned_prefer
term for supplying missing data,forward to the competent authority,0,3,0.0,4.4,6.524,2.706,0.0,True,learned_prefer
term for supplying missing data,registrer date of publishing received request,0,3,0.0,4.4,6.524,2.706,0.0,True,learned_prefer
suspend term,reason for suspension found,0,5,0.0,4.7,6.515,2.704,0.0,True,learned_prefer
enter senddate retrieve missing data,extend procedure term,0,4,0.0,4.6,6.481,2.696,0.0,True,learned_prefer
send letter in progress,creating cover letter no permit required,0,1,0.0,1.1,6.481,2.696,0.0,True,learned_prefer
send letter in progress,creating cover letter decision,0,1,0.0,1.1,6.481,2.696,0.0,True,learned_prefer
send letter in progress,create subcases completeness,0,1,0.0,1.1,6.481,2.696,0.0,True,learned_prefer
send letter in progress,phase application receptive,0,1,0.0,1.1,6.481,2.696,0.0,True,learned_prefer
send letter in progress,completed subcases content,0,1,0.0,1.1,6.481,2.696,0.0,True,learned_prefer
send letter in progress,inform BAG administrator,0,1,0.0,1.1,6.481,2.696,0.0,True,learned_prefer
send letter in progress,continuation term to decision,0,1,0.0,1.1,6.481,2.696,0.0,True,learned_prefer
send letter in progress,by law,0,1,0.0,1.1,6.481,2.696,0.0,True,learned_prefer
send letter in progress,subcases completeness completed,0,1,0.0,1.1,6.481,2.696,0.0,True,learned_prefer
send letter in progress,suspend term,0,1,0.0,1.1,6.481,2.696,0.0,True,learned_prefer
send letter in progress,registrer date of publishing received request,0,1,0.0,1.1,6.481,2.696,0.0,True,learned_prefer
send letter in progress,request further information,0,1,0.0,1.1,6.481,2.696,0.0,True,learned_prefer
send letter in progress,retrieve missing data,0,1,0.0,1.1,6.481,2.696,0.0,True,learned_prefer
send letter in progress,send confirmation receipt additional data,0,1,0.0,1.1,6.481,2.696,0.0,True,learned_prefer
send letter in progress,send message OLO-status in progress,0,1,0.0,1.1,6.481,2.696,0.0,True,learned_prefer
send letter in progress,set decision status,0,1,0.0,1.1,6.481,2.696,0.0,True,learned_prefer
send letter in progress,treat subcase WAW,0,1,0.0,1.1,6.481,2.696,0.0,True,learned_prefer
send letter in progress,forward to the competent authority,0,1,0.0,1.1,6.481,2.696,0.0,True,learned_prefer
send letter in progress,enter senddate procedure confirmation,0,1,0.0,1.1,6.481,2.696,0.0,True,learned_prefer
send letter in progress,create publication document,0,1,0.0,1.1,6.481,2.696,0.0,True,learned_prefer
send letter in progress,WAW permit aspect,0,1,0.0,1.1,6.481,2.696,0.0,True,learned_prefer
send letter in progress,decision procedure term extension,0,1,0.0,1.1,6.481,2.696,0.0,True,learned_prefer
send letter in progress,enrich draft decision,0,1,0.0,1.1,6.481,2.696,0.0,True,learned_prefer
send letter in progress,assessment of content completed,0,1,0.0,1.1,6.481,2.696,0.0,True,learned_prefer
enter date decision permanent suspension,term for supplying missing data,0,2,0.0,4.2,6.467,2.693,0.0,True,learned_prefer
enter date decision permanent suspension,objection to extension procedure term receptive,0,2,0.0,4.2,6.467,2.693,0.0,True,learned_prefer
enter date decision permanent suspension,forward to the competent authority,0,2,0.0,4.2,6.467,2.693,0.0,True,learned_prefer
enter date decision permanent suspension,enter senddate procedure confirmation,0,2,0.0,4.2,6.467,2.693,0.0,True,learned_prefer
enter date decision permanent suspension,decision keep permanently suspended,0,2,0.0,4.2,6.467,2.693,0.0,True,learned_prefer
enter date decision permanent suspension,decision permanently suspended,0,2,0.0,4.2,6.467,2.693,0.0,True,learned_prefer
enter date decision permanent suspension,enter senddate decision permanent suspension,0,2,0.0,4.2,6.467,2.693,0.0,True,learned_prefer
enter date decision permanent suspension,enter senddate decision procedure term extension,0,2,0.0,4.2,6.467,2.693,0.0,True,learned_prefer
enter date decision permanent suspension,start decision phase permanently suspended decided,0,2,0.0,4.2,6.467,2.693,0.0,True,learned_prefer
enter date decision permanent suspension,register deadline,0,2,0.0,4.2,6.467,2.693,0.0,True,learned_prefer
start decision phase extension granted,enter senddate retrieve missing data,0,3,0.0,4.5,6.429,2.684,0.0,True,learned_prefer
start decision phase extension granted,assessment of content completed,0,3,0.0,4.5,6.429,2.684,0.0,True,learned_prefer
start decision phase extension granted,suspend term,0,3,0.0,4.5,6.429,2.684,0.0,True,learned_prefer
start decision phase extension granted,copy decision to extend procedure to stakeholders,0,3,0.0,4.5,6.429,2.684,0.0,True,learned_prefer
start decision phase extension granted,terminate on request,0,3,0.0,4.5,6.429,2.684,0.0,True,learned_prefer
start decision phase extension granted,forward to the competent authority,0,3,0.0,4.5,6.429,2.684,0.0,True,learned_prefer
start decision phase extension granted,request complete,0,3,0.0,4.5,6.429,2.684,0.0,True,learned_prefer
start decision phase extension granted,start decision phase extension granted,0,3,0.0,4.5,6.429,2.684,0.0,True,learned_prefer
suspension ground applicable,set decision status,0,4,0.0,4.7,6.407,2.68,0.0,True,learned_prefer
suspension ground applicable,updated plan received,0,4,0.0,4.7,6.407,2.68,0.0,True,learned_prefer
suspension ground applicable,assessment of content completed,0,4,0.0,4.7,6.407,2.68,0.0,True,learned_prefer
suspension ground applicable,request updated plan,0,4,0.0,4.7,6.407,2.68,0.0,True,learned_prefer
suspension ground applicable,forward to the competent authority,0,4,0.0,4.7,6.407,2.68,0.0,True,learned_prefer
received OLO documents,phase asked additional information,0,4,0.0,4.7,6.333,2.663,0.0,True,learned_prefer
phase draft decision sent,create draft environtmental permit,0,1,0.0,3.6,6.333,2.663,0.0,True,learned_prefer
set phase decision revoked,close case,19,1,100.0,11.1,6.333,2.663,-0.175,True,learned_prefer
phase draft decision sent,enter date advice on treatment of environmental permit,0,1,0.0,3.6,6.333,2.663,0.0,True,learned_prefer
phase draft decision sent,creating environmental permit decision,0,1,0.0,3.6,6.333,2.663,0.0,True,learned_prefer
received OLO documents,receive additional information,0,4,0.0,4.7,6.333,2.663,0.0,True,learned_prefer
subcase perspective complete,subcase final VVGB completed,0,2,0.0,4.3,6.333,2.663,0.0,True,learned_prefer
subcase perspective complete,transcript decision environmental permit to stakeholders,0,2,0.0,4.3,6.333,2.663,0.0,True,learned_prefer
subcase perspective complete,start decision phase decision permitting sent,0,2,0.0,4.3,6.333,2.663,0.0,True,learned_prefer
received OLO documents,transcript decision environmental permit to stakeholders,0,4,0.0,4.7,6.333,2.663,0.0,True,learned_prefer
subcase perspective complete,final VVGB applications,0,2,0.0,4.3,6.333,2.663,0.0,True,learned_prefer
article 35 applies,article 33 applies,1017,1,100.0,11.1,6.333,2.663,-0.54,True,learned_prefer
received OLO documents,phase decision taken,0,4,0.0,4.7,6.333,2.663,0.0,True,learned_prefer
investigate BAG objects,send letter in progress,0,2,0.0,2.6,6.28,2.651,0.0,True,learned_prefer
investigate BAG objects,send decision suspension,0,2,0.0,2.6,6.28,2.651,0.0,True,learned_prefer
investigate BAG objects,suspend term,0,2,0.0,2.6,6.28,2.651,0.0,True,learned_prefer
investigate BAG objects,publish,0,2,0.0,2.6,6.28,2.651,0.0,True,learned_prefer
investigate BAG objects,request complete,0,2,0.0,2.6,6.28,2.651,0.0,True,learned_prefer
investigate BAG objects,enter date decision suspension,0,2,0.0,2.6,6.28,2.651,0.0,True,learned_prefer
investigate BAG objects,treat subcases completeness,0,2,0.0,2.6,6.28,2.651,0.0,True,learned_prefer
investigate BAG objects,create subcases completeness,0,2,0.0,2.6,6.28,2.651,0.0,True,learned_prefer
investigate BAG objects,registrer date of publishing received request,0,2,0.0,2.6,6.28,2.651,0.0,True,learned_prefer
investigate BAG objects,registration date publication,0,2,0.0,2.6,6.28,2.651,0.0,True,learned_prefer
investigate BAG objects,phase additional information received,0,2,0.0,2.6,6.28,2.651,0.0,True,learned_prefer
investigate BAG objects,activities regular procedure,0,2,0.0,2.6,6.28,2.651,0.0,True,learned_prefer
investigate BAG objects,phase advice known,0,2,0.0,2.6,6.28,2.651,0.0,True,learned_prefer
investigate BAG objects,MER present in supplement,0,2,0.0,2.6,6.28,2.651,0.0,True,learned_prefer
investigate BAG objects,open draft decision for inspection,0,2,0.0,2.6,6.28,2.651,0.0,True,learned_prefer
phase draft decision made,enter publication date draft decision,0,5,0.0,4.9,6.273,2.649,0.0,True,learned_prefer
phase draft decision made,transcript decision environmental permit to stakeholders,0,5,0.0,4.9,6.273,2.649,0.0,True,learned_prefer
enter date draft decisionenvironmental permit,inform BAG administrator,0,5,0.0,4.9,6.273,2.649,0.0,True,learned_prefer
phase draft decision made,subcase perspective complete,0,5,0.0,4.9,6.273,2.649,0.0,True,learned_prefer
phase draft decision made,set decision phase: draft decision for inspection,0,5,0.0,4.9,6.273,2.649,0.0,True,learned_prefer
phase draft decision made,generate draft decision environmental permit,0,5,0.0,4.9,6.273,2.649,0.0,True,learned_prefer
publish official draft decision,subcases completeness completed,0,2,0.0,4.3,6.2,2.632,0.0,True,learned_prefer
publish official draft decision,send design decision to stakeholders,0,2,0.0,4.3,6.2,2.632,0.0,True,learned_prefer
publish official draft decision,enter senddate draft decision,0,2,0.0,4.3,6.2,2.632,0.0,True,learned_prefer
publish official draft decision,entering senddate draft decision environmental permit,0,2,0.0,4.3,6.2,2.632,0.0,True,learned_prefer
set decision phase: draft decision for inspection,start decisionphase draft decision - permitting decided,0,2,0.0,4.3,6.2,2.632,0.0,True,learned_prefer
set decision phase: draft decision for inspection,set decision phase suspension sent,0,2,0.0,4.3,6.2,2.632,0.0,True,learned_prefer
set decision phase: draft decision for inspection,set decision phase: draft decision for inspection,0,2,0.0,4.3,6.2,2.632,0.0,True,learned_prefer
treat subcase perspective,perspective regarding draft founded,0,2,0.0,4.3,6.2,2.632,0.0,True,learned_prefer
treat subcase perspective,subcase final VVGB completed,0,2,0.0,4.3,6.2,2.632,0.0,True,learned_prefer
treat subcase perspective,read publication date field,0,2,0.0,4.3,6.2,2.632,0.0,True,learned_prefer
treat subcase perspective,set decision phase inspection of decision permitting,0,2,0.0,4.3,6.2,2.632,0.0,True,learned_prefer
treat subcase perspective,phase decision sent,0,2,0.0,4.3,6.2,2.632,0.0,True,learned_prefer
treat subcase perspective,create draft environtmental permit,0,2,0.0,4.3,6.2,2.632,0.0,True,learned_prefer
treat subcase perspective,phase decision ready,0,2,0.0,4.3,6.2,2.632,0.0,True,learned_prefer
treat subcase perspective,updated plan after perspective,0,2,0.0,4.3,6.2,2.632,0.0,True,learned_prefer
publish official draft decision,phase application receptive,0,2,0.0,4.3,6.2,2.632,0.0,True,learned_prefer
publish official draft decision,phase draft decision made,0,2,0.0,4.3,6.2,2.632,0.0,True,learned_prefer
set decision phase: draft decision for inspection,enter senddate decision environmental permit,0,2,0.0,4.3,6.2,2.632,0.0,True,learned_prefer
set decision phase: draft decision for inspection,close case,0,2,0.0,4.3,6.2,2.632,0.0,True,learned_prefer
set decision phase: draft decision for inspection,request complete,0,2,0.0,4.3,6.2,2.632,0.0,True,learned_prefer
receive additional information,phase procedure term resumed,0,3,0.0,2.8,6.086,2.605,0.0,True,learned_prefer
receive additional information,set decision status,0,3,0.0,2.8,6.086,2.605,0.0,True,learned_prefer
receive additional information,create subcases content,0,3,0.0,2.8,6.086,2.605,0.0,True,learned_prefer
receive additional information,set decision phase decision permitting decided,0,3,0.0,2.8,6.086,2.605,0.0,True,learned_prefer
receive additional information,create publication document,0,3,0.0,2.8,6.086,2.605,0.0,True,learned_prefer
receive additional information,phase advice known,0,3,0.0,2.8,6.086,2.605,0.0,True,learned_prefer
receive additional information,procedure change after completeness,0,3,0.0,2.8,6.086,2.605,0.0,True,learned_prefer
receive additional information,send confirmation receipt additional data,0,3,0.0,2.8,6.086,2.605,0.0,True,learned_prefer
receive additional information,enter objectionterm,0,3,0.0,2.8,6.086,2.605,0.0,True,learned_prefer
enter senddate decision suspension,investigate BAG objects,0,2,0.0,4.4,6.067,2.601,0.0,True,learned_prefer
enter senddate decision suspension,applicant is stakeholder,0,2,0.0,4.4,6.067,2.601,0.0,True,learned_prefer
enter senddate decision suspension,phase decision ready,0,2,0.0,4.4,6.067,2.601,0.0,True,learned_prefer
enter senddate decision suspension,completed subcases content,0,2,0.0,4.4,6.067,2.601,0.0,True,learned_prefer
enter senddate decision suspension,phase application received,0,2,0.0,4.4,6.067,2.601,0.0,True,learned_prefer
enter senddate decision suspension,subcase art. 33 WABO completed,0,2,0.0,4.4,6.067,2.601,0.0,True,learned_prefer
create decision procedure term extension,create publication document,2,3,28.6,4.8,6.048,2.596,-0.063,True,learned_prefer
enter receipt of additional data,send confirmation receipt additional data,0,4,0.0,4.9,6.037,2.594,0.0,True,learned_prefer
enter receipt of additional data,enter senddate decision permanent suspension,0,4,0.0,4.9,6.037,2.594,0.0,True,learned_prefer
enter receipt of additional data,terminate on request,0,4,0.0,4.9,6.037,2.594,0.0,True,learned_prefer
enter receipt of additional data,set decision phase decision permitting decided,0,4,0.0,4.9,6.037,2.594,0.0,True,learned_prefer
read field phased application,phase advice known,0,4,0.0,5.0,5.963,2.576,0.0,True,learned_prefer
read field phased application,send confirmation receipt,0,4,0.0,5.0,5.963,2.576,0.0,True,learned_prefer
read field phased application,phase additional information received,0,4,0.0,5.0,5.963,2.576,0.0,True,learned_prefer
publication date draft decision,send design decision to stakeholders,0,1,0.0,3.8,5.889,2.558,0.0,True,learned_prefer
publication date draft decision,phase concept draft decision ready,0,1,0.0,3.8,5.889,2.558,0.0,True,learned_prefer
publication date draft decision,reception through OLO,0,1,0.0,3.8,5.889,2.558,0.0,True,learned_prefer
publication date draft decision,VVGB positive,0,1,0.0,3.8,5.889,2.558,0.0,True,learned_prefer
publication date draft decision,enter date termination request received,0,1,0.0,3.8,5.889,2.558,0.0,True,learned_prefer
forward to the competent authority,applicant is stakeholder,0,7,0.0,5.3,5.844,2.547,0.0,True,learned_prefer
enter senddate draft decision,entering senddate draft decision environmental permit,0,6,0.0,5.3,5.821,2.541,0.0,True,learned_prefer
enter date termination request received,OLO messaging active,0,4,0.0,5.1,5.815,2.54,0.0,True,learned_prefer
enter senddate updated plan,forward to the competent authority,0,1,0.0,2.3,5.8,2.536,0.0,True,learned_prefer
enter senddate updated plan,enter senddate procedure confirmation,0,1,0.0,2.3,5.8,2.536,0.0,True,learned_prefer
enter senddate updated plan,phase updated plan requested,0,1,0.0,2.3,5.8,2.536,0.0,True,learned_prefer
enter senddate updated plan,send confirmation receipt,0,1,0.0,2.3,5.8,2.536,0.0,True,learned_prefer
enter senddate updated plan,updated plan received,0,1,0.0,2.3,5.8,2.536,0.0,True,learned_prefer
enter senddate updated plan,start date suspension competent authority,0,1,0.0,2.3,5.8,2.536,0.0,True,learned_prefer
enter senddate updated plan,enter date publication decision environmental permit,0,1,0.0,2.3,5.8,2.536,0.0,True,learned_prefer
enter senddate updated plan,request updated plan again,0,1,0.0,2.3,5.8,2.536,0.0,True,learned_prefer
send confirmation receipt additional data,start decision phase decision permitting sent,0,3,0.0,5.0,5.762,2.527,0.0,True,learned_prefer
set decision phase inspection of decision permitting,register date environmental permit decision,0,3,0.0,5.0,5.762,2.527,0.0,True,learned_prefer
send confirmation receipt additional data,objection to permanent suspension received,0,3,0.0,5.0,5.762,2.527,0.0,True,learned_prefer
send confirmation receipt additional data,completed subcases content,0,3,0.0,5.0,5.762,2.527,0.0,True,learned_prefer
send confirmation receipt additional data,phase additional information received,0,3,0.0,5.0,5.762,2.527,0.0,True,learned_prefer
set decision phase inspection of decision permitting,record date of decision environmental permit,0,3,0.0,5.0,5.762,2.527,0.0,True,learned_prefer
WAW permit aspect,enter date advice on treatment of environmental permit,0,4,0.0,5.2,5.741,2.521,0.0,True,learned_prefer
WAW permit aspect,inform BAG administrator,0,4,0.0,5.2,5.741,2.521,0.0,True,learned_prefer
enter enddate of suspension,create procedure confirmation,0,1,0.0,4.0,5.667,2.503,0.0,True,learned_prefer
enter enddate of suspension,procedure change,0,1,0.0,4.0,5.667,2.503,0.0,True,learned_prefer
enter enddate of suspension,set decision phase: suspension cancelled,0,1,0.0,4.0,5.667,2.503,0.0,True,learned_prefer
record date of decision no permit required,set decision phase decision no permit required sent,0,1,0.0,4.0,5.667,2.503,0.0,True,learned_prefer
record date of decision no permit required,enter senddate letter no permit required,0,1,0.0,4.0,5.667,2.503,0.0,True,learned_prefer
record date of decision no permit required,phase case handled,0,1,0.0,4.0,5.667,2.503,0.0,True,learned_prefer
by law,send letter in progress,0,3,0.0,5.1,5.667,2.503,0.0,True,learned_prefer
record date of decision no permit required,phase archived case,0,1,0.0,4.0,5.667,2.503,0.0,True,learned_prefer
request for preliminary injunction received,appeal logded,0,1,0.0,4.0,5.667,2.503,0.0,True,learned_prefer
updated plan received,phase advice known,0,2,0.0,4.8,5.667,2.503,0.0,True,learned_prefer
updated plan received,create suspension competent authority,0,2,0.0,4.8,5.667,2.503,0.0,True,learned_prefer
updated plan received,send confirmation receipt,0,2,0.0,4.8,5.667,2.503,0.0,True,learned_prefer
updated plan received,request updated plan again,0,2,0.0,4.8,5.667,2.503,0.0,True,learned_prefer
by law,enter objectionterm,0,3,0.0,5.1,5.667,2.503,0.0,True,learned_prefer
by law,terminate on request,0,3,0.0,5.1,5.667,2.503,0.0,True,learned_prefer
updated plan received,phase updated plan received,0,2,0.0,4.8,5.667,2.503,0.0,True,learned_prefer
request for preliminary injunction received,objection subcase completed,0,1,0.0,4.0,5.667,2.503,0.0,True,learned_prefer
request for preliminary injunction received,treat appeal subcase,0,1,0.0,4.0,5.667,2.503,0.0,True,learned_prefer
by law,article 34  WABO applies,0,3,0.0,5.1,5.667,2.503,0.0,True,learned_prefer
subcase art. 33 WABO completed,enter enddate suspension art. 33 WABO,0,3,0.0,5.2,5.571,2.478,0.0,True,learned_prefer
subcase art. 33 WABO completed,by law,0,3,0.0,5.2,5.571,2.478,0.0,True,learned_prefer
continue or abort mutation BAG objects,objection lodged against decision,2,3,100.0,15.8,5.571,2.478,-0.013,True,learned_prefer
subcase art. 33 WABO completed,phase decision taken,0,3,0.0,5.2,5.571,2.478,0.0,True,learned_prefer
treat subcase suspension art. 33 WABO,treat subcases content,0,2,0.0,4.9,5.533,2.468,0.0,True,learned_prefer
treat subcase suspension art. 33 WABO,phase application receptive,0,2,0.0,4.9,5.533,2.468,0.0,True,learned_prefer
treat subcase suspension art. 33 WABO,set decision status,0,2,0.0,4.9,5.533,2.468,0.0,True,learned_prefer
treat subcase suspension art. 33 WABO,phase decision suspended,0,2,0.0,4.9,5.533,2.468,0.0,True,learned_prefer
treat subcase suspension art. 33 WABO,creating decision suspension art. 33 WABO,0,2,0.0,4.9,5.533,2.468,0.0,True,learned_prefer
treat subcase suspension art. 33 WABO,generating decision environmental permit,0,2,0.0,4.9,5.533,2.468,0.0,True,learned_prefer
activities regular procedure,start WABOprocedure,0,4,0.0,5.4,5.519,2.464,0.0,True,learned_prefer
activities regular procedure,read field phased application,0,4,0.0,5.4,5.519,2.464,0.0,True,learned_prefer
suspend term,ask stakeholders views,0,6,0.0,5.6,5.513,2.463,0.0,True,learned_prefer
suspend term,enter senddate retrieve missing data,0,6,0.0,5.6,5.513,2.463,0.0,True,learned_prefer
decision procedure term extension,terminate on request,0,1,0.0,4.2,5.444,2.445,0.0,True,learned_prefer
decision procedure term extension,MER present in supplement,0,1,0.0,4.2,5.444,2.445,0.0,True,learned_prefer
decision procedure term extension,treat subcases completeness,0,1,0.0,4.2,5.444,2.445,0.0,True,learned_prefer
decision procedure term extension,enter date decision procedure term extension,0,1,0.0,4.2,5.444,2.445,0.0,True,learned_prefer
decision procedure term extension,copy decision to extend procedure to stakeholders,0,1,0.0,4.2,5.444,2.445,0.0,True,learned_prefer
decision procedure term extension,procedure change,0,1,0.0,4.2,5.444,2.445,0.0,True,learned_prefer
decision procedure term extension,subcases completeness completed,0,1,0.0,4.2,5.444,2.445,0.0,True,learned_prefer
decision procedure term extension,receive additional information,0,1,0.0,4.2,5.444,2.445,0.0,True,learned_prefer
decision procedure term extension,regular procedure applies,0,1,0.0,4.2,5.444,2.445,0.0,True,learned_prefer
entering senddate draft decision environmental permit,phase application receptive,0,5,0.0,5.6,5.424,2.439,0.0,True,learned_prefer
entering senddate draft decision environmental permit,publish,0,5,0.0,5.6,5.424,2.439,0.0,True,learned_prefer
entering senddate draft decision environmental permit,phase draft decision ready,0,5,0.0,5.6,5.424,2.439,0.0,True,learned_prefer
enter senddate procedure confirmation,start decision phase decision permitting sent,0,4,0.0,2.4,5.413,2.436,0.0,True,learned_prefer
enter senddate procedure confirmation,treat subcases completeness,0,4,0.0,2.4,5.413,2.436,0.0,True,learned_prefer
enter senddate procedure confirmation,reception through OLO,0,4,0.0,2.4,5.413,2.436,0.0,True,learned_prefer
enter senddate procedure confirmation,phase application received,0,4,0.0,2.4,5.413,2.436,0.0,True,learned_prefer
enter senddate procedure confirmation,start WABOprocedure,0,4,0.0,2.4,5.413,2.436,0.0,True,learned_prefer
enter senddate procedure confirmation,enter enddate suspension art. 33 WABO,0,4,0.0,2.4,5.413,2.436,0.0,True,learned_prefer
enter senddate procedure confirmation,no permit needed or only notification needed,0,4,0.0,2.4,5.413,2.436,0.0,True,learned_prefer
enter senddate procedure confirmation,date draft decision for inspection,0,4,0.0,2.4,5.413,2.436,0.0,True,learned_prefer
enter senddate procedure confirmation,OLO messaging active,0,4,0.0,2.4,5.413,2.436,0.0,True,learned_prefer
enter senddate procedure confirmation,publish official draft decision,0,4,0.0,2.4,5.413,2.436,0.0,True,learned_prefer
calculate provisional charges,start WABOprocedure,0,2,0.0,5.0,5.4,2.433,0.0,True,learned_prefer
calculate provisional charges,enter senddate acknowledgement,0,2,0.0,5.0,5.4,2.433,0.0,True,learned_prefer
creating decision procedure term extension,enter senddate retrieve missing data,0,2,0.0,5.0,5.4,2.433,0.0,True,learned_prefer
creating decision procedure term extension,enter senddate procedure term extension,0,2,0.0,5.0,5.4,2.433,0.0,True,learned_prefer
creating decision procedure term extension,subcases completeness completed,0,2,0.0,5.0,5.4,2.433,0.0,True,learned_prefer
creating decision procedure term extension,treat subcases content,0,2,0.0,5.0,5.4,2.433,0.0,True,learned_prefer
calculate provisional charges,create cover letter draft decision,0,2,0.0,5.0,5.4,2.433,0.0,True,learned_prefer
creating decision procedure term extension,creating environmental permit decision,0,2,0.0,5.0,5.4,2.433,0.0,True,learned_prefer
send decision suspension,send decision suspension,0,3,0.0,5.4,5.381,2.428,0.0,True,learned_prefer
send decision suspension,phase advice known,0,3,0.0,5.4,5.381,2.428,0.0,True,learned_prefer
send decision suspension,no permit needed or only notification needed,0,3,0.0,5.4,5.381,2.428,0.0,True,learned_prefer
send decision suspension,start decision phase decision permitting sent,0,3,0.0,5.4,5.381,2.428,0.0,True,learned_prefer
send decision suspension,phase decision suspended,0,3,0.0,5.4,5.381,2.428,0.0,True,learned_prefer
register number of days extension period,send procedure confirmation,0,4,0.0,5.6,5.37,2.425,0.0,True,learned_prefer
register number of days extension period,activities regular procedure,0,4,0.0,5.6,5.37,2.425,0.0,True,learned_prefer
register number of days extension period,enter date request extension,0,4,0.0,5.6,5.37,2.425,0.0,True,learned_prefer
register number of days extension period,reason for suspension found,0,4,0.0,5.6,5.37,2.425,0.0,True,learned_prefer
registrer date of publishing received request,create decision terminate on request,0,4,0.0,3.4,5.311,2.409,0.0,True,learned_prefer
registrer date of publishing received request,perspective on draft decision environmental permit received,0,4,0.0,3.4,5.311,2.409,0.0,True,learned_prefer
registrer date of publishing received request,enter date publication decision environmental permit,0,4,0.0,3.4,5.311,2.409,0.0,True,learned_prefer
registrer date of publishing received request,enter senddate acknowledgement,0,4,0.0,3.4,5.311,2.409,0.0,True,learned_prefer
enter date draft decisionenvironmental permit,create subcases completeness,0,6,0.0,5.8,5.308,2.408,0.0,True,learned_prefer
enter senddate retrieve missing data,register deadline,0,5,0.0,5.7,5.303,2.407,0.0,True,learned_prefer
enter publication date draft decision,submit decision,0,3,0.0,5.5,5.286,2.402,0.0,True,learned_prefer
ask stakeholders views,register number of days extension period,0,3,0.0,5.5,5.286,2.402,0.0,True,learned_prefer
ask stakeholders views,create decision procedure term extension,0,3,0.0,5.5,5.286,2.402,0.0,True,learned_prefer
ask stakeholders views,creating environmental permit decision,0,3,0.0,5.5,5.286,2.402,0.0,True,learned_prefer
ask stakeholders views,phase advice known,0,3,0.0,5.5,5.286,2.402,0.0,True,learned_prefer
ask stakeholders views,set decision phase decision permitting decided,0,3,0.0,5.5,5.286,2.402,0.0,True,learned_prefer
ask stakeholders views,submit draft decision,0,3,0.0,5.5,5.286,2.402,0.0,True,learned_prefer
enter publication date draft decision,register objection and appeal periods,0,3,0.0,5.5,5.286,2.402,0.0,True,learned_prefer
retrieve missing data,send confirmation receipt,0,3,0.0,2.3,5.286,2.402,0.0,True,learned_prefer
enter publication date draft decision,phase decision sent,0,3,0.0,5.5,5.286,2.402,0.0,True,learned_prefer
retrieve missing data,enter date decision procedure term extension,0,3,0.0,2.3,5.286,2.402,0.0,True,learned_prefer
retrieve missing data,create publication document,0,3,0.0,2.3,5.286,2.402,0.0,True,learned_prefer
retrieve missing data,send procedure confirmation,0,3,0.0,2.3,5.286,2.402,0.0,True,learned_prefer
retrieve missing data,suspend term,0,3,0.0,2.3,5.286,2.402,0.0,True,learned_prefer
retrieve missing data,keep permanently suspended,0,3,0.0,2.3,5.286,2.402,0.0,True,learned_prefer
enter publication date draft decision,creating environmental permit decision,0,3,0.0,5.5,5.286,2.402,0.0,True,learned_prefer
ask stakeholders views,extend procedure term,0,3,0.0,5.5,5.286,2.402,0.0,True,learned_prefer
retrieve missing data,phase concept draft decision ready,0,3,0.0,2.3,5.286,2.402,0.0,True,learned_prefer
retrieve missing data,phase procedure extended,0,3,0.0,2.3,5.286,2.402,0.0,True,learned_prefer
retrieve missing data,phase asked additional information,0,3,0.0,2.3,5.286,2.402,0.0,True,learned_prefer
retrieve missing data,phase application receptive,0,3,0.0,2.3,5.286,2.402,0.0,True,learned_prefer
retrieve missing data,inform BAG administrator,0,3,0.0,2.3,5.286,2.402,0.0,True,learned_prefer
enter publication date draft decision,enter senddate decision environmental permit,0,3,0.0,5.5,5.286,2.402,0.0,True,learned_prefer
retrieve missing data,start decision phase decision permitting sent,0,3,0.0,2.3,5.286,2.402,0.0,True,learned_prefer
phase decision suspended,treat subcases content,0,2,0.0,5.1,5.267,2.397,0.0,True,learned_prefer
creating decision permanently suspended,retrieve missing data,0,2,0.0,5.1,5.267,2.397,0.0,True,learned_prefer
phase decision suspended,phase advice known,0,2,0.0,5.1,5.267,2.397,0.0,True,learned_prefer
phase decision suspended,send decision suspension,0,2,0.0,5.1,5.267,2.397,0.0,True,learned_prefer
creating decision permanently suspended,phase additional information received,0,2,0.0,5.1,5.267,2.397,0.0,True,learned_prefer
creating decision permanently suspended,set decision status,0,2,0.0,5.1,5.267,2.397,0.0,True,learned_prefer
creating decision permanently suspended,stop procedure after permanent suspension,0,2,0.0,5.1,5.267,2.397,0.0,True,learned_prefer
phase decision suspended,article 35 applies,0,2,0.0,5.1,5.267,2.397,0.0,True,learned_prefer
phase decision suspended,generating decision environmental permit,0,2,0.0,5.1,5.267,2.397,0.0,True,learned_prefer
phase decision suspended,set decision phase: suspension cancelled,0,2,0.0,5.1,5.267,2.397,0.0,True,learned_prefer
phase decision suspended,assessment of content completed,0,2,0.0,5.1,5.267,2.397,0.0,True,learned_prefer
phase decision suspended,enter date decision suspension,0,2,0.0,5.1,5.267,2.397,0.0,True,learned_prefer
phase decision suspended,creating environmental permit decision,0,2,0.0,5.1,5.267,2.397,0.0,True,learned_prefer
phase decision suspended,completed subcases content,0,2,0.0,5.1,5.267,2.397,0.0,True,learned_prefer
creating decision permanently suspended,enter senddate decision permanent suspension,0,2,0.0,5.1,5.267,2.397,0.0,True,learned_prefer
suspension ground applicable,completed subcases content,0,5,0.0,5.8,5.242,2.39,0.0,True,learned_prefer
message terminate request,phase archived case,0,1,0.0,4.3,5.222,2.385,0.0,True,learned_prefer
dismiss under mandate,resume completeness subcases,0,1,0.0,4.3,5.222,2.385,0.0,True,learned_prefer
dismiss under mandate,phase concept draft decision ready,0,1,0.0,4.3,5.222,2.385,0.0,True,learned_prefer
dismiss under mandate,generate draft decision environmental permit,0,1,0.0,4.3,5.222,2.385,0.0,True,learned_prefer
dismiss under mandate,open draft decision for inspection,0,1,0.0,4.3,5.222,2.385,0.0,True,learned_prefer
dismiss under mandate,enter date advice on treatment of environmental permit,0,1,0.0,4.3,5.222,2.385,0.0,True,learned_prefer
dismiss under mandate,no permit needed or only notification needed,0,1,0.0,4.3,5.222,2.385,0.0,True,learned_prefer
create publication document,keep permanently suspended,0,4,0.0,2.4,5.222,2.385,0.0,True,learned_prefer
create publication document,inform BAG administrator,0,4,0.0,2.4,5.222,2.385,0.0,True,learned_prefer
message terminate request,enter senddate request termination,0,1,0.0,4.3,5.222,2.385,0.0,True,learned_prefer
create publication document,phase additional information received,0,4,0.0,2.4,5.222,2.385,0.0,True,learned_prefer
create publication document,decision date prior to decision,0,4,0.0,2.4,5.222,2.385,0.0,True,learned_prefer
create publication document,submit decision,0,4,0.0,2.4,5.222,2.385,0.0,True,learned_prefer
create publication document,appeal logded,0,4,0.0,2.4,5.222,2.385,0.0,True,learned_prefer
create publication document,objection lodged against decision,0,4,0.0,2.4,5.222,2.385,0.0,True,learned_prefer
create publication document,perspective on draft decision environmental permit received,0,4,0.0,2.4,5.222,2.385,0.0,True,learned_prefer
message terminate request,send confirmation receipt,0,1,0.0,4.3,5.222,2.385,0.0,True,learned_prefer
generate publication document decision environmental permit,generating decision environmental permit,0,3,0.0,5.6,5.19,2.376,0.0,True,learned_prefer
generate publication document decision environmental permit,objection lodged against decision,0,3,0.0,5.6,5.19,2.376,0.0,True,learned_prefer
generate publication document decision environmental permit,treat subcases completeness,0,3,0.0,5.6,5.19,2.376,0.0,True,learned_prefer
generate publication document decision environmental permit,appeal logded,0,3,0.0,5.6,5.19,2.376,0.0,True,learned_prefer
generate publication document decision environmental permit,enter date publication decision environmental permit,0,3,0.0,5.6,5.19,2.376,0.0,True,learned_prefer
generate publication document decision environmental permit,assessment of content completed,0,3,0.0,5.6,5.19,2.376,0.0,True,learned_prefer
generate publication document decision environmental permit,read publication date field,0,3,0.0,5.6,5.19,2.376,0.0,True,learned_prefer
generate publication document decision environmental permit,phase decision ready,0,3,0.0,5.6,5.19,2.376,0.0,True,learned_prefer
phase decision taken,phase draft decision made,0,7,0.0,6.0,5.178,2.372,0.0,True,learned_prefer
date draft decision for inspection,treat subcases completeness,0,4,0.0,5.8,5.148,2.364,0.0,True,learned_prefer
date draft decision for inspection,send procedure confirmation,0,4,0.0,5.8,5.148,2.364,0.0,True,learned_prefer
phase draft decision ready,read publication date field,0,3,0.0,3.4,5.114,2.355,0.0,True,learned_prefer
phase draft decision ready,phase application receptive,0,3,0.0,3.4,5.114,2.355,0.0,True,learned_prefer
phase draft decision ready,enter senddate retrieve missing data,0,3,0.0,3.4,5.114,2.355,0.0,True,learned_prefer
phase draft decision ready,phase advice known,0,3,0.0,3.4,5.114,2.355,0.0,True,learned_prefer
phase draft decision ready,phase draft decision sent,0,3,0.0,3.4,5.114,2.355,0.0,True,learned_prefer
phase draft decision ready,phase concept draft decision ready,0,3,0.0,3.4,5.114,2.355,0.0,True,learned_prefer
phase draft decision ready,enter senddate decision environmental permit,0,3,0.0,3.4,5.114,2.355,0.0,True,learned_prefer
phase draft decision ready,set decision phase decision permitting decided,0,3,0.0,3.4,5.114,2.355,0.0,True,learned_prefer
phase draft decision ready,phase application received,0,3,0.0,3.4,5.114,2.355,0.0,True,learned_prefer
phase draft decision ready,subcases completeness completed,0,3,0.0,3.4,5.114,2.355,0.0,True,learned_prefer
article 34  WABO applies,calculate provisional charges,0,1,0.0,1.5,5.074,2.343,0.0,True,learned_prefer
article 34  WABO applies,request updated plan,0,1,0.0,1.5,5.074,2.343,0.0,True,learned_prefer
article 34  WABO applies,submit decision,0,1,0.0,1.5,5.074,2.343,0.0,True,learned_prefer
article 34  WABO applies,treat subcases content,0,1,0.0,1.5,5.074,2.343,0.0,True,learned_prefer
article 34  WABO applies,subcases completeness completed,0,1,0.0,1.5,5.074,2.343,0.0,True,learned_prefer
article 34  WABO applies,register date environmental permit decision,0,1,0.0,1.5,5.074,2.343,0.0,True,learned_prefer
article 34  WABO applies,procedure change,0,1,0.0,1.5,5.074,2.343,0.0,True,learned_prefer
enter date decision procedure term extension,forward to the competent authority,0,4,0.0,5.9,5.074,2.343,0.0,True,learned_prefer
article 34  WABO applies,publication date draft decision,0,1,0.0,1.5,5.074,2.343,0.0,True,learned_prefer
article 34  WABO applies,request complete,0,1,0.0,1.5,5.074,2.343,0.0,True,learned_prefer
article 34  WABO applies,register number of days extension period,0,1,0.0,1.5,5.074,2.343,0.0,True,learned_prefer
article 34  WABO applies,phase application receptive,0,1,0.0,1.5,5.074,2.343,0.0,True,learned_prefer
article 34  WABO applies,set decision status,0,1,0.0,1.5,5.074,2.343,0.0,True,learned_prefer
article 34  WABO applies,create subcases completeness,0,1,0.0,1.5,5.074,2.343,0.0,True,learned_prefer
article 34  WABO applies,regular procedure without MER,0,1,0.0,1.5,5.074,2.343,0.0,True,learned_prefer
article 34  WABO applies,start WABOprocedure,0,1,0.0,1.5,5.074,2.343,0.0,True,learned_prefer
term for supplying missing data,create subcases completeness,0,4,0.0,5.9,5.074,2.343,0.0,True,learned_prefer
term for supplying missing data,receive additional information,0,4,0.0,5.9,5.074,2.343,0.0,True,learned_prefer
term for supplying missing data,retrieve missing data,0,4,0.0,5.9,5.074,2.343,0.0,True,learned_prefer
article 34  WABO applies,request further information,0,1,0.0,1.5,5.074,2.343,0.0,True,learned_prefer
enter date decision procedure term extension,OLO messaging active,0,4,0.0,5.9,5.074,2.343,0.0,True,learned_prefer
enter date decision procedure term extension,extend procedure term,0,4,0.0,5.9,5.074,2.343,0.0,True,learned_prefer
MER present in supplement,enter senddate decision environmental permit,0,3,0.0,5.8,5.0,2.322,0.0,True,learned_prefer
MER present in supplement,register number of days extension period,0,3,0.0,5.8,5.0,2.322,0.0,True,learned_prefer
start decision phase extension granted,enter senddate procedure term extension,0,4,0.0,6.0,5.0,2.322,0.0,True,learned_prefer
start decision phase extension granted,procedure change after completeness,0,4,0.0,6.0,5.0,2.322,0.0,True,learned_prefer
MER present in supplement,send confirmation receipt,0,3,0.0,5.8,5.0,2.322,0.0,True,learned_prefer
article 33 applies,article 35 applies,1026,1,100.0,14.3,5.0,2.322,-0.537,True,learned_prefer
create cover letter draft decision,receive additional information,0,1,0.0,4.5,5.0,2.322,0.0,True,learned_prefer
create cover letter draft decision,publish official draft decision,0,1,0.0,4.5,5.0,2.322,0.0,True,learned_prefer
create cover letter draft decision,procedure change after completeness,0,1,0.0,4.5,5.0,2.322,0.0,True,learned_prefer
create cover letter draft decision,start decisionphase draft decision - permitting decided,0,1,0.0,4.5,5.0,2.322,0.0,True,learned_prefer
create cover letter draft decision,treat subcases completeness,0,1,0.0,4.5,5.0,2.322,0.0,True,learned_prefer
MER present in supplement,procedure change,0,3,0.0,5.8,5.0,2.322,0.0,True,learned_prefer
create cover letter draft decision,enter receipt of additional data,0,1,0.0,4.5,5.0,2.322,0.0,True,learned_prefer
phase perspective submitted,assessment of content completed,0,3,0.0,5.8,5.0,2.322,0.0,True,learned_prefer
create cover letter draft decision,entering senddate draft decision environmental permit,0,1,0.0,4.5,5.0,2.322,0.0,True,learned_prefer
MER present in supplement,phase application receptive,0,3,0.0,5.8,5.0,2.322,0.0,True,learned_prefer
create cover letter draft decision,phase draft decision ready,0,1,0.0,4.5,5.0,2.322,0.0,True,learned_prefer
MER present in supplement,phase decision sent,0,3,0.0,5.8,5.0,2.322,0.0,True,learned_prefer
create cover letter draft decision,phase advice known,0,1,0.0,4.5,5.0,2.322,0.0,True,learned_prefer
create cover letter draft decision,create publication document,0,1,0.0,4.5,5.0,2.322,0.0,True,learned_prefer
create draft environtmental permit,send design decision to stakeholders,1,1,5.9,1.2,4.943,2.305,-0.013,True,learned_prefer
enter receipt of additional data,enter enddate of suspension,0,5,0.0,6.2,4.939,2.304,0.0,True,learned_prefer
set decision phase suspension sent,set decision phase suspension decided,0,3,0.0,5.9,4.905,2.294,0.0,True,learned_prefer
set decision phase suspension sent,article 35 applies,0,3,0.0,5.9,4.905,2.294,0.0,True,learned_prefer
set decision phase suspension sent,enter senddate decision environmental permit,0,3,0.0,5.9,4.905,2.294,0.0,True,learned_prefer
request updated plan,phase updated plan requested,0,3,0.0,5.9,4.905,2.294,0.0,True,learned_prefer
request updated plan,phase application receptive,0,3,0.0,5.9,4.905,2.294,0.0,True,learned_prefer
request updated plan,treat subcases content,0,3,0.0,5.9,4.905,2.294,0.0,True,learned_prefer
set decision phase suspension sent,create subcases completeness,0,3,0.0,5.9,4.905,2.294,0.0,True,learned_prefer
set decision phase suspension sent,enter date decision suspension,0,3,0.0,5.9,4.905,2.294,0.0,True,learned_prefer
set decision phase suspension sent,subcases completeness completed,0,3,0.0,5.9,4.905,2.294,0.0,True,learned_prefer
read field phased application,create publication document,0,5,0.0,6.2,4.879,2.287,0.0,True,learned_prefer
creating decision suspension art. 33 WABO,assessment of content completed,0,2,0.0,5.6,4.867,2.283,0.0,True,learned_prefer
creating decision suspension art. 33 WABO,phase advice known,0,2,0.0,5.6,4.867,2.283,0.0,True,learned_prefer
phase procedure resumed,completed subcases content,0,2,0.0,5.6,4.867,2.283,0.0,True,learned_prefer
creating decision suspension art. 33 WABO,phase additional information received,0,2,0.0,5.6,4.867,2.283,0.0,True,learned_prefer
creating decision suspension art. 33 WABO,treat subcases completeness,0,2,0.0,5.6,4.867,2.283,0.0,True,learned_prefer
creating decision suspension art. 33 WABO,set decision phase suspension decided,0,2,0.0,5.6,4.867,2.283,0.0,True,learned_prefer
phase procedure resumed,phase decision suspended,0,2,0.0,5.6,4.867,2.283,0.0,True,learned_prefer
phase procedure resumed,phase decision ready,0,2,0.0,5.6,4.867,2.283,0.0,True,learned_prefer
phase procedure resumed,decision date prior to decision,0,2,0.0,5.6,4.867,2.283,0.0,True,learned_prefer
phase procedure resumed,set decision status,0,2,0.0,5.6,4.867,2.283,0.0,True,learned_prefer
phase procedure resumed,subcase art. 33 WABO completed,0,2,0.0,5.6,4.867,2.283,0.0,True,learned_prefer
date decision for inspection,submit decision,0,3,0.0,6.0,4.81,2.266,0.0,True,learned_prefer
date decision for inspection,create publication document,0,3,0.0,6.0,4.81,2.266,0.0,True,learned_prefer
date decision for inspection,read publication date field,0,3,0.0,6.0,4.81,2.266,0.0,True,learned_prefer
date decision for inspection,date draft decision for inspection,0,3,0.0,6.0,4.81,2.266,0.0,True,learned_prefer
date decision for inspection,phase decision ready,0,3,0.0,6.0,4.81,2.266,0.0,True,learned_prefer
enter senddate request termination,message terminate request,0,1,0.0,4.8,4.778,2.256,0.0,True,learned_prefer
phase activity no permit required,set decision status,0,1,0.0,4.8,4.778,2.256,0.0,True,learned_prefer
phase activity no permit required,set decision phase decision no permit required sent,0,1,0.0,4.8,4.778,2.256,0.0,True,learned_prefer
enter senddate request termination,cancel BAG objects research,0,1,0.0,4.8,4.778,2.256,0.0,True,learned_prefer
calculate final charges,procedure change,4,4,100.0,19.0,4.778,2.256,-0.013,True,learned_prefer
phase activity no permit required,phase application receptive,0,1,0.0,4.8,4.778,2.256,0.0,True,learned_prefer
phase activity no permit required,generating decision no permit required,0,1,0.0,4.8,4.778,2.256,0.0,True,learned_prefer
phase activity no permit required,generate letter no permit required,0,1,0.0,4.8,4.778,2.256,0.0,True,learned_prefer
enter date termination request received,treat subcases completeness,0,5,0.0,6.4,4.758,2.25,0.0,True,learned_prefer
enter date termination request received,registration date publication,0,5,0.0,6.4,4.758,2.25,0.0,True,learned_prefer
enter date termination request received,phase procedure prematurely terminated,0,5,0.0,6.4,4.758,2.25,0.0,True,learned_prefer
enter date termination request received,register submission date request,0,5,0.0,6.4,4.758,2.25,0.0,True,learned_prefer
enter date termination request received,create subcases content,0,5,0.0,6.4,4.758,2.25,0.0,True,learned_prefer
enter date termination request received,create message terminate request,0,5,0.0,6.4,4.758,2.25,0.0,True,learned_prefer
receive additional information,assessment of content completed,0,4,0.0,3.8,4.733,2.243,0.0,True,learned_prefer
phase procedure prematurely terminated,send confirmation receipt,0,2,0.0,5.7,4.733,2.243,0.0,True,learned_prefer
receive additional information,terminate on request,0,4,0.0,3.8,4.733,2.243,0.0,True,learned_prefer
receive additional information,treat subcases completeness,0,4,0.0,3.8,4.733,2.243,0.0,True,learned_prefer
phase procedure prematurely terminated,enter senddate procedure confirmation,0,2,0.0,5.7,4.733,2.243,0.0,True,learned_prefer
phase procedure prematurely terminated,close case,0,2,0.0,5.7,4.733,2.243,0.0,True,learned_prefer
phase procedure prematurely terminated,start WABOprocedure,0,2,0.0,5.7,4.733,2.243,0.0,True,learned_prefer
phase procedure prematurely terminated,received OLO documents,0,2,0.0,5.7,4.733,2.243,0.0,True,learned_prefer
receive additional information,decision keep permanently suspended,0,4,0.0,3.8,4.733,2.243,0.0,True,learned_prefer
create subcases content,phase updated plan requested,0,3,0.0,6.1,4.714,2.237,0.0,True,learned_prefer
create subcases content,submit draft decision,0,3,0.0,6.1,4.714,2.237,0.0,True,learned_prefer
create subcases content,create subcases completeness,0,3,0.0,6.1,4.714,2.237,0.0,True,learned_prefer
create subcases content,resume completeness subcases,0,3,0.0,6.1,4.714,2.237,0.0,True,learned_prefer
enter date decision permanent suspension,procedure change,0,3,0.0,6.2,4.619,2.208,0.0,True,learned_prefer
enter date decision permanent suspension,create publication document,0,3,0.0,6.2,4.619,2.208,0.0,True,learned_prefer
enter date decision permanent suspension,objection to permanent suspension received,0,3,0.0,6.2,4.619,2.208,0.0,True,learned_prefer
enter date decision permanent suspension,keep permanently suspended,0,3,0.0,6.2,4.619,2.208,0.0,True,learned_prefer
enter date decision permanent suspension,registrer date of publishing received request,0,3,0.0,6.2,4.619,2.208,0.0,True,learned_prefer
open draft decision for inspection,by law,0,2,0.0,5.9,4.6,2.202,0.0,True,learned_prefer
set decision phase suspension decided,set decision phase suspension sent,0,1,0.0,2.9,4.6,2.202,0.0,True,learned_prefer
set decision phase suspension decided,subcases completeness completed,0,1,0.0,2.9,4.6,2.202,0.0,True,learned_prefer
set decision phase suspension decided,phase decision suspended,0,1,0.0,2.9,4.6,2.202,0.0,True,learned_prefer
set decision phase suspension decided,send decision suspension,0,1,0.0,2.9,4.6,2.202,0.0,True,learned_prefer
open draft decision for inspection,enter senddate procedure confirmation,0,2,0.0,5.9,4.6,2.202,0.0,True,learned_prefer
open draft decision for inspection,publication date draft decision,0,2,0.0,5.9,4.6,2.202,0.0,True,learned_prefer
open draft decision for inspection,submit draft decision,0,2,0.0,5.9,4.6,2.202,0.0,True,learned_prefer
open draft decision for inspection,phase draft decision made,0,2,0.0,5.9,4.6,2.202,0.0,True,learned_prefer
open draft decision for inspection,publish official draft decision,0,2,0.0,5.9,4.6,2.202,0.0,True,learned_prefer
set decision phase suspension decided,request complete,0,1,0.0,2.9,4.6,2.202,0.0,True,learned_prefer
set decision phase suspension decided,retrieve missing data,0,1,0.0,2.9,4.6,2.202,0.0,True,learned_prefer
open draft decision for inspection,send design decision to stakeholders,0,2,0.0,5.9,4.6,2.202,0.0,True,learned_prefer
open draft decision for inspection,term to perspective,0,2,0.0,5.9,4.6,2.202,0.0,True,learned_prefer
entering senddate draft decision environmental permit,request complete,0,6,0.0,6.7,4.59,2.198,0.0,True,learned_prefer
stop suspended completeness subcases,creating environmental permit decision,0,1,0.0,5.0,4.556,2.188,0.0,True,learned_prefer
stop suspended completeness subcases,phase application receptive,0,1,0.0,5.0,4.556,2.188,0.0,True,learned_prefer
subcase final VVGB completed,assessment of content completed,0,1,0.0,5.0,4.556,2.188,0.0,True,learned_prefer
keep permanently suspended,MER present in supplement,0,1,0.0,5.0,4.556,2.188,0.0,True,learned_prefer
keep permanently suspended,request complete,0,1,0.0,5.0,4.556,2.188,0.0,True,learned_prefer
stop suspended completeness subcases,subcases completeness completed,0,1,0.0,5.0,4.556,2.188,0.0,True,learned_prefer
keep permanently suspended,set decision status,0,1,0.0,5.0,4.556,2.188,0.0,True,learned_prefer
keep permanently suspended,activities regular procedure,0,1,0.0,5.0,4.556,2.188,0.0,True,learned_prefer
keep permanently suspended,decision date prior to decision,0,1,0.0,5.0,4.556,2.188,0.0,True,learned_prefer
keep permanently suspended,phase application receptive,0,1,0.0,5.0,4.556,2.188,0.0,True,learned_prefer
subcase final VVGB completed,treat subcase final VVGB,0,1,0.0,5.0,4.556,2.188,0.0,True,learned_prefer
subcase final VVGB completed,phase perspective submitted,0,1,0.0,5.0,4.556,2.188,0.0,True,learned_prefer
keep permanently suspended,close case,0,1,0.0,5.0,4.556,2.188,0.0,True,learned_prefer
subcase perspective complete,subcases completeness completed,0,3,0.0,6.4,4.524,2.178,0.0,True,learned_prefer
subcase perspective complete,register date environmental permit decision,0,3,0.0,6.4,4.524,2.178,0.0,True,learned_prefer
subcase perspective complete,set decision status,0,3,0.0,6.4,4.524,2.178,0.0,True,learned_prefer
subcase perspective complete,phase perspective submitted,0,3,0.0,6.4,4.524,2.178,0.0,True,learned_prefer
subcase perspective complete,phase concept draft decision ready,0,3,0.0,6.4,4.524,2.178,0.0,True,learned_prefer
subcase perspective complete,phase advice known,0,3,0.0,6.4,4.524,2.178,0.0,True,learned_prefer
subcase perspective complete,creating environmental permit decision,0,3,0.0,6.4,4.524,2.178,0.0,True,learned_prefer
subcase perspective complete,generate draft decision environmental permit,0,3,0.0,6.4,4.524,2.178,0.0,True,learned_prefer
enter senddate decision procedure term extension,received OLO documents,0,2,0.0,3.6,4.52,2.176,0.0,True,learned_prefer
enter senddate decision procedure term extension,create publication document,0,2,0.0,3.6,4.52,2.176,0.0,True,learned_prefer
enter senddate decision procedure term extension,inform BAG administrator,0,2,0.0,3.6,4.52,2.176,0.0,True,learned_prefer
enter senddate decision procedure term extension,generating decision environmental permit,0,2,0.0,3.6,4.52,2.176,0.0,True,learned_prefer
enter senddate decision procedure term extension,enter senddate procedure term extension,0,2,0.0,3.6,4.52,2.176,0.0,True,learned_prefer
enter senddate decision procedure term extension,subcases completeness completed,0,2,0.0,3.6,4.52,2.176,0.0,True,learned_prefer
enter senddate decision procedure term extension,receive additional information,0,2,0.0,3.6,4.52,2.176,0.0,True,learned_prefer
enter senddate decision procedure term extension,phase decision taken,0,2,0.0,3.6,4.52,2.176,0.0,True,learned_prefer
enter senddate decision procedure term extension,extend procedure term,0,2,0.0,3.6,4.52,2.176,0.0,True,learned_prefer
enter senddate decision procedure term extension,send procedure confirmation,0,2,0.0,3.6,4.52,2.176,0.0,True,learned_prefer
activities regular procedure,first or second phase,0,5,0.0,6.8,4.515,2.175,0.0,True,learned_prefer
activities regular procedure,phase asked additional information,0,5,0.0,6.8,4.515,2.175,0.0,True,learned_prefer
activities regular procedure,extend procedure term,0,5,0.0,6.8,4.515,2.175,0.0,True,learned_prefer
enter senddate retrieve missing data,registration date publication,0,6,0.0,6.9,4.487,2.166,0.0,True,learned_prefer
investigate BAG objects,applicant is stakeholder,0,3,0.0,3.8,4.486,2.165,0.0,True,learned_prefer
investigate BAG objects,send procedure confirmation,0,3,0.0,3.8,4.486,2.165,0.0,True,learned_prefer
investigate BAG objects,grounds for refusal,0,3,0.0,3.8,4.486,2.165,0.0,True,learned_prefer
investigate BAG objects,WAW permit aspect,0,3,0.0,3.8,4.486,2.165,0.0,True,learned_prefer
investigate BAG objects,enter date draft decisionenvironmental permit,0,3,0.0,3.8,4.486,2.165,0.0,True,learned_prefer
investigate BAG objects,term for supplying missing data,0,3,0.0,3.8,4.486,2.165,0.0,True,learned_prefer
investigate BAG objects,subcases completeness completed,0,3,0.0,3.8,4.486,2.165,0.0,True,learned_prefer
set decision phase inspection of decision permitting,create publication document,0,4,0.0,6.7,4.481,2.164,0.0,True,learned_prefer
send confirmation receipt additional data,subcases completeness completed,0,4,0.0,6.7,4.481,2.164,0.0,True,learned_prefer
set decision phase inspection of decision permitting,set decision phase decision permitting decided,0,4,0.0,6.7,4.481,2.164,0.0,True,learned_prefer
set decision phase inspection of decision permitting,transcript decision environmental permit to stakeholders,0,4,0.0,6.7,4.481,2.164,0.0,True,learned_prefer
set decision phase inspection of decision permitting,start decisionphase draft decision - permitting decided,0,4,0.0,6.7,4.481,2.164,0.0,True,learned_prefer
send confirmation receipt additional data,retrieve missing data,0,4,0.0,6.7,4.481,2.164,0.0,True,learned_prefer
set decision phase inspection of decision permitting,date decision for inspection,0,4,0.0,6.7,4.481,2.164,0.0,True,learned_prefer
phase updated plan requested,phase procedure extended,0,2,0.0,6.1,4.467,2.159,0.0,True,learned_prefer
phase updated plan requested,start decision phase extension granted,0,2,0.0,6.1,4.467,2.159,0.0,True,learned_prefer
phase updated plan requested,register receipt updated plan,0,2,0.0,6.1,4.467,2.159,0.0,True,learned_prefer
phase updated plan requested,completed subcases content,0,2,0.0,6.1,4.467,2.159,0.0,True,learned_prefer
phase updated plan requested,creating environmental permit decision,0,2,0.0,6.1,4.467,2.159,0.0,True,learned_prefer
phase updated plan requested,send confirmation receipt,0,2,0.0,6.1,4.467,2.159,0.0,True,learned_prefer
phase updated plan requested,phase updated plan received,0,2,0.0,6.1,4.467,2.159,0.0,True,learned_prefer
treat subcases completeness,continuation term to decision,1,1,2.4,0.5,4.459,2.157,-0.013,True,learned_prefer
create letter requesting missing data,create publication document,1,0,6.2,0.0,4.455,2.155,-0.013,True,learned_prefer
suspension ground applicable,perspective on draft decision environmental permit received,0,6,0.0,7.0,4.436,2.149,0.0,True,learned_prefer
treat subcase perspective,creating environmental permit decision,0,3,0.0,6.5,4.429,2.147,0.0,True,learned_prefer
treat subcase perspective,phase perspective submitted,0,3,0.0,6.5,4.429,2.147,0.0,True,learned_prefer
publish official draft decision,phase advice known,0,3,0.0,6.5,4.429,2.147,0.0,True,learned_prefer
treat subcase perspective,transcript decision environmental permit to stakeholders,0,3,0.0,6.5,4.429,2.147,0.0,True,learned_prefer
set decision phase: draft decision for inspection,creating cover letter decision,0,3,0.0,6.5,4.429,2.147,0.0,True,learned_prefer
enter senddate procedure confirmation,transcript decision environmental permit to stakeholders,0,5,0.0,2.9,4.429,2.147,0.0,True,learned_prefer
treat subcase perspective,hearing about draft,0,3,0.0,6.5,4.429,2.147,0.0,True,learned_prefer
set decision phase: draft decision for inspection,date draft decision for inspection,0,3,0.0,6.5,4.429,2.147,0.0,True,learned_prefer
set decision phase: draft decision for inspection,enter senddate draft decision,0,3,0.0,6.5,4.429,2.147,0.0,True,learned_prefer
set decision phase: draft decision for inspection,entering senddate draft decision environmental permit,0,3,0.0,6.5,4.429,2.147,0.0,True,learned_prefer
set decision phase: draft decision for inspection,set decision phase: draft decision permitted sent,0,3,0.0,6.5,4.429,2.147,0.0,True,learned_prefer
set decision phase: draft decision for inspection,date decision for inspection,0,3,0.0,6.5,4.429,2.147,0.0,True,learned_prefer
treat subcase perspective,generating decision environmental permit,0,3,0.0,6.5,4.429,2.147,0.0,True,learned_prefer
publish official draft decision,phase draft decision sent,0,3,0.0,6.5,4.429,2.147,0.0,True,learned_prefer
by law,suspend term,0,4,0.0,6.8,4.407,2.14,0.0,True,learned_prefer
register number of days extension period,creating decision procedure term extension,0,5,0.0,6.9,4.394,2.136,0.0,True,learned_prefer
register number of days extension period,decision procedure term extension,0,5,0.0,6.9,4.394,2.136,0.0,True,learned_prefer
register number of days extension period,create cover letter extend procedure term,0,5,0.0,6.9,4.394,2.136,0.0,True,learned_prefer
register number of days extension period,decision date prior to decision,0,5,0.0,6.9,4.394,2.136,0.0,True,learned_prefer
refusal after suspension,decision date prior to decision,82,6,100.0,21.4,4.385,2.132,-0.013,True,learned_prefer
registrer date of publishing received request,phase application received,0,5,0.0,4.2,4.345,2.12,0.0,True,learned_prefer
phased application,phase application received,0,2,0.0,6.2,4.333,2.115,0.0,True,learned_prefer
phased application,no permit needed or only notification needed,0,2,0.0,6.2,4.333,2.115,0.0,True,learned_prefer
enter senddate decision suspension,create subcases completeness,0,3,0.0,6.7,4.333,2.115,0.0,True,learned_prefer
enter senddate decision suspension,decision date prior to decision,0,3,0.0,6.7,4.333,2.115,0.0,True,learned_prefer
enter senddate decision suspension,forward to the competent authority,0,3,0.0,6.7,4.333,2.115,0.0,True,learned_prefer
enter senddate decision suspension,OLO messaging active,0,3,0.0,6.7,4.333,2.115,0.0,True,learned_prefer
phased application,create procedure confirmation,0,2,0.0,6.2,4.333,2.115,0.0,True,learned_prefer
phased application,enter date advice on treatment of environmental permit,0,2,0.0,6.2,4.333,2.115,0.0,True,learned_prefer
subcase art. 33 WABO completed,creating environmental permit decision,0,4,0.0,6.9,4.333,2.115,0.0,True,learned_prefer
subcase art. 33 WABO completed,subcases completeness completed,0,4,0.0,6.9,4.333,2.115,0.0,True,learned_prefer
subcase art. 33 WABO completed,set decision status,0,4,0.0,6.9,4.333,2.115,0.0,True,learned_prefer
subcase art. 33 WABO completed,set decision phase suspension sent,0,4,0.0,6.9,4.333,2.115,0.0,True,learned_prefer
date continuation term to decision,decision date prior to decision,0,1,0.0,5.3,4.333,2.115,0.0,True,learned_prefer
term for submitting updated plan,create letter requesting updated plan,0,1,0.0,5.3,4.333,2.115,0.0,True,learned_prefer
date continuation term to decision,create continuation letter,0,1,0.0,5.3,4.333,2.115,0.0,True,learned_prefer
phased application,forward to the competent authority,0,2,0.0,6.2,4.333,2.115,0.0,True,learned_prefer
phased application,enter senddate retrieve missing data,0,2,0.0,6.2,4.333,2.115,0.0,True,learned_prefer
generating decision environmental permit,register number of days extension period,0,1,0.0,0.6,4.284,2.099,0.0,True,learned_prefer
generating decision environmental permit,start WABOprocedure,0,1,0.0,0.6,4.284,2.099,0.0,True,learned_prefer
generating decision environmental permit,send confirmation receipt,0,1,0.0,0.6,4.284,2.099,0.0,True,learned_prefer
generating decision environmental permit,subcases reassessment plan completed,0,1,0.0,0.6,4.284,2.099,0.0,True,learned_prefer
generating decision environmental permit,set decision status,0,1,0.0,0.6,4.284,2.099,0.0,True,learned_prefer
generating decision environmental permit,terminate on request,0,1,0.0,0.6,4.284,2.099,0.0,True,learned_prefer
generating decision environmental permit,extend procedure term,0,1,0.0,0.6,4.284,2.099,0.0,True,learned_prefer
generating decision environmental permit,continue or abort mutation BAG objects,0,1,0.0,0.6,4.284,2.099,0.0,True,learned_prefer
generating decision environmental permit,request complete,0,1,0.0,0.6,4.284,2.099,0.0,True,learned_prefer
generating decision environmental permit,phase draft decision ready,0,1,0.0,0.6,4.284,2.099,0.0,True,learned_prefer
generating decision environmental permit,retrieve missing data,0,1,0.0,0.6,4.284,2.099,0.0,True,learned_prefer
generating decision environmental permit,received OLO documents,0,1,0.0,0.6,4.284,2.099,0.0,True,learned_prefer
generating decision environmental permit,phase additional information received,0,1,0.0,0.6,4.284,2.099,0.0,True,learned_prefer
generating decision environmental permit,create draft environtmental permit,0,1,0.0,0.6,4.284,2.099,0.0,True,learned_prefer
generating decision environmental permit,enter senddate decision suspension,0,1,0.0,0.6,4.284,2.099,0.0,True,learned_prefer
generating decision environmental permit,creating decision procedure term extension,0,1,0.0,0.6,4.284,2.099,0.0,True,learned_prefer
generating decision environmental permit,subcase art. 33 WABO completed,0,1,0.0,0.6,4.284,2.099,0.0,True,learned_prefer
create publication document,enter senddate procedure confirmation,0,5,0.0,3.0,4.273,2.095,0.0,True,learned_prefer
create publication document,send procedure confirmation,0,5,0.0,3.0,4.273,2.095,0.0,True,learned_prefer
create publication document,registrer date of publishing received request,0,5,0.0,3.0,4.273,2.095,0.0,True,learned_prefer
start decisionphase draft decision - permitting decided,phase draft decision ready,0,2,0.0,2.7,4.257,2.09,0.0,True,learned_prefer
start decisionphase draft decision - permitting decided,set decision phase: draft decision permitted sent,0,2,0.0,2.7,4.257,2.09,0.0,True,learned_prefer
start decisionphase draft decision - permitting decided,set decision phase: draft decision for inspection,0,2,0.0,2.7,4.257,2.09,0.0,True,learned_prefer
start decisionphase draft decision - permitting decided,start decisionphase draft decision - permitting decided,0,2,0.0,2.7,4.257,2.09,0.0,True,learned_prefer
start decisionphase draft decision - permitting decided,suspension ground applicable,0,2,0.0,2.7,4.257,2.09,0.0,True,learned_prefer
start decisionphase draft decision - permitting decided,submit draft decision,0,2,0.0,2.7,4.257,2.09,0.0,True,learned_prefer
start decisionphase draft decision - permitting decided,subcases completeness completed,0,2,0.0,2.7,4.257,2.09,0.0,True,learned_prefer
start decisionphase draft decision - permitting decided,completed subcases content,0,2,0.0,2.7,4.257,2.09,0.0,True,learned_prefer
start decisionphase draft decision - permitting decided,create draft environtmental permit,0,2,0.0,2.7,4.257,2.09,0.0,True,learned_prefer
start decisionphase draft decision - permitting decided,date for inspection MER,0,2,0.0,2.7,4.257,2.09,0.0,True,learned_prefer
start decisionphase draft decision - permitting decided,phase archived case,0,2,0.0,2.7,4.257,2.09,0.0,True,learned_prefer
start decisionphase draft decision - permitting decided,entering senddate draft decision environmental permit,0,2,0.0,2.7,4.257,2.09,0.0,True,learned_prefer
start decisionphase draft decision - permitting decided,enter date advice on treatment of environmental permit,0,2,0.0,2.7,4.257,2.09,0.0,True,learned_prefer
start decisionphase draft decision - permitting decided,create procedure confirmation,0,2,0.0,2.7,4.257,2.09,0.0,True,learned_prefer
start decisionphase draft decision - permitting decided,stop all running subcases 2b,0,2,0.0,2.7,4.257,2.09,0.0,True,learned_prefer
date draft decision for inspection,send confirmation receipt,0,5,0.0,7.2,4.212,2.075,0.0,True,learned_prefer
copy decision to extend procedure to stakeholders,creating decision procedure term extension,0,2,0.0,6.5,4.2,2.07,0.0,True,learned_prefer
copy decision to extend procedure to stakeholders,procedure change,0,2,0.0,6.5,4.2,2.07,0.0,True,learned_prefer
request further information,treat subcases content,0,2,0.0,6.5,4.2,2.07,0.0,True,learned_prefer
request further information,enter senddate information request,0,2,0.0,6.5,4.2,2.07,0.0,True,learned_prefer
request further information,no permit needed or only notification needed,0,2,0.0,6.5,4.2,2.07,0.0,True,learned_prefer
request further information,phase advice known,0,2,0.0,6.5,4.2,2.07,0.0,True,learned_prefer
copy decision to extend procedure to stakeholders,register date environmental permit decision,0,2,0.0,6.5,4.2,2.07,0.0,True,learned_prefer
copy decision to extend procedure to stakeholders,register objection and appeal periods,0,2,0.0,6.5,4.2,2.07,0.0,True,learned_prefer
copy decision to extend procedure to stakeholders,objection to extension procedure term receptive,0,2,0.0,6.5,4.2,2.07,0.0,True,learned_prefer
send decision suspension,subcase art. 33 WABO completed,0,4,0.0,7.1,4.185,2.065,0.0,True,learned_prefer
send decision suspension,generating decision environmental permit,0,4,0.0,7.1,4.185,2.065,0.0,True,learned_prefer
term for supplying missing data,create publication document,0,5,0.0,7.4,4.152,2.054,0.0,True,learned_prefer
term for supplying missing data,terminate on request,0,5,0.0,7.4,4.152,2.054,0.0,True,learned_prefer
phase decision sent,phase additional information received,16,4,15.1,3.3,4.149,2.053,-0.183,True,learned_prefer
creating cover letter no permit required,no permit needed or only notification needed,0,1,0.0,5.6,4.111,2.04,0.0,True,learned_prefer
generate letter no permit required,generating decision no permit required,0,1,0.0,5.6,4.111,2.04,0.0,True,learned_prefer
generate letter no permit required,phase case handled,0,1,0.0,5.6,4.111,2.04,0.0,True,learned_prefer
retrieve missing data,set decision status,0,4,0.0,3.1,4.111,2.04,0.0,True,learned_prefer
generate letter no permit required,set decision phase decision no permit required sent,0,1,0.0,5.6,4.111,2.04,0.0,True,learned_prefer
perspective regarding draft founded,phase perspective submitted,0,1,0.0,5.6,4.111,2.04,0.0,True,learned_prefer
retrieve missing data,phase additional information received,0,4,0.0,3.1,4.111,2.04,0.0,True,learned_prefer
retrieve missing data,send confirmation receipt additional data,0,4,0.0,3.1,4.111,2.04,0.0,True,learned_prefer
enter publication date draft decision,create decision procedure term extension,0,4,0.0,7.3,4.111,2.04,0.0,True,learned_prefer
retrieve missing data,subcase perspective complete,0,4,0.0,3.1,4.111,2.04,0.0,True,learned_prefer
retrieve missing data,term for supplying missing data,0,4,0.0,3.1,4.111,2.04,0.0,True,learned_prefer
enter publication date draft decision,subcase perspective complete,0,4,0.0,7.3,4.111,2.04,0.0,True,learned_prefer
enter publication date draft decision,set decision status,0,4,0.0,7.3,4.111,2.04,0.0,True,learned_prefer
retrieve missing data,no permit needed or only notification needed,0,4,0.0,3.1,4.111,2.04,0.0,True,learned_prefer
perspective regarding draft founded,treat subcase final VVGB,0,1,0.0,5.6,4.111,2.04,0.0,True,learned_prefer
cancel case,cancel case,69,4,58.5,12.9,4.105,2.038,-0.292,True,learned_prefer
updated plan received,completed subcases content,0,3,0.0,7.1,4.048,2.017,0.0,True,learned_prefer
updated plan received,enter senddate decision environmental permit,0,3,0.0,7.1,4.048,2.017,0.0,True,learned_prefer
generate publication document decision environmental permit,send design decision to stakeholders,0,4,0.0,7.4,4.037,2.013,0.0,True,learned_prefer
generate publication document decision environmental permit,date draft decision for inspection,0,4,0.0,7.4,4.037,2.013,0.0,True,learned_prefer
enter date termination request received,cancel case,0,6,0.0,7.7,4.026,2.009,0.0,True,learned_prefer
phase draft decision ready,phase draft decision made,0,4,0.0,4.5,3.978,1.992,0.0,True,learned_prefer
phase draft decision ready,start WABOprocedure,0,4,0.0,4.5,3.978,1.992,0.0,True,learned_prefer
treat subcase suspension art. 33 WABO,subcase art. 33 WABO completed,0,3,0.0,7.3,3.952,1.983,0.0,True,learned_prefer
treat subcase suspension art. 33 WABO,enter senddate decision suspension,0,3,0.0,7.3,3.952,1.983,0.0,True,learned_prefer
treat subcase suspension art. 33 WABO,phase procedure resumed,0,3,0.0,7.3,3.952,1.983,0.0,True,learned_prefer
appeal logded,read publication date field,0,2,0.0,6.9,3.933,1.976,0.0,True,learned_prefer
set decision phase: suspension cancelled,enter senddate decision environmental permit,0,2,0.0,6.9,3.933,1.976,0.0,True,learned_prefer
set decision phase: suspension cancelled,enter senddate procedure confirmation,0,2,0.0,6.9,3.933,1.976,0.0,True,learned_prefer
set decision phase: suspension cancelled,phase procedure resumed,0,2,0.0,6.9,3.933,1.976,0.0,True,learned_prefer
decision keep permanently suspended,phase case handled,0,2,0.0,6.9,3.933,1.976,0.0,True,learned_prefer
set decision phase: suspension cancelled,phase decision sent,0,2,0.0,6.9,3.933,1.976,0.0,True,learned_prefer
set decision phase: suspension cancelled,set decision phase suspension sent,0,2,0.0,6.9,3.933,1.976,0.0,True,learned_prefer
set decision phase: suspension cancelled,enter enddate of suspension,0,2,0.0,6.9,3.933,1.976,0.0,True,learned_prefer
decision keep permanently suspended,register deadline,0,2,0.0,6.9,3.933,1.976,0.0,True,learned_prefer
decision keep permanently suspended,start decision phase permanently suspended decided,0,2,0.0,6.9,3.933,1.976,0.0,True,learned_prefer
decision keep permanently suspended,start decision phase permanent suspension sent,0,2,0.0,6.9,3.933,1.976,0.0,True,learned_prefer
set decision phase: suspension cancelled,enter enddate suspension art. 33 WABO,0,2,0.0,6.9,3.933,1.976,0.0,True,learned_prefer
appeal logded,close case,0,2,0.0,6.9,3.933,1.976,0.0,True,learned_prefer
create decision no permit required,decision date prior to decision,0,2,0.0,6.9,3.933,1.976,0.0,True,learned_prefer
create decision no permit required,objection decision no permit required received,0,2,0.0,6.9,3.933,1.976,0.0,True,learned_prefer
appeal logded,enter senddate decision environmental permit,0,2,0.0,6.9,3.933,1.976,0.0,True,learned_prefer
decision keep permanently suspended,send confirmation receipt,0,2,0.0,6.9,3.933,1.976,0.0,True,learned_prefer
appeal logded,registration date publication,0,2,0.0,6.9,3.933,1.976,0.0,True,learned_prefer
enter senddate suspension by competent authority,inform BAG administrator,0,1,0.0,5.9,3.889,1.959,0.0,True,learned_prefer
enter senddate suspension by competent authority,phase procedure term resumed,0,1,0.0,5.9,3.889,1.959,0.0,True,learned_prefer
enter senddate suspension by competent authority,enter senddate decision procedure term extension,0,1,0.0,5.9,3.889,1.959,0.0,True,learned_prefer
enter senddate suspension by competent authority,forward to the competent authority,0,1,0.0,5.9,3.889,1.959,0.0,True,learned_prefer
enter senddate suspension by competent authority,register objection and appeal periods,0,1,0.0,5.9,3.889,1.959,0.0,True,learned_prefer
enter senddate suspension by competent authority,updated plan received,0,1,0.0,5.9,3.889,1.959,0.0,True,learned_prefer
enter senddate suspension by competent authority,send letter in progress,0,1,0.0,5.9,3.889,1.959,0.0,True,learned_prefer
send letter in progress,phase additional information received,0,2,0.0,2.3,3.889,1.959,0.0,True,learned_prefer
send letter in progress,grounds for refusal,0,2,0.0,2.3,3.889,1.959,0.0,True,learned_prefer
send letter in progress,investigate BAG objects,0,2,0.0,2.3,3.889,1.959,0.0,True,learned_prefer
enter senddate decision no permit required,set decision phase no permit required decided,0,1,0.0,5.9,3.889,1.959,0.0,True,learned_prefer
send letter in progress,calculate final charges,0,2,0.0,2.3,3.889,1.959,0.0,True,learned_prefer
send letter in progress,enter date draft decisionenvironmental permit,0,2,0.0,2.3,3.889,1.959,0.0,True,learned_prefer
send letter in progress,creating environmental permit decision,0,2,0.0,2.3,3.889,1.959,0.0,True,learned_prefer
send letter in progress,create subcases content,0,2,0.0,2.3,3.889,1.959,0.0,True,learned_prefer
phase perspective submitted,phase decision ready,0,4,0.0,7.7,3.889,1.959,0.0,True,learned_prefer
send letter in progress,OLO messaging active,0,2,0.0,2.3,3.889,1.959,0.0,True,learned_prefer
send letter in progress,create procedure confirmation,0,2,0.0,2.3,3.889,1.959,0.0,True,learned_prefer
send letter in progress,terminate on request,0,2,0.0,2.3,3.889,1.959,0.0,True,learned_prefer
phase perspective submitted,phase decision sent,0,4,0.0,7.7,3.889,1.959,0.0,True,learned_prefer
phase perspective submitted,generating decision environmental permit,0,4,0.0,7.7,3.889,1.959,0.0,True,learned_prefer
send letter in progress,ask stakeholders views,0,2,0.0,2.3,3.889,1.959,0.0,True,learned_prefer
send letter in progress,registration date publication,0,2,0.0,2.3,3.889,1.959,0.0,True,learned_prefer
send letter in progress,treat subcases content,0,2,0.0,2.3,3.889,1.959,0.0,True,learned_prefer
send letter in progress,treat subcases completeness,0,2,0.0,2.3,3.889,1.959,0.0,True,learned_prefer
send letter in progress,received OLO documents,0,2,0.0,2.3,3.889,1.959,0.0,True,learned_prefer
send letter in progress,phase decision taken,0,2,0.0,2.3,3.889,1.959,0.0,True,learned_prefer
send letter in progress,procedure change,0,2,0.0,2.3,3.889,1.959,0.0,True,learned_prefer
send letter in progress,enter senddate decision procedure term extension,0,2,0.0,2.3,3.889,1.959,0.0,True,learned_prefer
MER present in supplement,phase decision ready,0,4,0.0,7.7,3.889,1.959,0.0,True,learned_prefer
MER present in supplement,WAW permit aspect,0,4,0.0,7.7,3.889,1.959,0.0,True,learned_prefer
receive additional information,treat subcases content,0,5,0.0,4.7,3.873,1.953,0.0,True,learned_prefer
calculate provisional charges,inform BAG administrator,0,3,0.0,7.5,3.857,1.948,0.0,True,learned_prefer
calculate provisional charges,send confirmation receipt,0,3,0.0,7.5,3.857,1.948,0.0,True,learned_prefer
calculate provisional charges,receive additional information,0,3,0.0,7.5,3.857,1.948,0.0,True,learned_prefer
calculate provisional charges,applicant is stakeholder,0,3,0.0,7.5,3.857,1.948,0.0,True,learned_prefer
creating decision procedure term extension,WAW permit aspect,0,3,0.0,7.5,3.857,1.948,0.0,True,learned_prefer
creating decision procedure term extension,phase procedure term suspended,0,3,0.0,7.5,3.857,1.948,0.0,True,learned_prefer
creating decision procedure term extension,register number of days extension period,0,3,0.0,7.5,3.857,1.948,0.0,True,learned_prefer
creating decision procedure term extension,enter date decision procedure term extension,0,3,0.0,7.5,3.857,1.948,0.0,True,learned_prefer
creating decision procedure term extension,retrieve missing data,0,3,0.0,7.5,3.857,1.948,0.0,True,learned_prefer
creating decision procedure term extension,phase application receptive,0,3,0.0,7.5,3.857,1.948,0.0,True,learned_prefer
calculate provisional charges,register submission date request,0,3,0.0,7.5,3.857,1.948,0.0,True,learned_prefer
creating decision procedure term extension,phase updated plan requested,0,3,0.0,7.5,3.857,1.948,0.0,True,learned_prefer
request updated plan,receive request extension,0,4,0.0,7.8,3.815,1.932,0.0,True,learned_prefer
request updated plan,terminate on request,0,4,0.0,7.8,3.815,1.932,0.0,True,learned_prefer
set decision phase suspension sent,set decision phase: suspension cancelled,0,4,0.0,7.8,3.815,1.932,0.0,True,learned_prefer
request updated plan,extend procedure term,0,4,0.0,7.8,3.815,1.932,0.0,True,learned_prefer
phase draft decision sent,phase draft decision ready,0,2,0.0,7.1,3.8,1.926,0.0,True,learned_prefer
phase draft decision sent,set decision phase: draft decision permitted sent,0,2,0.0,7.1,3.8,1.926,0.0,True,learned_prefer
phase draft decision sent,set decision status,0,2,0.0,7.1,3.8,1.926,0.0,True,learned_prefer
phase draft decision sent,subcases completeness completed,0,2,0.0,7.1,3.8,1.926,0.0,True,learned_prefer
creating decision permanently suspended,phase permanently suspended,0,3,0.0,7.7,3.762,1.911,0.0,True,learned_prefer
phase decision suspended,creating decision suspension art. 33 WABO,0,3,0.0,7.7,3.762,1.911,0.0,True,learned_prefer
creating decision permanently suspended,start decision phase permanently suspended decided,0,3,0.0,7.7,3.762,1.911,0.0,True,learned_prefer
creating decision permanently suspended,enter senddate procedure confirmation,0,3,0.0,7.7,3.762,1.911,0.0,True,learned_prefer
creating decision permanently suspended,close case,0,3,0.0,7.7,3.762,1.911,0.0,True,learned_prefer
creating decision permanently suspended,phase case handled,0,3,0.0,7.7,3.762,1.911,0.0,True,learned_prefer
creating decision permanently suspended,start decision phase permanent suspension sent,0,3,0.0,7.7,3.762,1.911,0.0,True,learned_prefer
enter senddate procedure confirmation,register deadline,0,6,0.0,3.5,3.747,1.906,0.0,True,learned_prefer
enter senddate procedure confirmation,extend procedure term,0,6,0.0,3.5,3.747,1.906,0.0,True,learned_prefer
date decision for inspection,received OLO documents,0,4,0.0,8.0,3.741,1.903,0.0,True,learned_prefer
register number of days extension period,procedure change,0,6,0.0,8.3,3.718,1.895,0.0,True,learned_prefer
regular procedure applies,terminate on request,0,1,0.0,6.2,3.667,1.874,0.0,True,learned_prefer
set decision phase inspection of decision permitting,enter publication date draft decision,0,5,0.0,8.3,3.667,1.874,0.0,True,learned_prefer
regular procedure applies,enter objectionterm,0,1,0.0,6.2,3.667,1.874,0.0,True,learned_prefer
register date decision terminate on request,phase application received,0,1,0.0,6.2,3.667,1.874,0.0,True,learned_prefer
register date decision terminate on request,enter senddate procedure confirmation,0,1,0.0,6.2,3.667,1.874,0.0,True,learned_prefer
regular procedure applies,applicant is stakeholder,0,1,0.0,6.2,3.667,1.874,0.0,True,learned_prefer
regular procedure applies,register date environmental permit decision,0,1,0.0,6.2,3.667,1.874,0.0,True,learned_prefer
regular procedure applies,request complete,0,1,0.0,6.2,3.667,1.874,0.0,True,learned_prefer
set decision phase inspection of decision permitting,phase draft decision ready,0,5,0.0,8.3,3.667,1.874,0.0,True,learned_prefer
create cover letter permanent suspension,objection to permanent suspension received,0,1,0.0,6.2,3.667,1.874,0.0,True,learned_prefer
create cover letter permanent suspension,procedure change,0,1,0.0,6.2,3.667,1.874,0.0,True,learned_prefer
create cover letter permanent suspension,phase permanently suspended,0,1,0.0,6.2,3.667,1.874,0.0,True,learned_prefer
register date decision terminate on request,enter senddate acknowledgement,0,1,0.0,6.2,3.667,1.874,0.0,True,learned_prefer
send confirmation receipt additional data,set decision status,0,5,0.0,8.3,3.667,1.874,0.0,True,learned_prefer
create cover letter permanent suspension,creating decision permanently suspended,0,1,0.0,6.2,3.667,1.874,0.0,True,learned_prefer
create cover letter permanent suspension,receive additional information,0,1,0.0,6.2,3.667,1.874,0.0,True,learned_prefer
create cover letter permanent suspension,phase asked additional information,0,1,0.0,6.2,3.667,1.874,0.0,True,learned_prefer
create subcases content,request complete,0,4,0.0,8.2,3.667,1.874,0.0,True,learned_prefer
register date decision terminate on request,register deadline,0,1,0.0,6.2,3.667,1.874,0.0,True,learned_prefer
register date decision terminate on request,publish,0,1,0.0,6.2,3.667,1.874,0.0,True,learned_prefer
create subcases content,phase advice known,0,4,0.0,8.2,3.667,1.874,0.0,True,learned_prefer
procedure change after completeness,receive additional information,2,2,8.7,2.4,3.638,1.863,-0.152,True,learned_prefer
subcase art. 33 WABO completed,phase application receptive,0,5,0.0,8.6,3.545,1.826,0.0,True,learned_prefer
subcase art. 33 WABO completed,refusal after suspension,0,5,0.0,8.6,3.545,1.826,0.0,True,learned_prefer
subcase art. 33 WABO completed,treat subcase suspension art. 34 WABO,0,5,0.0,8.6,3.545,1.826,0.0,True,learned_prefer
publication date draft decision,entering senddate draft decision environmental permit,0,2,0.0,7.7,3.533,1.821,0.0,True,learned_prefer
publication date draft decision,enter senddate decision environmental permit,0,2,0.0,7.7,3.533,1.821,0.0,True,learned_prefer
publication date draft decision,phase advice known,0,2,0.0,7.7,3.533,1.821,0.0,True,learned_prefer
publication date draft decision,enter senddate procedure confirmation,0,2,0.0,7.7,3.533,1.821,0.0,True,learned_prefer
subcase perspective complete,phase decision taken,0,4,0.0,8.5,3.519,1.815,0.0,True,learned_prefer
subcase perspective complete,phase draft decision made,0,4,0.0,8.5,3.519,1.815,0.0,True,learned_prefer
term for supplying missing data,subcases completeness completed,0,6,0.0,8.8,3.513,1.813,0.0,True,learned_prefer
enter senddate updated plan,request updated plan,0,2,0.0,4.7,3.48,1.799,0.0,True,learned_prefer
enter senddate updated plan,cancel case,0,2,0.0,4.7,3.48,1.799,0.0,True,learned_prefer
enter senddate updated plan,phase additional information received,0,2,0.0,4.7,3.48,1.799,0.0,True,learned_prefer
enter senddate updated plan,treat subcases completeness,0,2,0.0,4.7,3.48,1.799,0.0,True,learned_prefer
creating decision suspension art. 33 WABO,submit decision,0,3,0.0,8.3,3.476,1.798,0.0,True,learned_prefer
creating decision suspension art. 33 WABO,send decision suspension,0,3,0.0,8.3,3.476,1.798,0.0,True,learned_prefer
phase procedure resumed,retrieve missing data,0,3,0.0,8.3,3.476,1.798,0.0,True,learned_prefer
publish official draft decision,subcases reassessment plan completed,0,4,0.0,8.7,3.444,1.784,0.0,True,learned_prefer
detailed procedure applies,send procedure confirmation,0,1,0.0,6.7,3.444,1.784,0.0,True,learned_prefer
detailed procedure applies,enter date termination request received,0,1,0.0,6.7,3.444,1.784,0.0,True,learned_prefer
treat subcase perspective,retrieve missing data,0,4,0.0,8.7,3.444,1.784,0.0,True,learned_prefer
treat subcase perspective,perspective from GS or VROM received,0,4,0.0,8.7,3.444,1.784,0.0,True,learned_prefer
set decision phase: draft decision for inspection,phase concept draft decision ready,0,4,0.0,8.7,3.444,1.784,0.0,True,learned_prefer
set decision phase: draft decision for inspection,suspension ground applicable,0,4,0.0,8.7,3.444,1.784,0.0,True,learned_prefer
publish official draft decision,message change status,0,4,0.0,8.7,3.444,1.784,0.0,True,learned_prefer
set decision phase: draft decision for inspection,submit draft decision,0,4,0.0,8.7,3.444,1.784,0.0,True,learned_prefer
detailed procedure applies,enter senddate retrieve missing data,0,1,0.0,6.7,3.444,1.784,0.0,True,learned_prefer
enter senddate acknowledgement,create letter no permit or only notification required,0,1,0.0,0.8,3.427,1.777,0.0,True,learned_prefer
enter senddate acknowledgement,coordination of application,0,1,0.0,0.8,3.427,1.777,0.0,True,learned_prefer
enter senddate acknowledgement,create cover letter draft decision,0,1,0.0,0.8,3.427,1.777,0.0,True,learned_prefer
enter senddate acknowledgement,set decision phase suspension sent,0,1,0.0,0.8,3.427,1.777,0.0,True,learned_prefer
enter senddate acknowledgement,term 14 or 26 weeks,0,1,0.0,0.8,3.427,1.777,0.0,True,learned_prefer
enter senddate acknowledgement,regular procedure without MER,0,1,0.0,0.8,3.427,1.777,0.0,True,learned_prefer
enter senddate acknowledgement,send letter in progress,0,1,0.0,0.8,3.427,1.777,0.0,True,learned_prefer
enter senddate acknowledgement,grounds for refusal,0,1,0.0,0.8,3.427,1.777,0.0,True,learned_prefer
enter senddate acknowledgement,start decision phase extension granted,0,1,0.0,0.8,3.427,1.777,0.0,True,learned_prefer
enter senddate acknowledgement,first phase affected,0,1,0.0,0.8,3.427,1.777,0.0,True,learned_prefer
enter senddate acknowledgement,contacting applicant,0,1,0.0,0.8,3.427,1.777,0.0,True,learned_prefer
enter senddate acknowledgement,term for submitting updated plan,0,1,0.0,0.8,3.427,1.777,0.0,True,learned_prefer
enter senddate acknowledgement,enter senddate procedure confirmation,0,1,0.0,0.8,3.427,1.777,0.0,True,learned_prefer
enter senddate acknowledgement,enter senddate retrieve missing data,0,1,0.0,0.8,3.427,1.777,0.0,True,learned_prefer
enter senddate acknowledgement,suspension ground applicable,0,1,0.0,0.8,3.427,1.777,0.0,True,learned_prefer
enter senddate acknowledgement,calculate provisional charges,0,1,0.0,0.8,3.427,1.777,0.0,True,learned_prefer
enter senddate acknowledgement,date draft decision for inspection,0,1,0.0,0.8,3.427,1.777,0.0,True,learned_prefer
enter senddate acknowledgement,record date of decision environmental permit,0,1,0.0,0.8,3.427,1.777,0.0,True,learned_prefer
enter senddate acknowledgement,creating cover letter no permit required,0,1,0.0,0.8,3.427,1.777,0.0,True,learned_prefer
enter senddate acknowledgement,start decision phase decision permitting sent,0,1,0.0,0.8,3.427,1.777,0.0,True,learned_prefer
enter senddate acknowledgement,publish,0,1,0.0,0.8,3.427,1.777,0.0,True,learned_prefer
enter senddate acknowledgement,create subcases content,0,1,0.0,0.8,3.427,1.777,0.0,True,learned_prefer
enter senddate acknowledgement,create subcases completeness,0,1,0.0,0.8,3.427,1.777,0.0,True,learned_prefer
enter senddate acknowledgement,enter senddate acknowledgement,0,1,0.0,0.8,3.427,1.777,0.0,True,learned_prefer
enter senddate acknowledgement,enter date advice on treatment of environmental permit,0,1,0.0,0.8,3.427,1.777,0.0,True,learned_prefer
enter senddate acknowledgement,create publication document,0,1,0.0,0.8,3.427,1.777,0.0,True,learned_prefer
enter senddate acknowledgement,create procedure confirmation,0,1,0.0,0.8,3.427,1.777,0.0,True,learned_prefer
enter senddate acknowledgement,applicant is stakeholder,0,1,0.0,0.8,3.427,1.777,0.0,True,learned_prefer
send decision suspension,phase decision ready,0,5,0.0,8.9,3.424,1.776,0.0,True,learned_prefer
send decision suspension,creating decision suspension art. 33 WABO,0,5,0.0,8.9,3.424,1.776,0.0,True,learned_prefer
send decision suspension,enter date decision suspension,0,5,0.0,8.9,3.424,1.776,0.0,True,learned_prefer
send decision suspension,completed subcases content,0,5,0.0,8.9,3.424,1.776,0.0,True,learned_prefer
perspective from GS or VROM received,final VVGB applications,42,9,100.0,28.1,3.421,1.774,-0.172,True,learned_prefer
request for preliminary injunction received,appeal and preliminary injunction in system,0,2,0.0,8.0,3.4,1.766,0.0,True,learned_prefer
request for preliminary injunction received,objection lodged against decision,0,2,0.0,8.0,3.4,1.766,0.0,True,learned_prefer
enter enddate of suspension,request complete,0,2,0.0,8.0,3.4,1.766,0.0,True,learned_prefer
enter enddate of suspension,phase decision suspended,0,2,0.0,8.0,3.4,1.766,0.0,True,learned_prefer
request for preliminary injunction received,treat objection subcase,0,2,0.0,8.0,3.4,1.766,0.0,True,learned_prefer
enter enddate of suspension,by law,0,2,0.0,8.0,3.4,1.766,0.0,True,learned_prefer
request for preliminary injunction received,appealed to higher court,0,2,0.0,8.0,3.4,1.766,0.0,True,learned_prefer
enter enddate of suspension,suspension ground applicable,0,2,0.0,8.0,3.4,1.766,0.0,True,learned_prefer
record date of decision no permit required,enter senddate decision no permit required,0,2,0.0,8.0,3.4,1.766,0.0,True,learned_prefer
record date of decision no permit required,objection decision no permit required received,0,2,0.0,8.0,3.4,1.766,0.0,True,learned_prefer
phase procedure prematurely terminated,assessment of content completed,0,3,0.0,8.6,3.381,1.757,0.0,True,learned_prefer
phase procedure prematurely terminated,message terminate request,0,3,0.0,8.6,3.381,1.757,0.0,True,learned_prefer
phase procedure prematurely terminated,phase case handled,0,3,0.0,8.6,3.381,1.757,0.0,True,learned_prefer
phase procedure prematurely terminated,stop all running subcases 2b,0,3,0.0,8.6,3.381,1.757,0.0,True,learned_prefer
ask stakeholders views,regular procedure without MER,0,5,0.0,9.1,3.364,1.75,0.0,True,learned_prefer
retrieve missing data,resume completeness subcases,0,5,0.0,3.9,3.364,1.75,0.0,True,learned_prefer
enter publication date draft decision,set decision phase: draft decision permitted sent,0,5,0.0,9.1,3.364,1.75,0.0,True,learned_prefer
enter publication date draft decision,phase application received,0,5,0.0,9.1,3.364,1.75,0.0,True,learned_prefer
VVGB positive,message change status,42,6,100.0,28.6,3.308,1.726,-0.147,True,learned_prefer
MER present,inform BAG administrator,0,3,0.0,8.8,3.286,1.716,0.0,True,learned_prefer
open draft decision for inspection,suspension ground applicable,0,3,0.0,8.8,3.286,1.716,0.0,True,learned_prefer
open draft decision for inspection,completed subcases content,0,3,0.0,8.8,3.286,1.716,0.0,True,learned_prefer
open draft decision for inspection,generate draft decision environmental permit,0,3,0.0,8.8,3.286,1.716,0.0,True,learned_prefer
treat subcase final VVGB,entering senddate draft decision environmental permit,0,2,0.0,8.3,3.267,1.708,0.0,True,learned_prefer
decision procedure term extension,enter objectionterm,0,2,0.0,8.3,3.267,1.708,0.0,True,learned_prefer
decision procedure term extension,send suspension by competent authority,0,2,0.0,8.3,3.267,1.708,0.0,True,learned_prefer
treat subcase final VVGB,set decision status,0,2,0.0,8.3,3.267,1.708,0.0,True,learned_prefer
treat subcase final VVGB,subcase final VVGB completed,0,2,0.0,8.3,3.267,1.708,0.0,True,learned_prefer
treat subcase final VVGB,transcript decision environmental permit to stakeholders,0,2,0.0,8.3,3.267,1.708,0.0,True,learned_prefer
treat subcase final VVGB,register date environmental permit decision,0,2,0.0,8.3,3.267,1.708,0.0,True,learned_prefer
set decision status,create draft environtmental permit,0,1,0.0,0.4,3.261,1.706,0.0,True,learned_prefer
set decision status,create monitoring case oversight,0,1,0.0,0.4,3.261,1.706,0.0,True,learned_prefer
set decision status,create cover letter extend procedure term,0,1,0.0,0.4,3.261,1.706,0.0,True,learned_prefer
set decision status,create decision no permit required,0,1,0.0,0.4,3.261,1.706,0.0,True,learned_prefer
set decision status,creating decision procedure term extension,0,1,0.0,0.4,3.261,1.706,0.0,True,learned_prefer
set decision status,article 34  WABO applies,0,1,0.0,0.4,3.261,1.706,0.0,True,learned_prefer
set decision status,start decision phase extension granted,0,1,0.0,0.4,3.261,1.706,0.0,True,learned_prefer
set decision status,terminate on request,0,1,0.0,0.4,3.261,1.706,0.0,True,learned_prefer
set decision status,stop all running subcases 2b,0,1,0.0,0.4,3.261,1.706,0.0,True,learned_prefer
set decision status,set decision phase decision permitting decided,0,1,0.0,0.4,3.261,1.706,0.0,True,learned_prefer
set decision status,read field phased application,0,1,0.0,0.4,3.261,1.706,0.0,True,learned_prefer
set decision status,phase case handled,0,1,0.0,0.4,3.261,1.706,0.0,True,learned_prefer
set decision status,register submission date request,0,1,0.0,0.4,3.261,1.706,0.0,True,learned_prefer
set decision status,enter enddate suspension art. 33 WABO,0,1,0.0,0.4,3.261,1.706,0.0,True,learned_prefer
set decision status,generating decision no permit required,0,1,0.0,0.4,3.261,1.706,0.0,True,learned_prefer
set decision status,refusal after suspension,0,1,0.0,0.4,3.261,1.706,0.0,True,learned_prefer
set decision status,treat subcase suspension art. 33 WABO,0,1,0.0,0.4,3.261,1.706,0.0,True,learned_prefer
set decision status,retrieve missing data,0,1,0.0,0.4,3.261,1.706,0.0,True,learned_prefer
set decision status,enter date decision procedure term extension,0,1,0.0,0.4,3.261,1.706,0.0,True,learned_prefer
set decision status,generate letter no permit required,0,1,0.0,0.4,3.261,1.706,0.0,True,learned_prefer
set decision status,phase application receptive,0,1,0.0,0.4,3.261,1.706,0.0,True,learned_prefer
set decision status,partly permit application,0,1,0.0,0.4,3.261,1.706,0.0,True,learned_prefer
set decision status,completed subcases content,0,1,0.0,0.4,3.261,1.706,0.0,True,learned_prefer
set decision status,enrich draft decision,0,1,0.0,0.4,3.261,1.706,0.0,True,learned_prefer
set decision status,suspend term,0,1,0.0,0.4,3.261,1.706,0.0,True,learned_prefer
set decision status,treat subcase perspective,0,1,0.0,0.4,3.261,1.706,0.0,True,learned_prefer
set decision status,enter senddate decision suspension,0,1,0.0,0.4,3.261,1.706,0.0,True,learned_prefer
set decision status,set decision phase: suspension cancelled,0,1,0.0,0.4,3.261,1.706,0.0,True,learned_prefer
set decision status,phase decision sent,0,1,0.0,0.4,3.261,1.706,0.0,True,learned_prefer
set decision status,phase concept decision ready,0,1,0.0,0.4,3.261,1.706,0.0,True,learned_prefer
set decision status,set decision phase suspension sent,0,1,0.0,0.4,3.261,1.706,0.0,True,learned_prefer
phase draft decision ready,phase decision ready,0,5,0.0,5.6,3.255,1.702,0.0,True,learned_prefer
phase draft decision ready,entering senddate draft decision environmental permit,0,5,0.0,5.6,3.255,1.702,0.0,True,learned_prefer
request complete,phase decision ready,0,1,0.0,0.6,3.229,1.691,0.0,True,learned_prefer
request complete,registration date publication,0,1,0.0,0.6,3.229,1.691,0.0,True,learned_prefer
enter senddate decision procedure term extension,MER present in supplement,0,3,0.0,5.4,3.229,1.691,0.0,True,learned_prefer
enter senddate decision procedure term extension,enter senddate party permitted,0,3,0.0,5.4,3.229,1.691,0.0,True,learned_prefer
request complete,generating decision environmental permit,0,1,0.0,0.6,3.229,1.691,0.0,True,learned_prefer
request complete,enter senddate decision procedure term extension,0,1,0.0,0.6,3.229,1.691,0.0,True,learned_prefer
request complete,creating decision permanently suspended,0,1,0.0,0.6,3.229,1.691,0.0,True,learned_prefer
request complete,no permit needed or only notification needed,0,1,0.0,0.6,3.229,1.691,0.0,True,learned_prefer
request complete,send procedure confirmation,0,1,0.0,0.6,3.229,1.691,0.0,True,learned_prefer
request complete,retrieve missing data,0,1,0.0,0.6,3.229,1.691,0.0,True,learned_prefer
request complete,submit decision,0,1,0.0,0.6,3.229,1.691,0.0,True,learned_prefer
request complete,initiative competent authority,0,1,0.0,0.6,3.229,1.691,0.0,True,learned_prefer
request complete,submit draft decision,0,1,0.0,0.6,3.229,1.691,0.0,True,learned_prefer
request complete,phase application received,0,1,0.0,0.6,3.229,1.691,0.0,True,learned_prefer
request complete,set decision phase decision permitting decided,0,1,0.0,0.6,3.229,1.691,0.0,True,learned_prefer
request complete,resume completeness subcases,0,1,0.0,0.6,3.229,1.691,0.0,True,learned_prefer
request complete,create letter requesting missing data,0,1,0.0,0.6,3.229,1.691,0.0,True,learned_prefer
request complete,ask stakeholders views,0,1,0.0,0.6,3.229,1.691,0.0,True,learned_prefer
request complete,phase additional information received,0,1,0.0,0.6,3.229,1.691,0.0,True,learned_prefer
request complete,receive additional information,0,1,0.0,0.6,3.229,1.691,0.0,True,learned_prefer
set decision phase no permit required decided,completed subcases content,0,1,0.0,7.1,3.222,1.688,0.0,True,learned_prefer
set decision phase no permit required decided,set decision phase decision no permit required sent,0,1,0.0,7.1,3.222,1.688,0.0,True,learned_prefer
set decision phase no permit required decided,registration date publication,0,1,0.0,7.1,3.222,1.688,0.0,True,learned_prefer
set decision phase no permit required decided,set decision phase unlicensed irrevocable,0,1,0.0,7.1,3.222,1.688,0.0,True,learned_prefer
set decision phase no permit required decided,enter senddate letter no permit required,0,1,0.0,7.1,3.222,1.688,0.0,True,learned_prefer
set decision phase no permit required decided,enter senddate decision no permit required,0,1,0.0,7.1,3.222,1.688,0.0,True,learned_prefer
register number of days extension period,send confirmation receipt additional data,0,7,0.0,9.7,3.222,1.688,0.0,True,learned_prefer
register number of days extension period,procedure change after completeness,0,7,0.0,9.7,3.222,1.688,0.0,True,learned_prefer
set decision phase decision no permit required sent,register deadline,0,1,0.0,7.1,3.222,1.688,0.0,True,learned_prefer
set decision phase no permit required decided,generating decision no permit required,0,1,0.0,7.1,3.222,1.688,0.0,True,learned_prefer
set decision phase no permit required decided,stop all running subcases 2b,0,1,0.0,7.1,3.222,1.688,0.0,True,learned_prefer
set decision phase decision no permit required sent,create decision no permit required,0,1,0.0,7.1,3.222,1.688,0.0,True,learned_prefer
set decision phase decision no permit required sent,phase archived case,0,1,0.0,7.1,3.222,1.688,0.0,True,learned_prefer
set decision phase decision no permit required sent,set decision phase no permit required decided,0,1,0.0,7.1,3.222,1.688,0.0,True,learned_prefer
subcases reassessment plan completed,treat subcases reassessment plan,0,1,0.0,7.1,3.222,1.688,0.0,True,learned_prefer
register receipt updated plan,start decisionphase draft decision - permitting decided,3,1,16.7,4.0,3.216,1.685,-0.203,True,learned_prefer
phase updated plan requested,phase decision ready,0,3,0.0,9.1,3.19,1.674,0.0,True,learned_prefer
phase updated plan requested,phase advice known,0,3,0.0,9.1,3.19,1.674,0.0,True,learned_prefer
phase updated plan requested,extend procedure term,0,3,0.0,9.1,3.19,1.674,0.0,True,learned_prefer
phase updated plan requested,assessment of content completed,0,3,0.0,9.1,3.19,1.674,0.0,True,learned_prefer
phase perspective submitted,publish official draft decision,0,5,0.0,9.6,3.182,1.67,0.0,True,learned_prefer
enter senddate decision no permit required,enter senddate letter no permit required,1,5,100.0,29.4,3.182,1.67,-0.314,True,learned_prefer
updated plan received,treat subcases completeness,0,4,0.0,9.5,3.148,1.655,0.0,True,learned_prefer
updated plan received,create letter requesting updated plan,0,4,0.0,9.5,3.148,1.655,0.0,True,learned_prefer
dismiss under mandate,phase draft decision made,0,2,0.0,8.7,3.133,1.648,0.0,True,learned_prefer
message terminate request,phase case handled,0,2,0.0,8.7,3.133,1.648,0.0,True,learned_prefer
dismiss under mandate,date draft decision for inspection,0,2,0.0,8.7,3.133,1.648,0.0,True,learned_prefer
dismiss under mandate,enter date draft decisionenvironmental permit,0,2,0.0,8.7,3.133,1.648,0.0,True,learned_prefer
dismiss under mandate,entering senddate draft decision environmental permit,0,2,0.0,8.7,3.133,1.648,0.0,True,learned_prefer
request updated plan,updated plan received,0,5,0.0,9.8,3.121,1.642,0.0,True,learned_prefer
set decision phase suspension sent,phase application received,0,5,0.0,9.8,3.121,1.642,0.0,True,learned_prefer
request updated plan,phase application received,0,5,0.0,9.8,3.121,1.642,0.0,True,learned_prefer
request updated plan,subcases completeness completed,0,5,0.0,9.8,3.121,1.642,0.0,True,learned_prefer
phased application,OLO messaging active,0,3,0.0,9.4,3.095,1.63,0.0,True,learned_prefer
phased application,terminate on request,0,3,0.0,9.4,3.095,1.63,0.0,True,learned_prefer
phased application,enter senddate procedure confirmation,0,3,0.0,9.4,3.095,1.63,0.0,True,learned_prefer
treat subcase suspension art. 33 WABO,subcases completeness completed,0,4,0.0,9.8,3.074,1.62,0.0,True,learned_prefer
treat subcase suspension art. 33 WABO,creating environmental permit decision,0,4,0.0,9.8,3.074,1.62,0.0,True,learned_prefer
date decision for inspection,enter senddate decision environmental permit,0,5,0.0,10.0,3.061,1.614,0.0,True,learned_prefer
article 34  WABO applies,applicant is stakeholder,0,2,0.0,2.9,3.044,1.606,0.0,True,learned_prefer
article 34  WABO applies,assessment of content completed,0,2,0.0,2.9,3.044,1.606,0.0,True,learned_prefer
article 34  WABO applies,MER present in supplement,0,2,0.0,2.9,3.044,1.606,0.0,True,learned_prefer
article 34  WABO applies,procedure change after completeness,0,2,0.0,2.9,3.044,1.606,0.0,True,learned_prefer
article 34  WABO applies,enter senddate continuation,0,2,0.0,2.9,3.044,1.606,0.0,True,learned_prefer
article 34  WABO applies,activities regular procedure,0,2,0.0,2.9,3.044,1.606,0.0,True,learned_prefer
article 34  WABO applies,receive additional information,0,2,0.0,2.9,3.044,1.606,0.0,True,learned_prefer
article 34  WABO applies,environmental permit irrevocable,0,2,0.0,2.9,3.044,1.606,0.0,True,learned_prefer
article 34  WABO applies,send confirmation receipt additional data,0,2,0.0,2.9,3.044,1.606,0.0,True,learned_prefer
start decisionphase draft decision - permitting decided,start decision phase decision permitting sent,0,3,0.0,4.1,3.041,1.604,0.0,True,learned_prefer
start decisionphase draft decision - permitting decided,set decision phase inspection of decision permitting,0,3,0.0,4.1,3.041,1.604,0.0,True,learned_prefer
start decisionphase draft decision - permitting decided,decision date prior to decision,0,3,0.0,4.1,3.041,1.604,0.0,True,learned_prefer
start decisionphase draft decision - permitting decided,create subcases completeness,0,3,0.0,4.1,3.041,1.604,0.0,True,learned_prefer
start decisionphase draft decision - permitting decided,set decision status,0,3,0.0,4.1,3.041,1.604,0.0,True,learned_prefer
start decisionphase draft decision - permitting decided,assessment of content completed,0,3,0.0,4.1,3.041,1.604,0.0,True,learned_prefer
forward transcript to stakeholders,phase forwarded to competent authority,145,2,100.0,28.6,3.0,1.585,-0.02,True,learned_prefer
MER required,OLO messaging active,0,1,0.0,7.7,3.0,1.585,0.0,True,learned_prefer
MER required,activities regular procedure,0,1,0.0,7.7,3.0,1.585,0.0,True,learned_prefer
send message OLO-status in progress,WAW permit aspect,0,1,0.0,7.7,3.0,1.585,0.0,True,learned_prefer
enter senddate letter to competent authority,forward transcript to stakeholders,0,1,0.0,7.7,3.0,1.585,0.0,True,learned_prefer
request further information,extend procedure term,0,3,0.0,9.7,3.0,1.585,0.0,True,learned_prefer
request further information,submit draft decision,0,3,0.0,9.7,3.0,1.585,0.0,True,learned_prefer
request further information,register date environmental permit decision,0,3,0.0,9.7,3.0,1.585,0.0,True,learned_prefer
calculate provisional charges,creating environmental permit decision,0,4,0.0,10.0,3.0,1.585,0.0,True,learned_prefer
enrich draft decision environmental permit,phase draft decision ready,0,1,0.0,7.7,3.0,1.585,0.0,True,learned_prefer
send message OLO-status in progress,generating decision environmental permit,0,1,0.0,7.7,3.0,1.585,0.0,True,learned_prefer
copy decision to extend procedure to stakeholders,enter date termination request received,0,3,0.0,9.7,3.0,1.585,0.0,True,learned_prefer
copy decision to extend procedure to stakeholders,decision procedure term extension,0,3,0.0,9.7,3.0,1.585,0.0,True,learned_prefer
register suspension by competent authority,phase procedure term suspended,0,1,0.0,7.7,3.0,1.585,0.0,True,learned_prefer
create cover letter draft decision,generate draft decision environmental permit,0,2,0.0,9.1,3.0,1.585,0.0,True,learned_prefer
create cover letter draft decision,enter date draft decisionenvironmental permit,0,2,0.0,9.1,3.0,1.585,0.0,True,learned_prefer
create cover letter draft decision,first or second phase,0,2,0.0,9.1,3.0,1.585,0.0,True,learned_prefer
create cover letter draft decision,enrich draft decision,0,2,0.0,9.1,3.0,1.585,0.0,True,learned_prefer
register suspension by competent authority,create suspension competent authority,0,1,0.0,7.7,3.0,1.585,0.0,True,learned_prefer
register suspension by competent authority,start date suspension competent authority,0,1,0.0,7.7,3.0,1.585,0.0,True,learned_prefer
register suspension by competent authority,send suspension by competent authority,0,1,0.0,7.7,3.0,1.585,0.0,True,learned_prefer
register suspension by competent authority,request complete,0,1,0.0,7.7,3.0,1.585,0.0,True,learned_prefer
enter objectionterm,activities regular procedure,0,1,0.0,7.7,3.0,1.585,0.0,True,learned_prefer
enter senddate confirmation request,send procedure confirmation,0,1,0.0,7.7,3.0,1.585,0.0,True,learned_prefer
enter senddate confirmation request,phase application received,0,1,0.0,7.7,3.0,1.585,0.0,True,learned_prefer
enter senddate confirmation request,registrer date of publishing received request,0,1,0.0,7.7,3.0,1.585,0.0,True,learned_prefer
enter senddate confirmation request,regular procedure without MER,0,1,0.0,7.7,3.0,1.585,0.0,True,learned_prefer
enter date decision permanent suspension,send confirmation receipt,0,5,0.0,10.4,2.939,1.556,0.0,True,learned_prefer
phase advice known,set decision phase decision permitting decided,0,1,0.0,0.4,2.935,1.553,0.0,True,learned_prefer
phase advice known,set decision phase suspension decided,0,1,0.0,0.4,2.935,1.553,0.0,True,learned_prefer
phase advice known,create monitoring case,0,1,0.0,0.4,2.935,1.553,0.0,True,learned_prefer
phase advice known,coordination of application,0,1,0.0,0.4,2.935,1.553,0.0,True,learned_prefer
phase advice known,enter date decision procedure term extension,0,1,0.0,0.4,2.935,1.553,0.0,True,learned_prefer
phase advice known,decision date prior to decision,0,1,0.0,0.4,2.935,1.553,0.0,True,learned_prefer
phase advice known,phase asked additional information,0,1,0.0,0.4,2.935,1.553,0.0,True,learned_prefer
phase advice known,WAW permit aspect,0,1,0.0,0.4,2.935,1.553,0.0,True,learned_prefer
phase advice known,phase draft decision made,0,1,0.0,0.4,2.935,1.553,0.0,True,learned_prefer
phase advice known,register receipt updated plan,0,1,0.0,0.4,2.935,1.553,0.0,True,learned_prefer
phase advice known,set phase decision revoked,0,1,0.0,0.4,2.935,1.553,0.0,True,learned_prefer
phase advice known,resume completeness subcases,0,1,0.0,0.4,2.935,1.553,0.0,True,learned_prefer
phase advice known,register submission date request,0,1,0.0,0.4,2.935,1.553,0.0,True,learned_prefer
phase advice known,received OLO documents,0,1,0.0,0.4,2.935,1.553,0.0,True,learned_prefer
phase advice known,start phased application,0,1,0.0,0.4,2.935,1.553,0.0,True,learned_prefer
phase advice known,register date environmental permit decision,0,1,0.0,0.4,2.935,1.553,0.0,True,learned_prefer
phase advice known,reason for suspension found,0,1,0.0,0.4,2.935,1.553,0.0,True,learned_prefer
phase advice known,generate draft decision environmental permit,0,1,0.0,0.4,2.935,1.553,0.0,True,learned_prefer
phase advice known,registrer date of publishing received request,0,1,0.0,0.4,2.935,1.553,0.0,True,learned_prefer
phase advice known,set decision status,0,1,0.0,0.4,2.935,1.553,0.0,True,learned_prefer
phase advice known,start decision phase decision permitting sent,0,1,0.0,0.4,2.935,1.553,0.0,True,learned_prefer
phase advice known,enter date draft decisionenvironmental permit,0,1,0.0,0.4,2.935,1.553,0.0,True,learned_prefer
phase advice known,phase updated plan requested,0,1,0.0,0.4,2.935,1.553,0.0,True,learned_prefer
phase advice known,treat subcases completeness,0,1,0.0,0.4,2.935,1.553,0.0,True,learned_prefer
phase advice known,phase updated plan received,0,1,0.0,0.4,2.935,1.553,0.0,True,learned_prefer
phase advice known,send design decision to stakeholders,0,1,0.0,0.4,2.935,1.553,0.0,True,learned_prefer
phase advice known,send decision suspension,0,1,0.0,0.4,2.935,1.553,0.0,True,learned_prefer
phase advice known,phase decision taken,0,1,0.0,0.4,2.935,1.553,0.0,True,learned_prefer
phase advice known,set decision phase: draft decision permitted sent,0,1,0.0,0.4,2.935,1.553,0.0,True,learned_prefer
phase decision suspended,set decision phase suspension sent,0,4,0.0,10.3,2.926,1.549,0.0,True,learned_prefer
phase decision suspended,treat subcase suspension art. 33 WABO,0,4,0.0,10.3,2.926,1.549,0.0,True,learned_prefer
phase decision suspended,message change status,0,4,0.0,10.3,2.926,1.549,0.0,True,learned_prefer
cancel case,start decision phase permanent suspension sent,49,4,41.5,12.9,2.924,1.548,-0.013,True,learned_prefer
enter senddate letter no permit required,close case,0,1,0.0,3.3,2.905,1.538,0.0,True,learned_prefer
enter senddate letter no permit required,record date of decision no permit required,0,1,0.0,3.3,2.905,1.538,0.0,True,learned_prefer
enter senddate letter no permit required,phase activity no permit required,0,1,0.0,3.3,2.905,1.538,0.0,True,learned_prefer
enter date decision suspension,set decision phase suspension decided,0,3,0.0,10.0,2.905,1.538,0.0,True,learned_prefer
enter senddate letter no permit required,registration date publication,0,1,0.0,3.3,2.905,1.538,0.0,True,learned_prefer
enter date decision suspension,send decision suspension,0,3,0.0,10.0,2.905,1.538,0.0,True,learned_prefer
enter date decision suspension,set decision phase: suspension cancelled,0,3,0.0,10.0,2.905,1.538,0.0,True,learned_prefer
enter date decision suspension,creating decision suspension art. 33 WABO,0,3,0.0,10.0,2.905,1.538,0.0,True,learned_prefer
subcase perspective complete,read field phased application,0,5,0.0,10.6,2.879,1.525,0.0,True,learned_prefer
enter senddate request termination,terminate on request,0,2,0.0,9.5,2.867,1.519,0.0,True,learned_prefer
phase activity no permit required,set decision phase no permit required decided,0,2,0.0,9.5,2.867,1.519,0.0,True,learned_prefer
phase activity no permit required,record date of decision no permit required,0,2,0.0,9.5,2.867,1.519,0.0,True,learned_prefer
phase activity no permit required,creating cover letter no permit required,0,2,0.0,9.5,2.867,1.519,0.0,True,learned_prefer
investigate BAG objects,start WABOprocedure,0,5,0.0,6.4,2.855,1.513,0.0,True,learned_prefer
investigate BAG objects,no permit needed or only notification needed,0,5,0.0,6.4,2.855,1.513,0.0,True,learned_prefer
retrieve missing data,terminate on request,0,6,0.0,4.7,2.846,1.509,0.0,True,learned_prefer
retrieve missing data,regular procedure without MER,0,6,0.0,4.7,2.846,1.509,0.0,True,learned_prefer
register number of days extension period,send letter in progress,0,8,0.0,11.1,2.843,1.507,0.0,True,learned_prefer
send procedure confirmation,generate draft decision environmental permit,0,1,0.0,0.7,2.838,1.505,0.0,True,learned_prefer
send procedure confirmation,initiative competent authority,0,1,0.0,0.7,2.838,1.505,0.0,True,learned_prefer
send procedure confirmation,enter senddate decision environmental permit,0,1,0.0,0.7,2.838,1.505,0.0,True,learned_prefer
send procedure confirmation,terminate on request,0,1,0.0,0.7,2.838,1.505,0.0,True,learned_prefer
send procedure confirmation,request complete,0,1,0.0,0.7,2.838,1.505,0.0,True,learned_prefer
send procedure confirmation,regular procedure without MER,0,1,0.0,0.7,2.838,1.505,0.0,True,learned_prefer
send procedure confirmation,register objection and appeal periods,0,1,0.0,0.7,2.838,1.505,0.0,True,learned_prefer
send procedure confirmation,retrieve missing data,0,1,0.0,0.7,2.838,1.505,0.0,True,learned_prefer
send procedure confirmation,phase decision ready,0,1,0.0,0.7,2.838,1.505,0.0,True,learned_prefer
send procedure confirmation,start decisionphase draft decision - permitting decided,0,1,0.0,0.7,2.838,1.505,0.0,True,learned_prefer
send procedure confirmation,set decision phase decision permitting decided,0,1,0.0,0.7,2.838,1.505,0.0,True,learned_prefer
send procedure confirmation,forward to the competent authority,0,1,0.0,0.7,2.838,1.505,0.0,True,learned_prefer
send procedure confirmation,phase application receptive,0,1,0.0,0.7,2.838,1.505,0.0,True,learned_prefer
send procedure confirmation,phase archived case,0,1,0.0,0.7,2.838,1.505,0.0,True,learned_prefer
send procedure confirmation,phase application received,0,1,0.0,0.7,2.838,1.505,0.0,True,learned_prefer
send procedure confirmation,enter date termination request received,0,1,0.0,0.7,2.838,1.505,0.0,True,learned_prefer
send procedure confirmation,suspend term,0,1,0.0,0.7,2.838,1.505,0.0,True,learned_prefer
send procedure confirmation,record date of decision environmental permit,0,1,0.0,0.7,2.838,1.505,0.0,True,learned_prefer
send procedure confirmation,send letter in progress,0,1,0.0,0.7,2.838,1.505,0.0,True,learned_prefer
create decision procedure term extension,request updated plan,0,1,0.0,1.6,2.822,1.497,0.0,True,learned_prefer
publish official draft decision,completed subcases content,0,5,0.0,10.9,2.818,1.495,0.0,True,learned_prefer
treat subcase perspective,set decision status,0,5,0.0,10.9,2.818,1.495,0.0,True,learned_prefer
publish official draft decision,enter date draft decisionenvironmental permit,0,5,0.0,10.9,2.818,1.495,0.0,True,learned_prefer
create decision no permit required,completed subcases content,0,3,0.0,10.3,2.81,1.49,0.0,True,learned_prefer
create decision no permit required,procedure change,0,3,0.0,10.3,2.81,1.49,0.0,True,learned_prefer
appeal logded,appeal and preliminary injunction in system,0,3,0.0,10.3,2.81,1.49,0.0,True,learned_prefer
set decision phase: suspension cancelled,refusal after suspension,0,3,0.0,10.3,2.81,1.49,0.0,True,learned_prefer
appeal logded,date decision for inspection,0,3,0.0,10.3,2.81,1.49,0.0,True,learned_prefer
set decision phase: suspension cancelled,set decision phase suspension decided,0,3,0.0,10.3,2.81,1.49,0.0,True,learned_prefer
set decision phase: suspension cancelled,creating environmental permit decision,0,3,0.0,10.3,2.81,1.49,0.0,True,learned_prefer
create decision no permit required,generating decision no permit required,0,3,0.0,10.3,2.81,1.49,0.0,True,learned_prefer
create decision no permit required,regular procedure without MER,0,3,0.0,10.3,2.81,1.49,0.0,True,learned_prefer
decision keep permanently suspended,retrieve missing data,0,3,0.0,10.3,2.81,1.49,0.0,True,learned_prefer
decision keep permanently suspended,creating decision permanently suspended,0,3,0.0,10.3,2.81,1.49,0.0,True,learned_prefer
hearing about draft,perspective from GS or VROM received,0,1,0.0,8.3,2.778,1.474,0.0,True,learned_prefer
hearing about draft,applicant is stakeholder,0,1,0.0,8.3,2.778,1.474,0.0,True,learned_prefer
send letter in progress,submit decision,0,3,0.0,3.4,2.778,1.474,0.0,True,learned_prefer
send letter in progress,start WABOprocedure,0,3,0.0,3.4,2.778,1.474,0.0,True,learned_prefer
further information received,article 34  WABO applies,0,1,0.0,8.3,2.778,1.474,0.0,True,learned_prefer
send letter in progress,create information request,0,3,0.0,3.4,2.778,1.474,0.0,True,learned_prefer
send letter in progress,procedure change after completeness,0,3,0.0,3.4,2.778,1.474,0.0,True,learned_prefer
set decision phase suspension decided,procedure change,0,2,0.0,5.9,2.76,1.465,0.0,True,learned_prefer
set decision phase suspension decided,phase asked additional information,0,2,0.0,5.9,2.76,1.465,0.0,True,learned_prefer
set decision phase suspension decided,treat subcases content,0,2,0.0,5.9,2.76,1.465,0.0,True,learned_prefer
set decision phase suspension decided,treat subcase suspension art. 35 WABO,0,2,0.0,5.9,2.76,1.465,0.0,True,learned_prefer
set decision phase suspension decided,register submission date request,0,2,0.0,5.9,2.76,1.465,0.0,True,learned_prefer
set decision phase suspension decided,assessment of content completed,0,2,0.0,5.9,2.76,1.465,0.0,True,learned_prefer
phase draft decision ready,transcript decision environmental permit to stakeholders,0,6,0.0,6.7,2.754,1.461,0.0,True,learned_prefer
stop suspended completeness subcases,request complete,0,2,0.0,10.0,2.733,1.451,0.0,True,learned_prefer
keep permanently suspended,phase asked additional information,0,2,0.0,10.0,2.733,1.451,0.0,True,learned_prefer
keep permanently suspended,creating decision permanently suspended,0,2,0.0,10.0,2.733,1.451,0.0,True,learned_prefer
keep permanently suspended,subcases completeness completed,0,2,0.0,10.0,2.733,1.451,0.0,True,learned_prefer
keep permanently suspended,stop suspended completeness subcases,0,2,0.0,10.0,2.733,1.451,0.0,True,learned_prefer
subcase final VVGB completed,entering senddate draft decision environmental permit,0,2,0.0,10.0,2.733,1.451,0.0,True,learned_prefer
stop suspended completeness subcases,phase additional information received,0,2,0.0,10.0,2.733,1.451,0.0,True,learned_prefer
keep permanently suspended,decision keep permanently suspended,0,2,0.0,10.0,2.733,1.451,0.0,True,learned_prefer
phase draft decision sent,enter senddate draft decision,0,3,0.0,10.7,2.714,1.441,0.0,True,learned_prefer
phase draft decision sent,phase draft decision made,0,3,0.0,10.7,2.714,1.441,0.0,True,learned_prefer
phase draft decision sent,enter senddate decision environmental permit,0,3,0.0,10.7,2.714,1.441,0.0,True,learned_prefer
phase procedure resumed,treat subcase permanent suspension,0,4,0.0,11.1,2.704,1.435,0.0,True,learned_prefer
creating decision suspension art. 33 WABO,set decision phase decision permitting decided,0,4,0.0,11.1,2.704,1.435,0.0,True,learned_prefer
enter senddate letter to stakeholders,forward transcript to stakeholders,231,3,69.4,23.1,2.677,1.421,-0.027,True,learned_prefer
phase procedure prematurely terminated,cancel BAG objects research,0,4,0.0,11.4,2.63,1.395,0.0,True,learned_prefer
phase procedure prematurely terminated,register deadline,0,4,0.0,11.4,2.63,1.395,0.0,True,learned_prefer
continue or abort mutation BAG objects,phase decision taken,0,1,0.0,5.3,2.6,1.379,0.0,True,learned_prefer
continue or abort mutation BAG objects,phase updated plan received,0,1,0.0,5.3,2.6,1.379,0.0,True,learned_prefer
continue or abort mutation BAG objects,start decision phase decision permitting sent,0,1,0.0,5.3,2.6,1.379,0.0,True,learned_prefer
continue or abort mutation BAG objects,record date of decision environmental permit,0,1,0.0,5.3,2.6,1.379,0.0,True,learned_prefer
continue or abort mutation BAG objects,transcript decision environmental permit to stakeholders,0,1,0.0,5.3,2.6,1.379,0.0,True,learned_prefer
date continuation term to decision,enter senddate continuation,0,2,0.0,10.5,2.6,1.379,0.0,True,learned_prefer
term for submitting updated plan,register number of days extension period,0,2,0.0,10.5,2.6,1.379,0.0,True,learned_prefer
continue or abort mutation BAG objects,generating decision environmental permit,0,1,0.0,5.3,2.6,1.379,0.0,True,learned_prefer
continue or abort mutation BAG objects,enter senddate decision,0,1,0.0,5.3,2.6,1.379,0.0,True,learned_prefer
continue or abort mutation BAG objects,mutation BAG carry objects,0,1,0.0,5.3,2.6,1.379,0.0,True,learned_prefer
term for submitting updated plan,extend procedure term,0,2,0.0,10.5,2.6,1.379,0.0,True,learned_prefer
term for submitting updated plan,request updated plan,0,2,0.0,10.5,2.6,1.379,0.0,True,learned_prefer
date continuation term to decision,submit draft decision,0,2,0.0,10.5,2.6,1.379,0.0,True,learned_prefer
date continuation term to decision,regular procedure without MER,0,2,0.0,10.5,2.6,1.379,0.0,True,learned_prefer
updated plan received,creating environmental permit decision,0,5,0.0,11.9,2.576,1.365,0.0,True,learned_prefer
updated plan received,treat subcases reassessment plan,0,5,0.0,11.9,2.576,1.365,0.0,True,learned_prefer
updated plan received,set decision status,0,5,0.0,11.9,2.576,1.365,0.0,True,learned_prefer
generating decision environmental permit,register objection and appeal periods,0,2,0.0,1.2,2.57,1.362,0.0,True,learned_prefer
generating decision environmental permit,treat subcase perspective,0,2,0.0,1.2,2.57,1.362,0.0,True,learned_prefer
generating decision environmental permit,subcase perspective complete,0,2,0.0,1.2,2.57,1.362,0.0,True,learned_prefer
generating decision environmental permit,stop all running subcases 2b,0,2,0.0,1.2,2.57,1.362,0.0,True,learned_prefer
generating decision environmental permit,treat subcases content,0,2,0.0,1.2,2.57,1.362,0.0,True,learned_prefer
generating decision environmental permit,treat subcases completeness,0,2,0.0,1.2,2.57,1.362,0.0,True,learned_prefer
generating decision environmental permit,registrer date of publishing received request,0,2,0.0,1.2,2.57,1.362,0.0,True,learned_prefer
generating decision environmental permit,registration date publication,0,2,0.0,1.2,2.57,1.362,0.0,True,learned_prefer
generating decision environmental permit,send procedure confirmation,0,2,0.0,1.2,2.57,1.362,0.0,True,learned_prefer
generating decision environmental permit,creating decision suspension art. 33 WABO,0,2,0.0,1.2,2.57,1.362,0.0,True,learned_prefer
generating decision environmental permit,register date environmental permit decision,0,2,0.0,1.2,2.57,1.362,0.0,True,learned_prefer
generating decision environmental permit,set decision phase decision permitting decided,0,2,0.0,1.2,2.57,1.362,0.0,True,learned_prefer
generating decision environmental permit,assessment of content completed,0,2,0.0,1.2,2.57,1.362,0.0,True,learned_prefer
generating decision environmental permit,phase case handled,0,2,0.0,1.2,2.57,1.362,0.0,True,learned_prefer
generating decision environmental permit,enter date publication decision environmental permit,0,2,0.0,1.2,2.57,1.362,0.0,True,learned_prefer
generating decision environmental permit,phase archived case,0,2,0.0,1.2,2.57,1.362,0.0,True,learned_prefer
generating decision environmental permit,message change status,0,2,0.0,1.2,2.57,1.362,0.0,True,learned_prefer
generating decision environmental permit,date decision for inspection,0,2,0.0,1.2,2.57,1.362,0.0,True,learned_prefer
generating decision environmental permit,phase procedure resumed,0,2,0.0,1.2,2.57,1.362,0.0,True,learned_prefer
generating decision environmental permit,phase procedure extended,0,2,0.0,1.2,2.57,1.362,0.0,True,learned_prefer
generating decision environmental permit,record date of decision environmental permit,0,2,0.0,1.2,2.57,1.362,0.0,True,learned_prefer
generating decision environmental permit,send design decision to stakeholders,0,2,0.0,1.2,2.57,1.362,0.0,True,learned_prefer
create monitoring case oversight,phase decision taken,0,1,0.0,9.1,2.556,1.354,0.0,True,learned_prefer
create monitoring case oversight,submit decision,0,1,0.0,9.1,2.556,1.354,0.0,True,learned_prefer
enter senddate party permitted,enter senddate procedure confirmation,0,1,0.0,9.1,2.556,1.354,0.0,True,learned_prefer
enter senddate party permitted,start decisionphase draft decision - permitting decided,0,1,0.0,9.1,2.556,1.354,0.0,True,learned_prefer
create letter no permit or only notification required,enter senddate letter no permit or only notification required,0,1,0.0,9.1,2.556,1.354,0.0,True,learned_prefer
enter senddate party permitted,registrer date of publishing received request,0,1,0.0,9.1,2.556,1.354,0.0,True,learned_prefer
enter senddate party permitted,treat subcases content,0,1,0.0,9.1,2.556,1.354,0.0,True,learned_prefer
date for inspection MER,register submission date request,0,1,0.0,9.1,2.556,1.354,0.0,True,learned_prefer
date for inspection MER,start WABOprocedure,0,1,0.0,9.1,2.556,1.354,0.0,True,learned_prefer
date for inspection MER,create subcases completeness,0,1,0.0,9.1,2.556,1.354,0.0,True,learned_prefer
MER present,activities regular procedure,0,4,0.0,11.8,2.556,1.354,0.0,True,learned_prefer
request to competent authority,create forwarding copy,242,4,100.0,36.4,2.556,1.354,-0.053,True,learned_prefer
MER present,phase application received,0,4,0.0,11.8,2.556,1.354,0.0,True,learned_prefer
MER present,set decision phase: draft decision for inspection,0,4,0.0,11.8,2.556,1.354,0.0,True,learned_prefer
create suspension competent authority,enter senddate suspension by competent authority,0,1,0.0,9.1,2.556,1.354,0.0,True,learned_prefer
set decision phase decision permitting decided,procedure change after completeness,4,4,6.8,2.7,2.529,1.339,-0.1,True,learned_prefer
publication date draft decision,suspend term,0,3,0.0,11.5,2.524,1.336,0.0,True,learned_prefer
publication date draft decision,enter date advice on treatment of environmental permit,0,3,0.0,11.5,2.524,1.336,0.0,True,learned_prefer
publication date draft decision,registrer date of publishing received request,0,3,0.0,11.5,2.524,1.336,0.0,True,learned_prefer
enter senddate procedure term extension,grounds for refusal,0,1,0.0,2.4,2.515,1.331,0.0,True,learned_prefer
enter senddate procedure term extension,enter senddate procedure term extension,0,1,0.0,2.4,2.515,1.331,0.0,True,learned_prefer
enter senddate procedure term extension,enter receipt of additional data,0,1,0.0,2.4,2.515,1.331,0.0,True,learned_prefer
enter senddate procedure term extension,enter senddate decision procedure term extension,0,1,0.0,2.4,2.515,1.331,0.0,True,learned_prefer
enter senddate procedure term extension,create decision procedure term extension,0,1,0.0,2.4,2.515,1.331,0.0,True,learned_prefer
enter senddate procedure term extension,decision date prior to decision,0,1,0.0,2.4,2.515,1.331,0.0,True,learned_prefer
enter senddate procedure term extension,phase additional information received,0,1,0.0,2.4,2.515,1.331,0.0,True,learned_prefer
enter senddate procedure term extension,procedure change,0,1,0.0,2.4,2.515,1.331,0.0,True,learned_prefer
enter senddate procedure term extension,record date of decision environmental permit,0,1,0.0,2.4,2.515,1.331,0.0,True,learned_prefer
enter senddate procedure term extension,received OLO documents,0,1,0.0,2.4,2.515,1.331,0.0,True,learned_prefer
enter senddate procedure term extension,start decision phase decision permitting sent,0,1,0.0,2.4,2.515,1.331,0.0,True,learned_prefer
treat subcase suspension art. 33 WABO,treat subcase suspension art. 34 WABO,0,5,0.0,12.2,2.515,1.331,0.0,True,learned_prefer
enter senddate decision procedure term extension,enter senddate continuation,0,4,0.0,7.1,2.511,1.328,0.0,True,learned_prefer
enter senddate updated plan,treat subcases content,0,3,0.0,7.0,2.486,1.314,0.0,True,learned_prefer
enter senddate updated plan,MER present in supplement,0,3,0.0,7.0,2.486,1.314,0.0,True,learned_prefer
enter senddate updated plan,enter date decision procedure term extension,0,3,0.0,7.0,2.486,1.314,0.0,True,learned_prefer
perspective regarding draft founded,enter senddate decision environmental permit,0,2,0.0,11.1,2.467,1.303,0.0,True,learned_prefer
generate letter no permit required,enter senddate procedure confirmation,0,2,0.0,11.1,2.467,1.303,0.0,True,learned_prefer
creating cover letter no permit required,generate letter no permit required,0,2,0.0,11.1,2.467,1.303,0.0,True,learned_prefer
generate letter no permit required,applicant is stakeholder,0,2,0.0,11.1,2.467,1.303,0.0,True,learned_prefer
generate letter no permit required,phase archived case,0,2,0.0,11.1,2.467,1.303,0.0,True,learned_prefer
generate letter no permit required,enter senddate letter no permit required,0,2,0.0,11.1,2.467,1.303,0.0,True,learned_prefer
calculate provisional charges,initiative competent authority,0,5,0.0,12.5,2.455,1.295,0.0,True,learned_prefer
record date of decision no permit required,phase activity no permit required,0,3,0.0,12.0,2.429,1.28,0.0,True,learned_prefer
record date of decision no permit required,stop all running subcases 2b,0,3,0.0,12.0,2.429,1.28,0.0,True,learned_prefer
record date of decision no permit required,set decision phase unlicensed irrevocable,0,3,0.0,12.0,2.429,1.28,0.0,True,learned_prefer
enter date publication decision environmental permit,phase case handled,0,1,0.0,1.1,2.413,1.271,0.0,True,learned_prefer
enter date publication decision environmental permit,send confirmation receipt,0,1,0.0,1.1,2.413,1.271,0.0,True,learned_prefer
enter date publication decision environmental permit,assessment of content completed,0,1,0.0,1.1,2.413,1.271,0.0,True,learned_prefer
enter date publication decision environmental permit,set decision phase decision permitting decided,0,1,0.0,1.1,2.413,1.271,0.0,True,learned_prefer
enter date publication decision environmental permit,start decision phase decision permitting sent,0,1,0.0,1.1,2.413,1.271,0.0,True,learned_prefer
enter date publication decision environmental permit,treat subcases completeness,0,1,0.0,1.1,2.413,1.271,0.0,True,learned_prefer
enter date publication decision environmental permit,enter senddate decision environmental permit,0,1,0.0,1.1,2.413,1.271,0.0,True,learned_prefer
enter date publication decision environmental permit,set phase decision revoked,0,1,0.0,1.1,2.413,1.271,0.0,True,learned_prefer
enter date publication decision environmental permit,continue or abort mutation BAG objects,0,1,0.0,1.1,2.413,1.271,0.0,True,learned_prefer
enter date publication decision environmental permit,phase draft decision ready,0,1,0.0,1.1,2.413,1.271,0.0,True,learned_prefer
enter date publication decision environmental permit,completed subcases content,0,1,0.0,1.1,2.413,1.271,0.0,True,learned_prefer
enter date publication decision environmental permit,publication date draft decision,0,1,0.0,1.1,2.413,1.271,0.0,True,learned_prefer
enter date publication decision environmental permit,contacting applicant,0,1,0.0,1.1,2.413,1.271,0.0,True,learned_prefer
enter date publication decision environmental permit,phase application receptive,0,1,0.0,1.1,2.413,1.271,0.0,True,learned_prefer
creating decision permanently suspended,treat subcases completeness,0,5,0.0,12.8,2.394,1.259,0.0,True,learned_prefer
phase draft decision ready,enter senddate decision,0,7,0.0,7.9,2.387,1.255,0.0,True,learned_prefer
start decisionphase draft decision - permitting decided,creating cover letter decision,0,4,0.0,5.4,2.365,1.242,0.0,True,learned_prefer
start decisionphase draft decision - permitting decided,phase decision sent,0,4,0.0,5.4,2.365,1.242,0.0,True,learned_prefer
start decisionphase draft decision - permitting decided,regular procedure without MER,0,4,0.0,5.4,2.365,1.242,0.0,True,learned_prefer
first or second phase,send procedure confirmation,0,1,0.0,10.0,2.333,1.222,0.0,True,learned_prefer
first or second phase,create procedure confirmation,0,1,0.0,10.0,2.333,1.222,0.0,True,learned_prefer
treat subcase final VVGB,VVGB positive,0,3,0.0,12.5,2.333,1.222,0.0,True,learned_prefer
subcases completed present decision,register objection and appeal periods,0,1,0.0,10.0,2.333,1.222,0.0,True,learned_prefer
first or second phase,enter senddate procedure confirmation,0,1,0.0,10.0,2.333,1.222,0.0,True,learned_prefer
treat appeal subcase,appealed to higher court,0,1,0.0,10.0,2.333,1.222,0.0,True,learned_prefer
environmental permit irrevocable,determine cause for suspension article 34 WABO,0,1,0.0,10.0,2.333,1.222,0.0,True,learned_prefer
enter senddate suspension by competent authority,enter receipt of additional data,0,2,0.0,11.8,2.333,1.222,0.0,True,learned_prefer
enter senddate decision no permit required,registration date publication,0,2,0.0,11.8,2.333,1.222,0.0,True,learned_prefer
enter senddate suspension by competent authority,enter senddate procedure confirmation,0,2,0.0,11.8,2.333,1.222,0.0,True,learned_prefer
message request advice,subcases completeness completed,0,1,0.0,10.0,2.333,1.222,0.0,True,learned_prefer
appeal and preliminary injunction in system,request for preliminary injunction received,0,1,0.0,10.0,2.333,1.222,0.0,True,learned_prefer
updated plan after perspective,suspension ground applicable,0,1,0.0,10.0,2.333,1.222,0.0,True,learned_prefer
updated plan after perspective,term for submitting updated plan,0,1,0.0,10.0,2.333,1.222,0.0,True,learned_prefer
updated plan after perspective,updated plan after perspective,0,1,0.0,10.0,2.333,1.222,0.0,True,learned_prefer
decision procedure term extension,enter senddate decision procedure term extension,0,3,0.0,12.5,2.333,1.222,0.0,True,learned_prefer
request further information,inform BAG administrator,0,4,0.0,12.9,2.333,1.222,0.0,True,learned_prefer
create decision terminate on request,extend procedure term,0,1,0.0,10.0,2.333,1.222,0.0,True,learned_prefer
treat subcase final VVGB,publish official draft decision,0,3,0.0,12.5,2.333,1.222,0.0,True,learned_prefer
create decision terminate on request,decision terminate on request,0,1,0.0,10.0,2.333,1.222,0.0,True,learned_prefer
first or second phase,enter senddate acknowledgement,0,1,0.0,10.0,2.333,1.222,0.0,True,learned_prefer
first or second phase,first phase affected,0,1,0.0,10.0,2.333,1.222,0.0,True,learned_prefer
create decision terminate on request,treat subcases completeness,0,1,0.0,10.0,2.333,1.222,0.0,True,learned_prefer
subcases completed present decision,phase application receptive,0,1,0.0,10.0,2.333,1.222,0.0,True,learned_prefer
treat appeal subcase,set phase decision revoked,0,1,0.0,10.0,2.333,1.222,0.0,True,learned_prefer
first or second phase,no permit needed or only notification needed,0,1,0.0,10.0,2.333,1.222,0.0,True,learned_prefer
message request advice,procedure change after completeness,0,1,0.0,10.0,2.333,1.222,0.0,True,learned_prefer
message request advice,completed subcases content,0,1,0.0,10.0,2.333,1.222,0.0,True,learned_prefer
request further information,completed subcases content,0,4,0.0,12.9,2.333,1.222,0.0,True,learned_prefer
phase application receptive,enter senddate updated plan,2,2,2.6,1.1,2.274,1.185,-0.013,True,learned_prefer
enter date decision suspension,phase decision suspended,0,4,0.0,13.3,2.259,1.176,0.0,True,learned_prefer
enter date decision suspension,assessment of content completed,0,4,0.0,13.3,2.259,1.176,0.0,True,learned_prefer
message terminate request,read publication date field,0,3,0.0,13.0,2.238,1.162,0.0,True,learned_prefer
dismiss under mandate,phase advice known,0,3,0.0,13.0,2.238,1.162,0.0,True,learned_prefer
message terminate request,phase procedure prematurely terminated,0,3,0.0,13.0,2.238,1.162,0.0,True,learned_prefer
message terminate request,register deadline,0,3,0.0,13.0,2.238,1.162,0.0,True,learned_prefer
dismiss under mandate,create draft environtmental permit,0,3,0.0,13.0,2.238,1.162,0.0,True,learned_prefer
dismiss under mandate,phase application receptive,0,3,0.0,13.0,2.238,1.162,0.0,True,learned_prefer
phase procedure resumed,phase advice known,0,5,0.0,13.9,2.212,1.145,0.0,True,learned_prefer
creating decision suspension art. 33 WABO,phase decision suspended,0,5,0.0,13.9,2.212,1.145,0.0,True,learned_prefer
phase procedure resumed,record date of decision environmental permit,0,5,0.0,13.9,2.212,1.145,0.0,True,learned_prefer
creating decision suspension art. 33 WABO,subcase art. 33 WABO completed,0,5,0.0,13.9,2.212,1.145,0.0,True,learned_prefer
register date environmental permit decision,applicant is stakeholder,0,1,0.0,0.7,2.203,1.14,0.0,True,learned_prefer
register date environmental permit decision,phase decision sent,0,1,0.0,0.7,2.203,1.14,0.0,True,learned_prefer
register date environmental permit decision,inform BAG administrator,0,1,0.0,0.7,2.203,1.14,0.0,True,learned_prefer
register date environmental permit decision,send design decision to stakeholders,0,1,0.0,0.7,2.203,1.14,0.0,True,learned_prefer
register date environmental permit decision,set decision phase decision permitting decided,0,1,0.0,0.7,2.203,1.14,0.0,True,learned_prefer
register date environmental permit decision,transcript decision environmental permit to stakeholders,0,1,0.0,0.7,2.203,1.14,0.0,True,learned_prefer
register date environmental permit decision,appeal logded,0,1,0.0,0.7,2.203,1.14,0.0,True,learned_prefer
register date environmental permit decision,WAW permit aspect,0,1,0.0,0.7,2.203,1.14,0.0,True,learned_prefer
register date environmental permit decision,MER present in supplement,0,1,0.0,0.7,2.203,1.14,0.0,True,learned_prefer
register date environmental permit decision,perspective on draft decision environmental permit received,0,1,0.0,0.7,2.203,1.14,0.0,True,learned_prefer
register date environmental permit decision,phase concept draft decision ready,0,1,0.0,0.7,2.203,1.14,0.0,True,learned_prefer
register date environmental permit decision,enter senddate procedure confirmation,0,1,0.0,0.7,2.203,1.14,0.0,True,learned_prefer
register date environmental permit decision,extend procedure term,0,1,0.0,0.7,2.203,1.14,0.0,True,learned_prefer
register date environmental permit decision,terminate on request,0,1,0.0,0.7,2.203,1.14,0.0,True,learned_prefer
register date environmental permit decision,enter date draft decisionenvironmental permit,0,1,0.0,0.7,2.203,1.14,0.0,True,learned_prefer
register date environmental permit decision,enter senddate decision,0,1,0.0,0.7,2.203,1.14,0.0,True,learned_prefer
register date environmental permit decision,enter senddate acknowledgement,0,1,0.0,0.7,2.203,1.14,0.0,True,learned_prefer
register date environmental permit decision,resume completeness subcases,0,1,0.0,0.7,2.203,1.14,0.0,True,learned_prefer
register date environmental permit decision,suspension ground applicable,0,1,0.0,0.7,2.203,1.14,0.0,True,learned_prefer
register date environmental permit decision,procedure change,0,1,0.0,0.7,2.203,1.14,0.0,True,learned_prefer
create cover letter permanent suspension,enter receipt of additional data,0,2,0.0,12.5,2.2,1.138,0.0,True,learned_prefer
cancel BAG objects research,mutation BAG carry objects,2,2,100.0,40.0,2.2,1.138,-0.061,True,learned_prefer
register date decision terminate on request,applicant is stakeholder,0,2,0.0,12.5,2.2,1.138,0.0,True,learned_prefer
register date decision terminate on request,decision terminate on request,0,2,0.0,12.5,2.2,1.138,0.0,True,learned_prefer
register date decision terminate on request,send confirmation receipt,0,2,0.0,12.5,2.2,1.138,0.0,True,learned_prefer
create cover letter permanent suspension,set decision status,0,2,0.0,12.5,2.2,1.138,0.0,True,learned_prefer
regular procedure applies,retrieve missing data,0,2,0.0,12.5,2.2,1.138,0.0,True,learned_prefer
regular procedure applies,extend procedure term,0,2,0.0,12.5,2.2,1.138,0.0,True,learned_prefer
treat subcases reassessment plan,transcript decision environmental permit to stakeholders,0,2,0.0,12.5,2.2,1.138,0.0,True,learned_prefer
create cover letter permanent suspension,send confirmation receipt additional data,0,2,0.0,12.5,2.2,1.138,0.0,True,learned_prefer
create decision no permit required,set decision status,0,4,0.0,13.8,2.185,1.128,0.0,True,learned_prefer
create decision no permit required,creating cover letter no permit required,0,4,0.0,13.8,2.185,1.128,0.0,True,learned_prefer
decision keep permanently suspended,enter senddate decision permanent suspension,0,4,0.0,13.8,2.185,1.128,0.0,True,learned_prefer
appeal logded,create publication document,0,4,0.0,13.8,2.185,1.128,0.0,True,learned_prefer
procedure change after completeness,article 34  WABO applies,4,7,17.4,8.2,2.183,1.126,-0.094,True,learned_prefer
article 34  WABO applies,terminate on request,0,3,0.0,4.4,2.175,1.121,0.0,True,learned_prefer
article 34  WABO applies,phase advice known,0,3,0.0,4.4,2.175,1.121,0.0,True,learned_prefer
article 34  WABO applies,phase decision ready,0,3,0.0,4.4,2.175,1.121,0.0,True,learned_prefer
article 34  WABO applies,publish,0,3,0.0,4.4,2.175,1.121,0.0,True,learned_prefer
article 34  WABO applies,grounds for refusal,0,3,0.0,4.4,2.175,1.121,0.0,True,learned_prefer
article 34  WABO applies,extend procedure term,0,3,0.0,4.4,2.175,1.121,0.0,True,learned_prefer
send letter in progress,send confirmation receipt,0,4,0.0,4.6,2.16,1.111,0.0,True,learned_prefer
send letter in progress,receive additional information,0,4,0.0,4.6,2.16,1.111,0.0,True,learned_prefer
create forwarding copy,enter senddate letter to stakeholders,242,3,100.0,42.9,2.143,1.1,-0.041,True,learned_prefer
start phased application,start WABOprocedure,2,1,11.8,4.5,2.143,1.1,-0.202,True,learned_prefer
determine cause for suspension article 34 WABO,completed subcases content,0,1,0.0,11.1,2.111,1.078,0.0,True,learned_prefer
decision extension procedure term irrevocable,creating environmental permit decision,0,1,0.0,11.1,2.111,1.078,0.0,True,learned_prefer
decision extension procedure term irrevocable,grounds for refusal,0,1,0.0,11.1,2.111,1.078,0.0,True,learned_prefer
objection decision no permit required received,record date of decision no permit required,0,1,0.0,11.1,2.111,1.078,0.0,True,learned_prefer
decision extension procedure term irrevocable,request complete,0,1,0.0,11.1,2.111,1.078,0.0,True,learned_prefer
decision extension procedure term irrevocable,generating decision environmental permit,0,1,0.0,11.1,2.111,1.078,0.0,True,learned_prefer
new decision or reassessment,creating environmental permit decision,0,1,0.0,11.1,2.111,1.078,0.0,True,learned_prefer
decision extension procedure term irrevocable,receive additional information,0,1,0.0,11.1,2.111,1.078,0.0,True,learned_prefer
objection decision no permit required received,request complete,0,1,0.0,11.1,2.111,1.078,0.0,True,learned_prefer
objection decision no permit required received,close case,0,1,0.0,11.1,2.111,1.078,0.0,True,learned_prefer
send continuation letter,request complete,0,1,0.0,11.1,2.111,1.078,0.0,True,learned_prefer
send continuation letter,subcases completeness completed,0,1,0.0,11.1,2.111,1.078,0.0,True,learned_prefer
send continuation letter,enter senddate procedure confirmation,0,1,0.0,11.1,2.111,1.078,0.0,True,learned_prefer
create letter requesting updated plan,regular procedure without MER,0,1,0.0,11.1,2.111,1.078,0.0,True,learned_prefer
create letter requesting updated plan,receive additional information,0,1,0.0,11.1,2.111,1.078,0.0,True,learned_prefer
phase draft decision sent,generating decision environmental permit,0,4,0.0,14.3,2.111,1.078,0.0,True,learned_prefer
create letter requesting updated plan,term for submitting updated plan,0,1,0.0,11.1,2.111,1.078,0.0,True,learned_prefer
send continuation letter,procedure change,0,1,0.0,11.1,2.111,1.078,0.0,True,learned_prefer
phase draft decision sent,phase updated plan received,0,4,0.0,14.3,2.111,1.078,0.0,True,learned_prefer
create letter requesting updated plan,procedure change after completeness,0,1,0.0,11.1,2.111,1.078,0.0,True,learned_prefer
create letter requesting updated plan,create subcases content,0,1,0.0,11.1,2.111,1.078,0.0,True,learned_prefer
create letter requesting updated plan,extend procedure term,0,1,0.0,11.1,2.111,1.078,0.0,True,learned_prefer
create letter requesting updated plan,phase advice known,0,1,0.0,11.1,2.111,1.078,0.0,True,learned_prefer
send continuation letter,treat subcases content,0,1,0.0,11.1,2.111,1.078,0.0,True,learned_prefer
transcript decision environmental permit to stakeholders,creating environmental permit decision,0,1,0.0,0.7,2.101,1.071,0.0,True,learned_prefer
transcript decision environmental permit to stakeholders,set decision phase decision permitting decided,0,1,0.0,0.7,2.101,1.071,0.0,True,learned_prefer
transcript decision environmental permit to stakeholders,record date of decision environmental permit,0,1,0.0,0.7,2.101,1.071,0.0,True,learned_prefer
transcript decision environmental permit to stakeholders,enter senddate procedure confirmation,0,1,0.0,0.7,2.101,1.071,0.0,True,learned_prefer
transcript decision environmental permit to stakeholders,close case,0,1,0.0,0.7,2.101,1.071,0.0,True,learned_prefer
transcript decision environmental permit to stakeholders,message change status,0,1,0.0,0.7,2.101,1.071,0.0,True,learned_prefer
transcript decision environmental permit to stakeholders,phase additional information received,0,1,0.0,0.7,2.101,1.071,0.0,True,learned_prefer
transcript decision environmental permit to stakeholders,continue or abort mutation BAG objects,0,1,0.0,0.7,2.101,1.071,0.0,True,learned_prefer
transcript decision environmental permit to stakeholders,create monitoring case,0,1,0.0,0.7,2.101,1.071,0.0,True,learned_prefer
transcript decision environmental permit to stakeholders,appeal logded,0,1,0.0,0.7,2.101,1.071,0.0,True,learned_prefer
transcript decision environmental permit to stakeholders,transcript decision environmental permit to stakeholders,0,1,0.0,0.7,2.101,1.071,0.0,True,learned_prefer
transcript decision environmental permit to stakeholders,stop all running subcases 2b,0,1,0.0,0.7,2.101,1.071,0.0,True,learned_prefer
transcript decision environmental permit to stakeholders,subcases reassessment plan completed,0,1,0.0,0.7,2.101,1.071,0.0,True,learned_prefer
transcript decision environmental permit to stakeholders,assessment of content completed,0,1,0.0,0.7,2.101,1.071,0.0,True,learned_prefer
transcript decision environmental permit to stakeholders,enter date publication decision environmental permit,0,1,0.0,0.7,2.101,1.071,0.0,True,learned_prefer
MER present,regular procedure without MER,0,5,0.0,14.7,2.091,1.064,0.0,True,learned_prefer
MER present,phased application,0,5,0.0,14.7,2.091,1.064,0.0,True,learned_prefer
decided on draft decision environmental permit,create draft environtmental permit,0,2,0.0,13.3,2.067,1.047,0.0,True,learned_prefer
decided on draft decision environmental permit,WAW permit aspect,0,2,0.0,13.3,2.067,1.047,0.0,True,learned_prefer
detailed procedure applies,phase application receptive,0,2,0.0,13.3,2.067,1.047,0.0,True,learned_prefer
create continuation letter,phase procedure term resumed,0,1,0.0,6.7,2.067,1.047,0.0,True,learned_prefer
create continuation letter,procedure change after completeness,0,1,0.0,6.7,2.067,1.047,0.0,True,learned_prefer
enter senddate acknowledgement,reception through OLO,0,2,0.0,1.6,2.056,1.04,0.0,True,learned_prefer
enter senddate acknowledgement,registrer date of publishing received request,0,2,0.0,1.6,2.056,1.04,0.0,True,learned_prefer
enter senddate acknowledgement,treat subcases completeness,0,2,0.0,1.6,2.056,1.04,0.0,True,learned_prefer
enter senddate acknowledgement,set decision phase decision permitting decided,0,2,0.0,1.6,2.056,1.04,0.0,True,learned_prefer
enter senddate acknowledgement,registration date publication,0,2,0.0,1.6,2.056,1.04,0.0,True,learned_prefer
enter senddate acknowledgement,register submission date request,0,2,0.0,1.6,2.056,1.04,0.0,True,learned_prefer
enter senddate acknowledgement,request complete,0,2,0.0,1.6,2.056,1.04,0.0,True,learned_prefer
enter senddate acknowledgement,investigate BAG objects,0,2,0.0,1.6,2.056,1.04,0.0,True,learned_prefer
enter senddate acknowledgement,inform BAG administrator,0,2,0.0,1.6,2.056,1.04,0.0,True,learned_prefer
enter senddate acknowledgement,record date of decision no permit required,0,2,0.0,1.6,2.056,1.04,0.0,True,learned_prefer
enter senddate acknowledgement,MER required,0,2,0.0,1.6,2.056,1.04,0.0,True,learned_prefer
enter senddate acknowledgement,suspend term,0,2,0.0,1.6,2.056,1.04,0.0,True,learned_prefer
enter senddate acknowledgement,start date suspension competent authority,0,2,0.0,1.6,2.056,1.04,0.0,True,learned_prefer
enter senddate acknowledgement,retrieve missing data,0,2,0.0,1.6,2.056,1.04,0.0,True,learned_prefer
enter senddate acknowledgement,enter date termination request received,0,2,0.0,1.6,2.056,1.04,0.0,True,learned_prefer
enter senddate acknowledgement,OLO messaging active,0,2,0.0,1.6,2.056,1.04,0.0,True,learned_prefer
enter senddate acknowledgement,extend procedure term,0,2,0.0,1.6,2.056,1.04,0.0,True,learned_prefer
enter senddate acknowledgement,article 34  WABO applies,0,2,0.0,1.6,2.056,1.04,0.0,True,learned_prefer
enter senddate request termination,request updated plan,0,3,0.0,14.3,2.048,1.034,0.0,True,learned_prefer
enter senddate request termination,register deadline,0,3,0.0,14.3,2.048,1.034,0.0,True,learned_prefer
phase activity no permit required,objection decision no permit required received,0,3,0.0,14.3,2.048,1.034,0.0,True,learned_prefer
phase activity no permit required,creating environmental permit decision,0,3,0.0,14.3,2.048,1.034,0.0,True,learned_prefer
set decision phase suspension decided,OLO messaging active,0,3,0.0,8.8,1.971,0.979,0.0,True,neutral
set decision phase suspension decided,enter senddate decision suspension,0,3,0.0,8.8,1.971,0.979,0.0,True,neutral
set decision phase suspension decided,forward to the competent authority,0,3,0.0,8.8,1.971,0.979,0.0,True,neutral
create procedure confirmation,initiative competent authority,0,1,0.0,1.0,1.97,0.978,0.0,True,neutral
create procedure confirmation,procedure change,0,1,0.0,1.0,1.97,0.978,0.0,True,neutral
create procedure confirmation,publish,0,1,0.0,1.0,1.97,0.978,0.0,True,neutral
create procedure confirmation,enter senddate decision procedure term extension,0,1,0.0,1.0,1.97,0.978,0.0,True,neutral
create procedure confirmation,enter enddate suspension art. 33 WABO,0,1,0.0,1.0,1.97,0.978,0.0,True,neutral
create procedure confirmation,phase application receptive,0,1,0.0,1.0,1.97,0.978,0.0,True,neutral
create procedure confirmation,registration date publication,0,1,0.0,1.0,1.97,0.978,0.0,True,neutral
create procedure confirmation,set decision status,0,1,0.0,1.0,1.97,0.978,0.0,True,neutral
create procedure confirmation,start decision phase permanent suspension sent,0,1,0.0,1.0,1.97,0.978,0.0,True,neutral
create procedure confirmation,no permit needed or only notification needed,0,1,0.0,1.0,1.97,0.978,0.0,True,neutral
create procedure confirmation,phase additional information received,0,1,0.0,1.0,1.97,0.978,0.0,True,neutral
create procedure confirmation,phase application received,0,1,0.0,1.0,1.97,0.978,0.0,True,neutral
create procedure confirmation,subcases completeness completed,0,1,0.0,1.0,1.97,0.978,0.0,True,neutral
create procedure confirmation,creating cover letter decision,0,1,0.0,1.0,1.97,0.978,0.0,True,neutral
create procedure confirmation,date draft decision for inspection,0,1,0.0,1.0,1.97,0.978,0.0,True,neutral
create procedure confirmation,create subcases content,0,1,0.0,1.0,1.97,0.978,0.0,True,neutral
create procedure confirmation,creating environmental permit decision,0,1,0.0,1.0,1.97,0.978,0.0,True,neutral
create procedure confirmation,send letter in progress,0,1,0.0,1.0,1.97,0.978,0.0,True,neutral
publication date draft decision,date draft decision for inspection,0,4,0.0,15.4,1.963,0.973,0.0,True,neutral
set decision status,phase decision suspended,0,2,0.0,0.8,1.957,0.969,0.0,True,neutral
set decision status,phase updated plan requested,0,2,0.0,0.8,1.957,0.969,0.0,True,neutral
set decision status,phase concept draft decision ready,0,2,0.0,0.8,1.957,0.969,0.0,True,neutral
set decision status,create decision procedure term extension,0,2,0.0,0.8,1.957,0.969,0.0,True,neutral
set decision status,enter date draft decisionenvironmental permit,0,2,0.0,0.8,1.957,0.969,0.0,True,neutral
set decision status,send procedure confirmation,0,2,0.0,0.8,1.957,0.969,0.0,True,neutral
set decision status,set decision status,0,2,0.0,0.8,1.957,0.969,0.0,True,neutral
set decision status,decision keep permanently suspended,0,2,0.0,0.8,1.957,0.969,0.0,True,neutral
set decision status,send letter in progress,0,2,0.0,0.8,1.957,0.969,0.0,True,neutral
set decision status,creating cover letter no permit required,0,2,0.0,0.8,1.957,0.969,0.0,True,neutral
set decision status,assessment of content completed,0,2,0.0,0.8,1.957,0.969,0.0,True,neutral
set decision status,phase additional information received,0,2,0.0,0.8,1.957,0.969,0.0,True,neutral
set decision status,phase advice known,0,2,0.0,0.8,1.957,0.969,0.0,True,neutral
set decision status,phase permanently suspended,0,2,0.0,0.8,1.957,0.969,0.0,True,neutral
set decision status,entering senddate draft decision environmental permit,0,2,0.0,0.8,1.957,0.969,0.0,True,neutral
set decision status,start decision phase decision permitting sent,0,2,0.0,0.8,1.957,0.969,0.0,True,neutral
set decision status,create monitoring case,0,2,0.0,0.8,1.957,0.969,0.0,True,neutral
set decision status,send decision suspension,0,2,0.0,0.8,1.957,0.969,0.0,True,neutral
set decision status,request updated plan,0,2,0.0,0.8,1.957,0.969,0.0,True,neutral
set decision status,phase procedure resumed,0,2,0.0,0.8,1.957,0.969,0.0,True,neutral
set decision status,create publication document,0,2,0.0,0.8,1.957,0.969,0.0,True,neutral
set decision status,enter date advice on treatment of environmental permit,0,2,0.0,0.8,1.957,0.969,0.0,True,neutral
set decision status,enter publication date draft decision,0,2,0.0,0.8,1.957,0.969,0.0,True,neutral
set decision status,close case,0,2,0.0,0.8,1.957,0.969,0.0,True,neutral
set decision status,enter senddate decision environmental permit,0,2,0.0,0.8,1.957,0.969,0.0,True,neutral
set decision status,record date of decision no permit required,0,2,0.0,0.8,1.957,0.969,0.0,True,neutral
set decision status,phase draft decision made,0,2,0.0,0.8,1.957,0.969,0.0,True,neutral
set decision status,read publication date field,0,2,0.0,0.8,1.957,0.969,0.0,True,neutral
set decision status,phase perspective submitted,0,2,0.0,0.8,1.957,0.969,0.0,True,neutral
set decision status,phase procedure term resumed,0,2,0.0,0.8,1.957,0.969,0.0,True,neutral
set decision status,phase procedure extended,0,2,0.0,0.8,1.957,0.969,0.0,True,neutral
set decision status,treat subcases completeness,0,2,0.0,0.8,1.957,0.969,0.0,True,neutral
set decision status,publish official draft decision,0,2,0.0,0.8,1.957,0.969,0.0,True,neutral
set decision status,start decisionphase draft decision - permitting decided,0,2,0.0,0.8,1.957,0.969,0.0,True,neutral
keep permanently suspended,start decision phase permanently suspended decided,0,3,0.0,15.0,1.952,0.965,0.0,True,neutral
subcase final VVGB completed,VVGB positive,0,3,0.0,15.0,1.952,0.965,0.0,True,neutral
stop suspended completeness subcases,treat subcases completeness,0,3,0.0,15.0,1.952,0.965,0.0,True,neutral
subcase final VVGB completed,treat subcase perspective,0,3,0.0,15.0,1.952,0.965,0.0,True,neutral
request complete,assessment of content completed,0,2,0.0,1.2,1.937,0.954,0.0,True,neutral
request complete,phase application receptive,0,2,0.0,1.2,1.937,0.954,0.0,True,neutral
request complete,transcript decision environmental permit to stakeholders,0,2,0.0,1.2,1.937,0.954,0.0,True,neutral
request complete,terminate on request,0,2,0.0,1.2,1.937,0.954,0.0,True,neutral
request complete,procedure change after completeness,0,2,0.0,1.2,1.937,0.954,0.0,True,neutral
request complete,create publication document,0,2,0.0,1.2,1.937,0.954,0.0,True,neutral
request complete,decision date prior to decision,0,2,0.0,1.2,1.937,0.954,0.0,True,neutral
request complete,received OLO documents,0,2,0.0,1.2,1.937,0.954,0.0,True,neutral
request complete,enrich draft decision,0,2,0.0,1.2,1.937,0.954,0.0,True,neutral
request complete,creating environmental permit decision,0,2,0.0,1.2,1.937,0.954,0.0,True,neutral
request complete,create subcases content,0,2,0.0,1.2,1.937,0.954,0.0,True,neutral
request complete,enter senddate decision environmental permit,0,2,0.0,1.2,1.937,0.954,0.0,True,neutral
request complete,MER present in supplement,0,2,0.0,1.2,1.937,0.954,0.0,True,neutral
request complete,register number of days extension period,0,2,0.0,1.2,1.937,0.954,0.0,True,neutral
request complete,treat subcases content,0,2,0.0,1.2,1.937,0.954,0.0,True,neutral
request complete,send letter in progress,0,2,0.0,1.2,1.937,0.954,0.0,True,neutral
request complete,start decision phase extension granted,0,2,0.0,1.2,1.937,0.954,0.0,True,neutral
objection to extension procedure term receptive,register date environmental permit decision,0,2,0.0,14.3,1.933,0.951,0.0,True,neutral
objection to extension procedure term receptive,terminate on request,0,2,0.0,14.3,1.933,0.951,0.0,True,neutral
objection to extension procedure term receptive,activities regular procedure,0,2,0.0,14.3,1.933,0.951,0.0,True,neutral
objection to extension procedure term receptive,decision extension procedure term irrevocable,0,2,0.0,14.3,1.933,0.951,0.0,True,neutral
objection to extension procedure term receptive,registrer date of publishing received request,0,2,0.0,14.3,1.933,0.951,0.0,True,neutral
treat subcases present decision,enrich decision,0,2,0.0,14.3,1.933,0.951,0.0,True,neutral
application submitted through OLO,applicant is stakeholder,0,2,0.0,14.3,1.933,0.951,0.0,True,neutral
enter senddate updated plan,creating cover letter decision,0,4,0.0,9.3,1.933,0.951,0.0,True,neutral
set decision phase no permit required decided,send confirmation receipt,0,2,0.0,14.3,1.933,0.951,0.0,True,neutral
set decision phase decision no permit required sent,close case,0,2,0.0,14.3,1.933,0.951,0.0,True,neutral
set decision phase decision no permit required sent,registration date publication,0,2,0.0,14.3,1.933,0.951,0.0,True,neutral
set decision phase no permit required decided,phase archived case,0,2,0.0,14.3,1.933,0.951,0.0,True,neutral
enter senddate updated plan,reason for suspension found,0,4,0.0,9.3,1.933,0.951,0.0,True,neutral
enter senddate updated plan,register receipt updated plan,0,4,0.0,9.3,1.933,0.951,0.0,True,neutral
treat subcases present decision,register objection and appeal periods,0,2,0.0,14.3,1.933,0.951,0.0,True,neutral
treat subcases present decision,phase decision ready,0,2,0.0,14.3,1.933,0.951,0.0,True,neutral
enter senddate updated plan,set decision phase decision permitting decided,0,4,0.0,9.3,1.933,0.951,0.0,True,neutral
set decision phase no permit required decided,generate letter no permit required,0,2,0.0,14.3,1.933,0.951,0.0,True,neutral
enrich decision,treat subcases content,0,1,0.0,12.5,1.889,0.918,0.0,True,neutral
request for preliminary injunction received,appeal subcase completed,0,4,0.0,16.0,1.889,0.918,0.0,True,neutral
subcase art. 35 WABO completed,creating decision suspension art. 33 WABO,0,1,0.0,12.5,1.889,0.918,0.0,True,neutral
enrich decision,send confirmation receipt additional data,0,1,0.0,12.5,1.889,0.918,0.0,True,neutral
record date of decision no permit required,OLO messaging active,0,4,0.0,16.0,1.889,0.918,0.0,True,neutral
record date of decision no permit required,generating decision no permit required,0,4,0.0,16.0,1.889,0.918,0.0,True,neutral
subcase WAW completed,treat subcases completeness,0,1,0.0,12.5,1.889,0.918,0.0,True,neutral
subcase WAW completed,treat subcases content,0,1,0.0,12.5,1.889,0.918,0.0,True,neutral
enrich decision,register objection and appeal periods,0,1,0.0,12.5,1.889,0.918,0.0,True,neutral
enrich decision,phase concept decision ready,0,1,0.0,12.5,1.889,0.918,0.0,True,neutral
appeal subcase completed,request for preliminary injunction received,0,1,0.0,12.5,1.889,0.918,0.0,True,neutral
appeal subcase completed,phase appeal lodged,0,1,0.0,12.5,1.889,0.918,0.0,True,neutral
process received advice,retrieve missing data,0,1,0.0,12.5,1.889,0.918,0.0,True,neutral
partly permit,create draft environtmental permit,0,1,0.0,12.5,1.889,0.918,0.0,True,neutral
partly permit,ask stakeholders views,0,1,0.0,12.5,1.889,0.918,0.0,True,neutral
partly permit,extend procedure term,0,1,0.0,12.5,1.889,0.918,0.0,True,neutral
coordination of application,create coordination confirmation,0,1,0.0,4.0,1.889,0.918,0.0,True,neutral
coordination of application,suspend term,0,1,0.0,4.0,1.889,0.918,0.0,True,neutral
coordination of application,request complete,0,1,0.0,4.0,1.889,0.918,0.0,True,neutral
coordination of application,enter senddate draft decision,0,1,0.0,4.0,1.889,0.918,0.0,True,neutral
enter enddate of suspension,phase procedure resumed,0,4,0.0,16.0,1.889,0.918,0.0,True,neutral
create subcases present decision,treat subcases present decision,0,1,0.0,12.5,1.889,0.918,0.0,True,neutral
subcase WAW completed,subcases completeness completed,0,1,0.0,12.5,1.889,0.918,0.0,True,neutral
create subcases present decision,phase concept decision ready,0,1,0.0,12.5,1.889,0.918,0.0,True,neutral
enter enddate of suspension,record date of decision environmental permit,0,4,0.0,16.0,1.889,0.918,0.0,True,neutral
appeal subcase completed,treat appeal subcase,0,1,0.0,12.5,1.889,0.918,0.0,True,neutral
contested decision affected,read publication date field,0,1,0.0,12.5,1.889,0.918,0.0,True,neutral
subcase art. 35 WABO completed,enter date decision suspension,0,1,0.0,12.5,1.889,0.918,0.0,True,neutral
coordination of application,create subcases completeness,0,1,0.0,4.0,1.889,0.918,0.0,True,neutral
contested decision affected,generating decision environmental permit,0,1,0.0,12.5,1.889,0.918,0.0,True,neutral
contested decision affected,close case,0,1,0.0,12.5,1.889,0.918,0.0,True,neutral
coordination of application,create continuation letter,0,1,0.0,4.0,1.889,0.918,0.0,True,neutral
process received advice,received OLO documents,0,1,0.0,12.5,1.889,0.918,0.0,True,neutral
date continuation term to decision,create subcases completeness,0,3,0.0,15.8,1.857,0.893,0.0,True,neutral
term for submitting updated plan,updated plan received,0,3,0.0,15.8,1.857,0.893,0.0,True,neutral
term for submitting updated plan,enter senddate updated plan,0,3,0.0,15.8,1.857,0.893,0.0,True,neutral
enter date decision suspension,refusal after suspension,0,5,0.0,16.7,1.848,0.886,0.0,True,neutral
generating decision environmental permit,enter senddate procedure confirmation,0,3,0.0,1.7,1.836,0.877,0.0,True,neutral
generating decision environmental permit,start decision phase decision permitting sent,0,3,0.0,1.7,1.836,0.877,0.0,True,neutral
generating decision environmental permit,start decisionphase draft decision - permitting decided,0,3,0.0,1.7,1.836,0.877,0.0,True,neutral
generating decision environmental permit,enter senddate request termination,0,3,0.0,1.7,1.836,0.877,0.0,True,neutral
generating decision environmental permit,generating decision environmental permit,0,3,0.0,1.7,1.836,0.877,0.0,True,neutral
generating decision environmental permit,phase draft decision made,0,3,0.0,1.7,1.836,0.877,0.0,True,neutral
generating decision environmental permit,subcase designation GS completed,0,3,0.0,1.7,1.836,0.877,0.0,True,neutral
generating decision environmental permit,creating cover letter decision,0,3,0.0,1.7,1.836,0.877,0.0,True,neutral
generating decision environmental permit,close case,0,3,0.0,1.7,1.836,0.877,0.0,True,neutral
generating decision environmental permit,creating environmental permit decision,0,3,0.0,1.7,1.836,0.877,0.0,True,neutral
generating decision environmental permit,enter senddate acknowledgement,0,3,0.0,1.7,1.836,0.877,0.0,True,neutral
generating decision environmental permit,phase concept decision ready,0,3,0.0,1.7,1.836,0.877,0.0,True,neutral
generating decision environmental permit,generate publication document decision environmental permit,0,3,0.0,1.7,1.836,0.877,0.0,True,neutral
generating decision environmental permit,treat subcase suspension art. 33 WABO,0,3,0.0,1.7,1.836,0.877,0.0,True,neutral
generating decision environmental permit,transcript decision environmental permit to stakeholders,0,3,0.0,1.7,1.836,0.877,0.0,True,neutral
generating decision environmental permit,phase asked additional information,0,3,0.0,1.7,1.836,0.877,0.0,True,neutral
generating decision environmental permit,phase decision sent,0,3,0.0,1.7,1.836,0.877,0.0,True,neutral
treat subcase final VVGB,perspective from GS or VROM received,0,4,0.0,16.7,1.815,0.86,0.0,True,neutral
decision procedure term extension,grounds for refusal,0,4,0.0,16.7,1.815,0.86,0.0,True,neutral
treat subcase final VVGB,phase perspective submitted,0,4,0.0,16.7,1.815,0.86,0.0,True,neutral
decision procedure term extension,registrer date of publishing received request,0,4,0.0,16.7,1.815,0.86,0.0,True,neutral
enter senddate decision,generate draft decision environmental permit,0,1,0.0,1.1,1.808,0.854,0.0,True,neutral
enter senddate decision,subcases completeness completed,0,1,0.0,1.1,1.808,0.854,0.0,True,neutral
enter senddate decision,set decision status,0,1,0.0,1.1,1.808,0.854,0.0,True,neutral
enter senddate decision,registration date publication,0,1,0.0,1.1,1.808,0.854,0.0,True,neutral
enter senddate decision,phase concept decision ready,0,1,0.0,1.1,1.808,0.854,0.0,True,neutral
enter senddate decision,phase case handled,0,1,0.0,1.1,1.808,0.854,0.0,True,neutral
enter senddate decision,received OLO documents,0,1,0.0,1.1,1.808,0.854,0.0,True,neutral
enter senddate decision,register date environmental permit decision,0,1,0.0,1.1,1.808,0.854,0.0,True,neutral
enter senddate decision,enter publication date draft decision,0,1,0.0,1.1,1.808,0.854,0.0,True,neutral
enter senddate decision,OLO messaging active,0,1,0.0,1.1,1.808,0.854,0.0,True,neutral
enter senddate decision,objection lodged against decision,0,1,0.0,1.1,1.808,0.854,0.0,True,neutral
enter senddate decision,phase application receptive,0,1,0.0,1.1,1.808,0.854,0.0,True,neutral
enter senddate decision,continue or abort mutation BAG objects,0,1,0.0,1.1,1.808,0.854,0.0,True,neutral
enter senddate decision,close case,0,1,0.0,1.1,1.808,0.854,0.0,True,neutral
enter senddate decision,register objection and appeal periods,0,1,0.0,1.1,1.808,0.854,0.0,True,neutral
enter senddate decision,treat subcases content,0,1,0.0,1.1,1.808,0.854,0.0,True,neutral
enter senddate confirmation request,register submission date request,0,2,0.0,15.4,1.8,0.848,0.0,True,neutral
enter senddate confirmation request,enter senddate procedure confirmation,0,2,0.0,15.4,1.8,0.848,0.0,True,neutral
enter senddate letter to competent authority,enter senddate letter to competent authority,0,2,0.0,15.4,1.8,0.848,0.0,True,neutral
register suspension by competent authority,suspend term,0,2,0.0,15.4,1.8,0.848,0.0,True,neutral
send message OLO-status in progress,send letter in progress,0,2,0.0,15.4,1.8,0.848,0.0,True,neutral
send message OLO-status in progress,phase application receptive,0,2,0.0,15.4,1.8,0.848,0.0,True,neutral
enrich draft decision environmental permit,transcript decision environmental permit to stakeholders,0,2,0.0,15.4,1.8,0.848,0.0,True,neutral
enter senddate confirmation request,suspend term,0,2,0.0,15.4,1.8,0.848,0.0,True,neutral
enrich draft decision environmental permit,generating decision environmental permit,0,2,0.0,15.4,1.8,0.848,0.0,True,neutral
enrich draft decision environmental permit,phase draft decision made,0,2,0.0,15.4,1.8,0.848,0.0,True,neutral
create decision no permit required,generate letter no permit required,0,5,0.0,17.2,1.788,0.838,0.0,True,neutral
assessment of content completed,extend procedure term,0,1,0.0,0.6,1.776,0.829,0.0,True,neutral
assessment of content completed,phase updated plan requested,0,1,0.0,0.6,1.776,0.829,0.0,True,neutral
assessment of content completed,generate draft decision environmental permit,0,1,0.0,0.6,1.776,0.829,0.0,True,neutral
assessment of content completed,set decision phase: draft decision permitted sent,0,1,0.0,0.6,1.776,0.829,0.0,True,neutral
assessment of content completed,register deadline,0,1,0.0,0.6,1.776,0.829,0.0,True,neutral
assessment of content completed,enter senddate acknowledgement,0,1,0.0,0.6,1.776,0.829,0.0,True,neutral
assessment of content completed,enter senddate decision,0,1,0.0,0.6,1.776,0.829,0.0,True,neutral
assessment of content completed,creating cover letter decision,1,4,3.3,2.5,1.776,0.829,-0.013,True,neutral
assessment of content completed,enter receipt of additional data,0,1,0.0,0.6,1.776,0.829,0.0,True,neutral
assessment of content completed,coordination of application,0,1,0.0,0.6,1.776,0.829,0.0,True,neutral
assessment of content completed,message change status,0,1,0.0,0.6,1.776,0.829,0.0,True,neutral
assessment of content completed,enter date publication decision environmental permit,0,1,0.0,0.6,1.776,0.829,0.0,True,neutral
assessment of content completed,enrich decision,0,1,0.0,0.6,1.776,0.829,0.0,True,neutral
assessment of content completed,treat subcase suspension art. 33 WABO,0,1,0.0,0.6,1.776,0.829,0.0,True,neutral
assessment of content completed,suspend term,0,1,0.0,0.6,1.776,0.829,0.0,True,neutral
assessment of content completed,received OLO documents,0,1,0.0,0.6,1.776,0.829,0.0,True,neutral
assessment of content completed,subcase art. 33 WABO completed,0,1,0.0,0.6,1.776,0.829,0.0,True,neutral
assessment of content completed,enter senddate decision environmental permit,0,1,0.0,0.6,1.776,0.829,0.0,True,neutral
assessment of content completed,generating decision no permit required,0,1,0.0,0.6,1.776,0.829,0.0,True,neutral
assessment of content completed,generating decision environmental permit,0,1,0.0,0.6,1.776,0.829,0.0,True,neutral
assessment of content completed,phase draft decision ready,0,1,0.0,0.6,1.776,0.829,0.0,True,neutral
assessment of content completed,regular procedure applies,0,1,0.0,0.6,1.776,0.829,0.0,True,neutral
assessment of content completed,register date environmental permit decision,0,1,0.0,0.6,1.776,0.829,0.0,True,neutral
assessment of content completed,send design decision to stakeholders,0,1,0.0,0.6,1.776,0.829,0.0,True,neutral
assessment of content completed,treat subcases completeness,0,1,0.0,0.6,1.776,0.829,0.0,True,neutral
assessment of content completed,enter enddate of suspension,0,1,0.0,0.6,1.776,0.829,0.0,True,neutral
assessment of content completed,register number of days extension period,0,1,0.0,0.6,1.776,0.829,0.0,True,neutral
assessment of content completed,read field phased application,0,1,0.0,0.6,1.776,0.829,0.0,True,neutral
send letter in progress,publish,0,5,0.0,5.7,1.768,0.822,0.0,True,neutral
creating cover letter no permit required,applicant is stakeholder,0,3,0.0,16.7,1.762,0.817,0.0,True,neutral
creating cover letter no permit required,phase activity no permit required,0,3,0.0,16.7,1.762,0.817,0.0,True,neutral
generate letter no permit required,phase activity no permit required,0,3,0.0,16.7,1.762,0.817,0.0,True,neutral
perspective regarding draft founded,read publication date field,0,3,0.0,16.7,1.762,0.817,0.0,True,neutral
phase advice known,subcase art. 33 WABO completed,0,2,0.0,0.9,1.761,0.816,0.0,True,neutral
phase advice known,register objection and appeal periods,0,2,0.0,0.9,1.761,0.816,0.0,True,neutral
phase advice known,send confirmation receipt,0,2,0.0,0.9,1.761,0.816,0.0,True,neutral
phase advice known,start decisionphase draft decision - permitting decided,0,2,0.0,0.9,1.761,0.816,0.0,True,neutral
phase advice known,terminate on request,0,2,0.0,0.9,1.761,0.816,0.0,True,neutral
phase advice known,phase procedure term suspended,0,2,0.0,0.9,1.761,0.816,0.0,True,neutral
phase advice known,publish official draft decision,0,2,0.0,0.9,1.761,0.816,0.0,True,neutral
phase advice known,read publication date field,0,2,0.0,0.9,1.761,0.816,0.0,True,neutral
phase advice known,phase procedure term resumed,0,2,0.0,0.9,1.761,0.816,0.0,True,neutral
phase advice known,inform BAG administrator,0,2,0.0,0.9,1.761,0.816,0.0,True,neutral
phase advice known,extend procedure term,0,2,0.0,0.9,1.761,0.816,0.0,True,neutral
phase advice known,grounds for refusal,0,2,0.0,0.9,1.761,0.816,0.0,True,neutral
phase advice known,suspension ground applicable,0,2,0.0,0.9,1.761,0.816,0.0,True,neutral
phase advice known,submit draft decision,0,2,0.0,0.9,1.761,0.816,0.0,True,neutral
phase advice known,submit decision,0,2,0.0,0.9,1.761,0.816,0.0,True,neutral
phase advice known,subcases completeness completed,0,2,0.0,0.9,1.761,0.816,0.0,True,neutral
phase advice known,phase additional information received,0,2,0.0,0.9,1.761,0.816,0.0,True,neutral
phase advice known,phase application receptive,0,2,0.0,0.9,1.761,0.816,0.0,True,neutral
phase advice known,phase concept decision ready,0,2,0.0,0.9,1.761,0.816,0.0,True,neutral
phase advice known,phase decision ready,0,2,0.0,0.9,1.761,0.816,0.0,True,neutral
phase advice known,calculate final charges,0,2,0.0,0.9,1.761,0.816,0.0,True,neutral
phase advice known,create decision procedure term extension,0,2,0.0,0.9,1.761,0.816,0.0,True,neutral
phase advice known,completed subcases content,0,2,0.0,0.9,1.761,0.816,0.0,True,neutral
phase advice known,message change status,0,2,0.0,0.9,1.761,0.816,0.0,True,neutral
phase advice known,creating environmental permit decision,0,2,0.0,0.9,1.761,0.816,0.0,True,neutral
phase advice known,by law,0,2,0.0,0.9,1.761,0.816,0.0,True,neutral
phase advice known,determine cause for suspension article 34 WABO,0,2,0.0,0.9,1.761,0.816,0.0,True,neutral
phase advice known,enter date advice on treatment of environmental permit,0,2,0.0,0.9,1.761,0.816,0.0,True,neutral
phase advice known,creating decision suspension art. 33 WABO,0,2,0.0,0.9,1.761,0.816,0.0,True,neutral
phase advice known,creating decision procedure term extension,0,2,0.0,0.9,1.761,0.816,0.0,True,neutral
phase advice known,enter date decision suspension,0,2,0.0,0.9,1.761,0.816,0.0,True,neutral
phase advice known,enter senddate decision,0,2,0.0,0.9,1.761,0.816,0.0,True,neutral
phase advice known,enter senddate decision suspension,0,2,0.0,0.9,1.761,0.816,0.0,True,neutral
phase advice known,enter senddate retrieve missing data,0,2,0.0,0.9,1.761,0.816,0.0,True,neutral
phase advice known,enter senddate updated plan,0,2,0.0,0.9,1.761,0.816,0.0,True,neutral
phase advice known,enter senddate procedure confirmation,0,2,0.0,0.9,1.761,0.816,0.0,True,neutral
phase concept draft decision ready,phase decision taken,0,1,0.0,1.2,1.747,0.805,0.0,True,neutral
phase concept draft decision ready,phase decision sent,0,1,0.0,1.2,1.747,0.805,0.0,True,neutral
phase concept draft decision ready,publish official draft decision,0,1,0.0,1.2,1.747,0.805,0.0,True,neutral
phase concept draft decision ready,register deadline,0,1,0.0,1.2,1.747,0.805,0.0,True,neutral
phase concept draft decision ready,register date environmental permit decision,0,1,0.0,1.2,1.747,0.805,0.0,True,neutral
phase concept draft decision ready,start WABOprocedure,0,1,0.0,1.2,1.747,0.805,0.0,True,neutral
phase concept draft decision ready,set decision phase: draft decision permitted sent,0,1,0.0,1.2,1.747,0.805,0.0,True,neutral
phase concept draft decision ready,start decisionphase draft decision - permitting decided,0,1,0.0,1.2,1.747,0.805,0.0,True,neutral
phase concept draft decision ready,enter publication date draft decision,0,1,0.0,1.2,1.747,0.805,0.0,True,neutral
phase concept draft decision ready,generate draft decision environmental permit,0,1,0.0,1.2,1.747,0.805,0.0,True,neutral
phase concept draft decision ready,phase decision ready,0,1,0.0,1.2,1.747,0.805,0.0,True,neutral
phase concept draft decision ready,phase additional information received,0,1,0.0,1.2,1.747,0.805,0.0,True,neutral
phase concept draft decision ready,no permit needed or only notification needed,0,1,0.0,1.2,1.747,0.805,0.0,True,neutral
phase concept draft decision ready,set decision phase decision permitting decided,0,1,0.0,1.2,1.747,0.805,0.0,True,neutral
phase concept draft decision ready,enter senddate draft decision,0,1,0.0,1.2,1.747,0.805,0.0,True,neutral
phase concept draft decision ready,resume completeness subcases,0,1,0.0,1.2,1.747,0.805,0.0,True,neutral
enter senddate letter no permit required,generate letter no permit required,0,2,0.0,6.7,1.743,0.801,0.0,True,neutral
enter senddate letter no permit required,set decision phase no permit required decided,0,2,0.0,6.7,1.743,0.801,0.0,True,neutral
enter senddate letter no permit required,enter senddate letter no permit required,0,2,0.0,6.7,1.743,0.801,0.0,True,neutral
enter senddate letter no permit required,objection decision no permit required received,0,2,0.0,6.7,1.743,0.801,0.0,True,neutral
message terminate request,stop all running subcases 2b,0,4,0.0,17.4,1.741,0.8,0.0,True,neutral
send procedure confirmation,start WABOprocedure,0,2,0.0,1.4,1.703,0.768,0.0,True,neutral
send procedure confirmation,reception through OLO,0,2,0.0,1.4,1.703,0.768,0.0,True,neutral
send procedure confirmation,start decision phase extension granted,0,2,0.0,1.4,1.703,0.768,0.0,True,neutral
send procedure confirmation,assessment of content completed,0,2,0.0,1.4,1.703,0.768,0.0,True,neutral
send procedure confirmation,stop all running subcases 2b,0,2,0.0,1.4,1.703,0.768,0.0,True,neutral
send procedure confirmation,received OLO documents,0,2,0.0,1.4,1.703,0.768,0.0,True,neutral
send procedure confirmation,phase draft decision made,0,2,0.0,1.4,1.703,0.768,0.0,True,neutral
send procedure confirmation,publish,0,2,0.0,1.4,1.703,0.768,0.0,True,neutral
send procedure confirmation,register number of days extension period,0,2,0.0,1.4,1.703,0.768,0.0,True,neutral
send procedure confirmation,record date of decision no permit required,0,2,0.0,1.4,1.703,0.768,0.0,True,neutral
send procedure confirmation,register deadline,0,2,0.0,1.4,1.703,0.768,0.0,True,neutral
send procedure confirmation,start decision phase decision permitting sent,0,2,0.0,1.4,1.703,0.768,0.0,True,neutral
send procedure confirmation,activities regular procedure,0,2,0.0,1.4,1.703,0.768,0.0,True,neutral
send procedure confirmation,article 34  WABO applies,0,2,0.0,1.4,1.703,0.768,0.0,True,neutral
send procedure confirmation,set decision status,0,2,0.0,1.4,1.703,0.768,0.0,True,neutral
send procedure confirmation,transcript decision environmental permit to stakeholders,0,2,0.0,1.4,1.703,0.768,0.0,True,neutral
send procedure confirmation,environmental permit irrevocable,0,2,0.0,1.4,1.703,0.768,0.0,True,neutral
send procedure confirmation,enter senddate draft decision,0,2,0.0,1.4,1.703,0.768,0.0,True,neutral
send procedure confirmation,enter senddate acknowledgement,0,2,0.0,1.4,1.703,0.768,0.0,True,neutral
send procedure confirmation,enter date draft decisionenvironmental permit,0,2,0.0,1.4,1.703,0.768,0.0,True,neutral
send procedure confirmation,detailed procedure applies,0,2,0.0,1.4,1.703,0.768,0.0,True,neutral
send procedure confirmation,extend procedure term,0,2,0.0,1.4,1.703,0.768,0.0,True,neutral
send procedure confirmation,generating decision environmental permit,0,2,0.0,1.4,1.703,0.768,0.0,True,neutral
send procedure confirmation,completed subcases content,0,2,0.0,1.4,1.703,0.768,0.0,True,neutral
send procedure confirmation,no permit needed or only notification needed,0,2,0.0,1.4,1.703,0.768,0.0,True,neutral
send procedure confirmation,phase advice known,0,2,0.0,1.4,1.703,0.768,0.0,True,neutral
send procedure confirmation,enter date decision procedure term extension,0,2,0.0,1.4,1.703,0.768,0.0,True,neutral
send procedure confirmation,date for inspection MER,0,2,0.0,1.4,1.703,0.768,0.0,True,neutral
send procedure confirmation,creating decision procedure term extension,0,2,0.0,1.4,1.703,0.768,0.0,True,neutral
grounds for refusal,send confirmation receipt,1,3,5.9,4.3,1.702,0.767,-0.136,True,neutral
set decision phase unlicensed irrevocable,no permit needed or only notification needed,28,11,100.0,57.9,1.696,0.762,-0.013,True,neutral
create decision procedure term extension,received OLO documents,0,2,0.0,3.2,1.693,0.76,0.0,True,neutral
article 34  WABO applies,suspend term,0,4,0.0,5.9,1.691,0.758,0.0,True,neutral
submit draft decision,generate draft decision environmental permit,0,1,0.0,1.3,1.688,0.755,0.0,True,neutral
submit draft decision,enter date draft decisionenvironmental permit,0,1,0.0,1.3,1.688,0.755,0.0,True,neutral
submit draft decision,enter date advice on treatment of environmental permit,0,1,0.0,1.3,1.688,0.755,0.0,True,neutral
submit draft decision,set decision phase: draft decision permitted sent,0,1,0.0,1.3,1.688,0.755,0.0,True,neutral
submit draft decision,entering senddate draft decision environmental permit,0,1,0.0,1.3,1.688,0.755,0.0,True,neutral
submit draft decision,phase advice known,0,1,0.0,1.3,1.688,0.755,0.0,True,neutral
send send confirmation competent authority,request to competent authority,0,1,0.0,14.3,1.667,0.737,0.0,True,neutral
create cover letter draft decision,retrieve missing data,0,4,0.0,18.2,1.667,0.737,0.0,True,neutral
treat subcase suspension art. 35 WABO,set decision status,0,1,0.0,14.3,1.667,0.737,0.0,True,neutral
enter senddate letter no permit or only notification required,create letter no permit or only notification required,0,3,0.0,17.6,1.667,0.737,0.0,True,neutral
enter senddate suspension by competent authority,enter date advice on treatment of environmental permit,0,3,0.0,17.6,1.667,0.737,0.0,True,neutral
enter senddate decision no permit required,phase case handled,0,3,0.0,17.6,1.667,0.737,0.0,True,neutral
hearing about draft,phase perspective submitted,0,2,0.0,16.7,1.667,0.737,0.0,True,neutral
enter senddate decision no permit required,phase application receptive,0,3,0.0,17.6,1.667,0.737,0.0,True,neutral
hearing about draft,creating environmental permit decision,0,2,0.0,16.7,1.667,0.737,0.0,True,neutral
set phase,register date environmental permit decision,0,1,0.0,8.3,1.667,0.737,0.0,True,neutral
creating decision suspension 35 WABO,phase decision suspended,0,1,0.0,14.3,1.667,0.737,0.0,True,neutral
creating decision suspension 35 WABO,enter date decision suspension,0,1,0.0,14.3,1.667,0.737,0.0,True,neutral
creating decision suspension 35 WABO,set decision phase suspension sent,0,1,0.0,14.3,1.667,0.737,0.0,True,neutral
enter senddate suspension by competent authority,enter senddate acknowledgement,0,3,0.0,17.6,1.667,0.737,0.0,True,neutral
creating decision suspension 35 WABO,subcase art. 33 WABO completed,0,1,0.0,14.3,1.667,0.737,0.0,True,neutral
further information received,request further information,0,2,0.0,16.7,1.667,0.737,0.0,True,neutral
set phase,new decision or reassessment,0,1,0.0,8.3,1.667,0.737,0.0,True,neutral
enter senddate decision no permit required,set decision phase unlicensed irrevocable,0,3,0.0,17.6,1.667,0.737,0.0,True,neutral
create draft environtmental permit,VVGB positive,0,1,0.0,1.2,1.648,0.72,0.0,True,neutral
create draft environtmental permit,set decision status,0,1,0.0,1.2,1.648,0.72,0.0,True,neutral
create draft environtmental permit,start WABOprocedure,0,1,0.0,1.2,1.648,0.72,0.0,True,neutral
create draft environtmental permit,set decision phase decision permitting decided,0,1,0.0,1.2,1.648,0.72,0.0,True,neutral
create draft environtmental permit,set decision phase inspection of decision permitting,0,1,0.0,1.2,1.648,0.72,0.0,True,neutral
create draft environtmental permit,retrieve missing data,0,1,0.0,1.2,1.648,0.72,0.0,True,neutral
create draft environtmental permit,resume completeness subcases,0,1,0.0,1.2,1.648,0.72,0.0,True,neutral
create draft environtmental permit,publication date draft decision,0,1,0.0,1.2,1.648,0.72,0.0,True,neutral
create draft environtmental permit,phase asked additional information,0,1,0.0,1.2,1.648,0.72,0.0,True,neutral
create draft environtmental permit,record date of decision environmental permit,0,1,0.0,1.2,1.648,0.72,0.0,True,neutral
create draft environtmental permit,publish official draft decision,0,1,0.0,1.2,1.648,0.72,0.0,True,neutral
create draft environtmental permit,enter date draft decisionenvironmental permit,0,1,0.0,1.2,1.648,0.72,0.0,True,neutral
create draft environtmental permit,entering senddate draft decision environmental permit,0,1,0.0,1.2,1.648,0.72,0.0,True,neutral
create draft environtmental permit,enter senddate draft decision,0,1,0.0,1.2,1.648,0.72,0.0,True,neutral
create draft environtmental permit,enter publication date draft decision,0,1,0.0,1.2,1.648,0.72,0.0,True,neutral
create draft environtmental permit,phase draft decision sent,0,1,0.0,1.2,1.648,0.72,0.0,True,neutral
create draft environtmental permit,dismiss under mandate,0,1,0.0,1.2,1.648,0.72,0.0,True,neutral
create draft environtmental permit,phase application receptive,0,1,0.0,1.2,1.648,0.72,0.0,True,neutral
create draft environtmental permit,phase advice known,0,1,0.0,1.2,1.648,0.72,0.0,True,neutral
calculate final charges,enter publication date draft decision,0,1,0.0,4.8,1.593,0.671,0.0,True,neutral
calculate final charges,send letter in progress,0,1,0.0,4.8,1.593,0.671,0.0,True,neutral
calculate final charges,enter senddate decision environmental permit,0,1,0.0,4.8,1.593,0.671,0.0,True,neutral
calculate final charges,regular procedure without MER,0,1,0.0,4.8,1.593,0.671,0.0,True,neutral
calculate final charges,create publication document,0,1,0.0,4.8,1.593,0.671,0.0,True,neutral
phase activity no permit required,enter senddate decision no permit required,0,4,0.0,19.0,1.593,0.671,0.0,True,neutral
calculate final charges,procedure change after completeness,0,1,0.0,4.8,1.593,0.671,0.0,True,neutral
calculate final charges,submit decision,0,1,0.0,4.8,1.593,0.671,0.0,True,neutral
calculate final charges,generate publication document decision environmental permit,0,1,0.0,4.8,1.593,0.671,0.0,True,neutral
regular procedure applies,decision terminate on request,0,3,0.0,18.8,1.571,0.652,0.0,True,neutral
create cover letter permanent suspension,start decision phase permanently suspended decided,0,3,0.0,18.8,1.571,0.652,0.0,True,neutral
treat subcases reassessment plan,phase concept draft decision ready,0,3,0.0,18.8,1.571,0.652,0.0,True,neutral
continue or abort mutation BAG objects,phase decision ready,0,2,0.0,10.5,1.56,0.642,0.0,True,neutral
continue or abort mutation BAG objects,enter date publication decision environmental permit,0,2,0.0,10.5,1.56,0.642,0.0,True,neutral
publish,submit draft decision,0,1,0.0,1.2,1.552,0.634,0.0,True,neutral
publish,start WABOprocedure,0,1,0.0,1.2,1.552,0.634,0.0,True,neutral
publish,create publication document,0,1,0.0,1.2,1.552,0.634,0.0,True,neutral
publish,procedure change,0,1,0.0,1.2,1.552,0.634,0.0,True,neutral
publish,treat subcases content,0,1,0.0,1.2,1.552,0.634,0.0,True,neutral
publish,enter senddate procedure confirmation,0,1,0.0,1.2,1.552,0.634,0.0,True,neutral
publish,generating decision environmental permit,0,1,0.0,1.2,1.552,0.634,0.0,True,neutral
publish,investigate BAG objects,0,1,0.0,1.2,1.552,0.634,0.0,True,neutral
publish,date draft decision for inspection,0,1,0.0,1.2,1.552,0.634,0.0,True,neutral
publish,retrieve missing data,0,1,0.0,1.2,1.552,0.634,0.0,True,neutral
publish,initiative competent authority,0,1,0.0,1.2,1.552,0.634,0.0,True,neutral
publish,OLO messaging active,0,1,0.0,1.2,1.552,0.634,0.0,True,neutral
publish,no permit needed or only notification needed,0,1,0.0,1.2,1.552,0.634,0.0,True,neutral
publish,set decision status,0,1,0.0,1.2,1.552,0.634,0.0,True,neutral
publish,activities regular procedure,0,1,0.0,1.2,1.552,0.634,0.0,True,neutral
publish,send procedure confirmation,0,1,0.0,1.2,1.552,0.634,0.0,True,neutral
publish,creating environmental permit decision,0,1,0.0,1.2,1.552,0.634,0.0,True,neutral
publish,send confirmation receipt,0,1,0.0,1.2,1.552,0.634,0.0,True,neutral
publish,inform BAG administrator,0,1,0.0,1.2,1.552,0.634,0.0,True,neutral
request for preliminary injunction received,phase appeal lodged,0,5,0.0,20.0,1.545,0.628,0.0,True,neutral
request for preliminary injunction received,treat subcase preliminary injunction,0,5,0.0,20.0,1.545,0.628,0.0,True,neutral
subcases completeness completed,assessment of content completed,0,1,0.0,0.5,1.536,0.62,0.0,True,neutral
subcases completeness completed,creating environmental permit decision,0,1,0.0,0.5,1.536,0.62,0.0,True,neutral
subcases completeness completed,creating decision permanently suspended,0,1,0.0,0.5,1.536,0.62,0.0,True,neutral
subcases completeness completed,enter senddate draft decision,0,1,0.0,0.5,1.536,0.62,0.0,True,neutral
subcases completeness completed,phase decision sent,0,1,0.0,0.5,1.536,0.62,0.0,True,neutral
subcases completeness completed,phase archived case,0,1,0.0,0.5,1.536,0.62,0.0,True,neutral
subcases completeness completed,generate draft decision environmental permit,0,1,0.0,0.5,1.536,0.62,0.0,True,neutral
subcases completeness completed,enter senddate updated plan,0,1,0.0,0.5,1.536,0.62,0.0,True,neutral
subcases completeness completed,phase application received,0,1,0.0,0.5,1.536,0.62,0.0,True,neutral
subcases completeness completed,message change status,0,1,0.0,0.5,1.536,0.62,0.0,True,neutral
subcases completeness completed,send confirmation receipt,0,1,0.0,0.5,1.536,0.62,0.0,True,neutral
subcases completeness completed,request further information,0,1,0.0,0.5,1.536,0.62,0.0,True,neutral
subcases completeness completed,send continuation letter,0,1,0.0,0.5,1.536,0.62,0.0,True,neutral
subcases completeness completed,registration date publication,0,1,0.0,0.5,1.536,0.62,0.0,True,neutral
subcases completeness completed,send decision suspension,0,1,0.0,0.5,1.536,0.62,0.0,True,neutral
subcases completeness completed,inform BAG administrator,0,1,0.0,0.5,1.536,0.62,0.0,True,neutral
subcases completeness completed,register deadline,0,1,0.0,0.5,1.536,0.62,0.0,True,neutral
subcases completeness completed,generating decision no permit required,0,1,0.0,0.5,1.536,0.62,0.0,True,neutral
subcases completeness completed,enter senddate decision procedure term extension,0,1,0.0,0.5,1.536,0.62,0.0,True,neutral
subcases completeness completed,suspension ground applicable,0,1,0.0,0.5,1.536,0.62,0.0,True,neutral
subcases completeness completed,subcases completeness completed,0,1,0.0,0.5,1.536,0.62,0.0,True,neutral
subcases completeness completed,term for supplying missing data,0,1,0.0,0.5,1.536,0.62,0.0,True,neutral
subcases completeness completed,continuation term to decision,0,1,0.0,0.5,1.536,0.62,0.0,True,neutral
subcases completeness completed,by law,0,1,0.0,0.5,1.536,0.62,0.0,True,neutral
subcases completeness completed,send design decision to stakeholders,0,1,0.0,0.5,1.536,0.62,0.0,True,neutral
subcases completeness completed,enter senddate acknowledgement,0,1,0.0,0.5,1.536,0.62,0.0,True,neutral
subcases completeness completed,enter receipt of additional data,0,1,0.0,0.5,1.536,0.62,0.0,True,neutral
subcases completeness completed,create decision procedure term extension,0,1,0.0,0.5,1.536,0.62,0.0,True,neutral
subcases completeness completed,create decision terminate on request,0,1,0.0,0.5,1.536,0.62,0.0,True,neutral
subcases completeness completed,close case,0,1,0.0,0.5,1.536,0.62,0.0,True,neutral
subcases completeness completed,enter publication date draft decision,0,1,0.0,0.5,1.536,0.62,0.0,True,neutral
enter senddate party permitted,partly permit application,0,2,0.0,18.2,1.533,0.617,0.0,True,neutral
create monitoring case oversight,register objection and appeal periods,0,2,0.0,18.2,1.533,0.617,0.0,True,neutral
partly permit application,set decision status,0,2,0.0,18.2,1.533,0.617,0.0,True,neutral
subcase art. 34 WABO completed,refusal after suspension,0,2,0.0,18.2,1.533,0.617,0.0,True,neutral
create suspension competent authority,continuation term to decision,0,2,0.0,18.2,1.533,0.617,0.0,True,neutral
enter senddate party permitted,terminate on request,0,2,0.0,18.2,1.533,0.617,0.0,True,neutral
MER present,send procedure confirmation,0,7,0.0,20.6,1.533,0.617,0.0,True,neutral
stop suspended completeness subcases,enter senddate retrieve missing data,0,4,0.0,20.0,1.519,0.603,0.0,True,neutral
subcase final VVGB completed,register date environmental permit decision,0,4,0.0,20.0,1.519,0.603,0.0,True,neutral
enter senddate procedure term extension,enter senddate updated plan,0,2,0.0,4.9,1.509,0.594,0.0,True,neutral
enter senddate procedure term extension,forward to the competent authority,0,2,0.0,4.9,1.509,0.594,0.0,True,neutral
enter senddate procedure term extension,objection to extension procedure term receptive,0,2,0.0,4.9,1.509,0.594,0.0,True,neutral
enter senddate procedure term extension,phase decision ready,0,2,0.0,4.9,1.509,0.594,0.0,True,neutral
enter senddate procedure term extension,treat subcases content,0,2,0.0,4.9,1.509,0.594,0.0,True,neutral
enter senddate procedure term extension,create publication document,0,2,0.0,4.9,1.509,0.594,0.0,True,neutral
enter senddate procedure term extension,set decision phase decision permitting decided,0,2,0.0,4.9,1.509,0.594,0.0,True,neutral
enter senddate procedure term extension,create subcases completeness,0,2,0.0,4.9,1.509,0.594,0.0,True,neutral
enter senddate procedure term extension,phase advice known,0,2,0.0,4.9,1.509,0.594,0.0,True,neutral
enter senddate procedure term extension,phase procedure extended,0,2,0.0,4.9,1.509,0.594,0.0,True,neutral
no permit needed or only notification needed,subcases completeness completed,0,1,0.0,0.8,1.491,0.577,0.0,True,neutral
no permit needed or only notification needed,generating decision environmental permit,0,1,0.0,0.8,1.491,0.577,0.0,True,neutral
no permit needed or only notification needed,phased application,0,1,0.0,0.8,1.491,0.577,0.0,True,neutral
no permit needed or only notification needed,decision date prior to decision,0,1,0.0,0.8,1.491,0.577,0.0,True,neutral
no permit needed or only notification needed,enter senddate acknowledgement,0,1,0.0,0.8,1.491,0.577,0.0,True,neutral
no permit needed or only notification needed,phase draft decision made,0,1,0.0,0.8,1.491,0.577,0.0,True,neutral
no permit needed or only notification needed,registration date publication,0,1,0.0,0.8,1.491,0.577,0.0,True,neutral
no permit needed or only notification needed,regular procedure without MER,0,1,0.0,0.8,1.491,0.577,0.0,True,neutral
no permit needed or only notification needed,create letter only notification required,0,1,0.0,0.8,1.491,0.577,0.0,True,neutral
no permit needed or only notification needed,set phase decision revoked,0,1,0.0,0.8,1.491,0.577,0.0,True,neutral
no permit needed or only notification needed,WAW permit aspect,0,1,0.0,0.8,1.491,0.577,0.0,True,neutral
no permit needed or only notification needed,phase application receptive,0,1,0.0,0.8,1.491,0.577,0.0,True,neutral
no permit needed or only notification needed,treat subcases content,0,1,0.0,0.8,1.491,0.577,0.0,True,neutral
treat subcases completeness,retrieve missing data,0,1,0.0,0.5,1.486,0.572,0.0,True,neutral
treat subcases completeness,set decision phase suspension sent,0,1,0.0,0.5,1.486,0.572,0.0,True,neutral
treat subcases completeness,set decision status,0,1,0.0,0.5,1.486,0.572,0.0,True,neutral
treat subcases completeness,start WABOprocedure,0,1,0.0,0.5,1.486,0.572,0.0,True,neutral
treat subcases completeness,treat subcases completeness,0,1,0.0,0.5,1.486,0.572,0.0,True,neutral
treat subcases completeness,no permit needed or only notification needed,0,1,0.0,0.5,1.486,0.572,0.0,True,neutral
treat subcases completeness,registrer date of publishing received request,0,1,0.0,0.5,1.486,0.572,0.0,True,neutral
treat subcases completeness,request complete,0,1,0.0,0.5,1.486,0.572,0.0,True,neutral
treat subcases completeness,enter date advice on treatment of environmental permit,0,1,0.0,0.5,1.486,0.572,0.0,True,neutral
treat subcases completeness,creating environmental permit decision,0,1,0.0,0.5,1.486,0.572,0.0,True,neutral
treat subcases completeness,send procedure confirmation,0,1,0.0,0.5,1.486,0.572,0.0,True,neutral
treat subcases completeness,phase decision sent,0,1,0.0,0.5,1.486,0.572,0.0,True,neutral
treat subcases completeness,phase decision taken,0,1,0.0,0.5,1.486,0.572,0.0,True,neutral
treat subcases completeness,activities regular procedure,0,1,0.0,0.5,1.486,0.572,0.0,True,neutral
treat subcases completeness,MER present in supplement,0,1,0.0,0.5,1.486,0.572,0.0,True,neutral
treat subcases completeness,WAW permit aspect,0,1,0.0,0.5,1.486,0.572,0.0,True,neutral
treat subcases completeness,process received advice,0,1,0.0,0.5,1.486,0.572,0.0,True,neutral
treat subcases completeness,treat subcase WAW,0,1,0.0,0.5,1.486,0.572,0.0,True,neutral
treat subcases completeness,enter senddate decision,0,1,0.0,0.5,1.486,0.572,0.0,True,neutral
treat subcases completeness,enter senddate acknowledgement,0,1,0.0,0.5,1.486,0.572,0.0,True,neutral
treat subcases completeness,enter objectionterm,0,1,0.0,0.5,1.486,0.572,0.0,True,neutral
treat subcases completeness,completed subcases content,0,1,0.0,0.5,1.486,0.572,0.0,True,neutral
treat subcases completeness,start decision phase decision permitting sent,0,1,0.0,0.5,1.486,0.572,0.0,True,neutral
treat subcases completeness,create cover letter permanent suspension,0,1,0.0,0.5,1.486,0.572,0.0,True,neutral
treat subcases completeness,phase additional information received,0,1,0.0,0.5,1.486,0.572,0.0,True,neutral
treat subcases completeness,create decision procedure term extension,0,1,0.0,0.5,1.486,0.572,0.0,True,neutral
treat subcases completeness,inform BAG administrator,0,1,0.0,0.5,1.486,0.572,0.0,True,neutral
treat subcases completeness,enter senddate procedure confirmation,0,1,0.0,0.5,1.486,0.572,0.0,True,neutral
treat subcases completeness,by law,0,1,0.0,0.5,1.486,0.572,0.0,True,neutral
create subcases completeness,create continuation letter,2,3,3.1,2.3,1.478,0.564,-0.013,True,neutral
decided on draft decision environmental permit,enter date draft decisionenvironmental permit,0,3,0.0,20.0,1.476,0.562,0.0,True,neutral
detailed procedure applies,enter senddate procedure confirmation,0,3,0.0,20.0,1.476,0.562,0.0,True,neutral
detailed procedure applies,treat subcases completeness,0,3,0.0,20.0,1.476,0.562,0.0,True,neutral
decided on draft decision environmental permit,enrich draft decision,0,3,0.0,20.0,1.476,0.562,0.0,True,neutral
enter senddate acknowledgement,submit draft decision,0,3,0.0,2.3,1.469,0.554,0.0,True,neutral
enter senddate acknowledgement,create letter requesting missing data,0,3,0.0,2.3,1.469,0.554,0.0,True,neutral
enter senddate acknowledgement,submit decision,0,3,0.0,2.3,1.469,0.554,0.0,True,neutral
enter senddate acknowledgement,enter date draft decisionenvironmental permit,0,3,0.0,2.3,1.469,0.554,0.0,True,neutral
enter senddate acknowledgement,register date environmental permit decision,0,3,0.0,2.3,1.469,0.554,0.0,True,neutral
enter senddate acknowledgement,set decision phase suspension decided,0,3,0.0,2.3,1.469,0.554,0.0,True,neutral
enter senddate acknowledgement,enter senddate updated plan,0,3,0.0,2.3,1.469,0.554,0.0,True,neutral
enter senddate acknowledgement,entering senddate draft decision environmental permit,0,3,0.0,2.3,1.469,0.554,0.0,True,neutral
enter senddate acknowledgement,forward to the competent authority,0,3,0.0,2.3,1.469,0.554,0.0,True,neutral
enter senddate acknowledgement,enter senddate decision procedure term extension,0,3,0.0,2.3,1.469,0.554,0.0,True,neutral
enter senddate acknowledgement,decision date prior to decision,0,3,0.0,2.3,1.469,0.554,0.0,True,neutral
enter senddate acknowledgement,enter date decision permanent suspension,0,3,0.0,2.3,1.469,0.554,0.0,True,neutral
enter senddate acknowledgement,updated plan received,0,3,0.0,2.3,1.469,0.554,0.0,True,neutral
read publication date field,received OLO documents,0,1,0.0,1.1,1.45,0.536,0.0,True,neutral
read publication date field,phase procedure prematurely terminated,0,1,0.0,1.1,1.45,0.536,0.0,True,neutral
read publication date field,phase perspective submitted,0,1,0.0,1.1,1.45,0.536,0.0,True,neutral
read publication date field,phase decision taken,0,1,0.0,1.1,1.45,0.536,0.0,True,neutral
read publication date field,generate draft decision environmental permit,0,1,0.0,1.1,1.45,0.536,0.0,True,neutral
read publication date field,coordination of application,0,1,0.0,1.1,1.45,0.536,0.0,True,neutral
read publication date field,create monitoring case,0,1,0.0,1.1,1.45,0.536,0.0,True,neutral
read publication date field,enter date publication decision environmental permit,0,1,0.0,1.1,1.45,0.536,0.0,True,neutral
read publication date field,cancel case,0,1,0.0,1.1,1.45,0.536,0.0,True,neutral
read publication date field,phase application received,0,1,0.0,1.1,1.45,0.536,0.0,True,neutral
read publication date field,phase decision sent,0,1,0.0,1.1,1.45,0.536,0.0,True,neutral
read publication date field,phase draft decision sent,0,1,0.0,1.1,1.45,0.536,0.0,True,neutral
read publication date field,enter date decision permanent suspension,0,1,0.0,1.1,1.45,0.536,0.0,True,neutral
read publication date field,treat subcases content,0,1,0.0,1.1,1.45,0.536,0.0,True,neutral
read publication date field,treat subcase suspension art. 33 WABO,0,1,0.0,1.1,1.45,0.536,0.0,True,neutral
read publication date field,treat subcase perspective,0,1,0.0,1.1,1.45,0.536,0.0,True,neutral
read publication date field,start decision phase permanent suspension sent,0,1,0.0,1.1,1.45,0.536,0.0,True,neutral
read publication date field,suspension ground applicable,0,1,0.0,1.1,1.45,0.536,0.0,True,neutral
read publication date field,enter senddate decision,0,1,0.0,1.1,1.45,0.536,0.0,True,neutral
read publication date field,enter senddate draft decision,0,1,0.0,1.1,1.45,0.536,0.0,True,neutral
read publication date field,set decision status,0,1,0.0,1.1,1.45,0.536,0.0,True,neutral
enter date publication decision environmental permit,register deadline,0,2,0.0,2.2,1.448,0.534,0.0,True,neutral
enter date publication decision environmental permit,create monitoring case,0,2,0.0,2.2,1.448,0.534,0.0,True,neutral
enter date publication decision environmental permit,send procedure confirmation,0,2,0.0,2.2,1.448,0.534,0.0,True,neutral
enter date publication decision environmental permit,register date environmental permit decision,0,2,0.0,2.2,1.448,0.534,0.0,True,neutral
enter date publication decision environmental permit,enter senddate decision,0,2,0.0,2.2,1.448,0.534,0.0,True,neutral
enter date publication decision environmental permit,contested decision affected,0,2,0.0,2.2,1.448,0.534,0.0,True,neutral
enter date publication decision environmental permit,request complete,0,2,0.0,2.2,1.448,0.534,0.0,True,neutral
enter date publication decision environmental permit,start WABOprocedure,0,2,0.0,2.2,1.448,0.534,0.0,True,neutral
enter date publication decision environmental permit,treat subcases content,0,2,0.0,2.2,1.448,0.534,0.0,True,neutral
enter date publication decision environmental permit,terminate on request,0,2,0.0,2.2,1.448,0.534,0.0,True,neutral
enter date publication decision environmental permit,forward to the competent authority,0,2,0.0,2.2,1.448,0.534,0.0,True,neutral
enter date publication decision environmental permit,generate draft decision environmental permit,0,2,0.0,2.2,1.448,0.534,0.0,True,neutral
enter date publication decision environmental permit,generate publication document decision environmental permit,0,2,0.0,2.2,1.448,0.534,0.0,True,neutral
enter date publication decision environmental permit,registrer date of publishing received request,0,2,0.0,2.2,1.448,0.534,0.0,True,neutral
enter date publication decision environmental permit,applicant is stakeholder,0,2,0.0,2.2,1.448,0.534,0.0,True,neutral
enter date publication decision environmental permit,article 34  WABO applies,0,2,0.0,2.2,1.448,0.534,0.0,True,neutral
enter date publication decision environmental permit,by law,0,2,0.0,2.2,1.448,0.534,0.0,True,neutral
enter date publication decision environmental permit,appeal logded,0,2,0.0,2.2,1.448,0.534,0.0,True,neutral
phase appeal lodged,request for preliminary injunction received,0,1,0.0,16.7,1.444,0.531,0.0,True,neutral
phase appeal lodged,treat appeal subcase,0,1,0.0,16.7,1.444,0.531,0.0,True,neutral
phase appeal lodged,new decision or reassessment,0,1,0.0,16.7,1.444,0.531,0.0,True,neutral
phase objection filed,contested decision affected,0,1,0.0,16.7,1.444,0.531,0.0,True,neutral
phase objection filed,create monitoring case,0,1,0.0,16.7,1.444,0.531,0.0,True,neutral
date continuation term to decision,request complete,0,4,0.0,21.1,1.444,0.531,0.0,True,neutral
objection to permanent suspension in system,resume decision term,0,1,0.0,16.7,1.444,0.531,0.0,True,neutral
phase objection filed,objections and preliminary injunction in system,0,1,0.0,16.7,1.444,0.531,0.0,True,neutral
phase objection filed,send procedure resumption,0,1,0.0,16.7,1.444,0.531,0.0,True,neutral
phase objection filed,treat subcase permanent suspension,0,1,0.0,16.7,1.444,0.531,0.0,True,neutral
date continuation term to decision,investigate BAG objects,0,4,0.0,21.1,1.444,0.531,0.0,True,neutral
stop procedure after permanent suspension,decision permanently suspended,0,1,0.0,16.7,1.444,0.531,0.0,True,neutral
phase objection filed,request complete,0,1,0.0,16.7,1.444,0.531,0.0,True,neutral
generating decision environmental permit,appeal logded,0,4,0.0,2.3,1.428,0.514,0.0,True,neutral
generating decision environmental permit,phase decision taken,0,4,0.0,2.3,1.428,0.514,0.0,True,neutral
generating decision environmental permit,create publication document,0,4,0.0,2.3,1.428,0.514,0.0,True,neutral
generating decision environmental permit,phase application receptive,0,4,0.0,2.3,1.428,0.514,0.0,True,neutral
generating decision environmental permit,enter senddate decision environmental permit,0,4,0.0,2.3,1.428,0.514,0.0,True,neutral
generating decision environmental permit,objection lodged against decision,0,4,0.0,2.3,1.428,0.514,0.0,True,neutral
generating decision environmental permit,submit decision,0,4,0.0,2.3,1.428,0.514,0.0,True,neutral
generating decision environmental permit,read publication date field,0,4,0.0,2.3,1.428,0.514,0.0,True,neutral
generating decision environmental permit,phase updated plan received,0,4,0.0,2.3,1.428,0.514,0.0,True,neutral
generating decision environmental permit,register deadline,0,4,0.0,2.3,1.428,0.514,0.0,True,neutral
generating decision environmental permit,set decision phase: suspension cancelled,0,4,0.0,2.3,1.428,0.514,0.0,True,neutral
message terminate request,enter date termination request received,0,5,0.0,21.7,1.424,0.51,0.0,True,neutral
subcases completed present decision,creating environmental permit decision,0,2,0.0,20.0,1.4,0.485,0.0,True,neutral
subcases completed present decision,phase concept decision ready,0,2,0.0,20.0,1.4,0.485,0.0,True,neutral
create decision terminate on request,registrer date of publishing received request,0,2,0.0,20.0,1.4,0.485,0.0,True,neutral
first or second phase,MER present,0,2,0.0,20.0,1.4,0.485,0.0,True,neutral
mutation BAG carry objects,enter date publication decision environmental permit,0,1,0.0,10.0,1.4,0.485,0.0,True,neutral
updated plan after perspective,ground for refusal after reassessment plan,0,2,0.0,20.0,1.4,0.485,0.0,True,neutral
mutation BAG carry objects,read publication date field,0,1,0.0,10.0,1.4,0.485,0.0,True,neutral
appeal and preliminary injunction in system,treat appeal subcase,0,2,0.0,20.0,1.4,0.485,0.0,True,neutral
updated plan after perspective,treat subcases reassessment plan,0,2,0.0,20.0,1.4,0.485,0.0,True,neutral
environmental permit irrevocable,assessment of content completed,0,2,0.0,20.0,1.4,0.485,0.0,True,neutral
message request advice,assessment of content completed,0,2,0.0,20.0,1.4,0.485,0.0,True,neutral
environmental permit irrevocable,grounds for refusal,0,2,0.0,20.0,1.4,0.485,0.0,True,neutral
mutation BAG carry objects,set phase decision revoked,0,1,0.0,10.0,1.4,0.485,0.0,True,neutral
first or second phase,phase application received,0,2,0.0,20.0,1.4,0.485,0.0,True,neutral
subcases completed present decision,enrich decision,0,2,0.0,20.0,1.4,0.485,0.0,True,neutral
mutation BAG carry objects,phase case handled,0,1,0.0,10.0,1.4,0.485,0.0,True,neutral
message request advice,WAW permit aspect,0,2,0.0,20.0,1.4,0.485,0.0,True,neutral
registration receipt further information,article 34  WABO applies,0,2,0.0,20.0,1.4,0.485,0.0,True,neutral
create decision terminate on request,enter senddate confirmation request,0,2,0.0,20.0,1.4,0.485,0.0,True,neutral
subcases completed present decision,phase advice known,0,2,0.0,20.0,1.4,0.485,0.0,True,neutral
registration receipt further information,procedure change,0,2,0.0,20.0,1.4,0.485,0.0,True,neutral
set decision status,phase draft decision sent,0,3,0.0,1.2,1.398,0.483,0.0,True,neutral
set decision status,register deadline,0,3,0.0,1.2,1.398,0.483,0.0,True,neutral
set decision status,record date of decision environmental permit,0,3,0.0,1.2,1.398,0.483,0.0,True,neutral
set decision status,phase decision ready,0,3,0.0,1.2,1.398,0.483,0.0,True,neutral
set decision status,enter senddate acknowledgement,0,3,0.0,1.2,1.398,0.483,0.0,True,neutral
set decision status,phase objection filed,0,3,0.0,1.2,1.398,0.483,0.0,True,neutral
set decision status,resume completeness subcases,0,3,0.0,1.2,1.398,0.483,0.0,True,neutral
set decision status,enter date decision permanent suspension,0,3,0.0,1.2,1.398,0.483,0.0,True,neutral
set decision status,enter receipt of additional data,0,3,0.0,1.2,1.398,0.483,0.0,True,neutral
set decision status,set decision phase: draft decision for inspection,0,3,0.0,1.2,1.398,0.483,0.0,True,neutral
set decision status,registration date publication,0,3,0.0,1.2,1.398,0.483,0.0,True,neutral
set decision status,submit draft decision,0,3,0.0,1.2,1.398,0.483,0.0,True,neutral
set decision status,creating decision permanently suspended,0,3,0.0,1.2,1.398,0.483,0.0,True,neutral
set decision status,subcases completeness completed,0,3,0.0,1.2,1.398,0.483,0.0,True,neutral
set decision status,subcase perspective complete,0,3,0.0,1.2,1.398,0.483,0.0,True,neutral
set decision status,submit decision,0,3,0.0,1.2,1.398,0.483,0.0,True,neutral
set decision status,enter senddate procedure term extension,0,3,0.0,1.2,1.398,0.483,0.0,True,neutral
request complete,subcases completeness completed,0,3,0.0,1.8,1.384,0.469,0.0,True,neutral
article 34  WABO applies,phase updated plan received,0,5,0.0,7.4,1.384,0.469,0.0,True,neutral
request complete,send confirmation receipt,0,3,0.0,1.8,1.384,0.469,0.0,True,neutral
request complete,procedure change,0,3,0.0,1.8,1.384,0.469,0.0,True,neutral
request complete,extend procedure term,0,3,0.0,1.8,1.384,0.469,0.0,True,neutral
request complete,create subcases submit draft decision,0,3,0.0,1.8,1.384,0.469,0.0,True,neutral
request complete,enter senddate decision,0,3,0.0,1.8,1.384,0.469,0.0,True,neutral
request complete,create subcases completeness,0,3,0.0,1.8,1.384,0.469,0.0,True,neutral
request complete,send message OLO-status in progress,0,3,0.0,1.8,1.384,0.469,0.0,True,neutral
request complete,treat subcases completeness,0,3,0.0,1.8,1.384,0.469,0.0,True,neutral
request complete,enter senddate retrieve missing data,0,3,0.0,1.8,1.384,0.469,0.0,True,neutral
request complete,regular procedure without MER,0,3,0.0,1.8,1.384,0.469,0.0,True,neutral
request complete,phase advice known,0,3,0.0,1.8,1.384,0.469,0.0,True,neutral
request complete,phase asked additional information,0,3,0.0,1.8,1.384,0.469,0.0,True,neutral
request complete,phase decision sent,0,3,0.0,1.8,1.384,0.469,0.0,True,neutral
request complete,objection to permanent suspension accepted,0,3,0.0,1.8,1.384,0.469,0.0,True,neutral
request complete,create draft environtmental permit,0,3,0.0,1.8,1.384,0.469,0.0,True,neutral
request complete,phase draft decision made,0,3,0.0,1.8,1.384,0.469,0.0,True,neutral
article 34  WABO applies,updated plan received,0,5,0.0,7.4,1.384,0.469,0.0,True,neutral
set decision phase decision no permit required sent,phase case handled,0,3,0.0,21.4,1.381,0.466,0.0,True,neutral
set decision phase decision no permit required sent,set decision phase unlicensed irrevocable,0,3,0.0,21.4,1.381,0.466,0.0,True,neutral
treat subcases present decision,subcases completed present decision,0,3,0.0,21.4,1.381,0.466,0.0,True,neutral
subcases reassessment plan completed,creating environmental permit decision,0,3,0.0,21.4,1.381,0.466,0.0,True,neutral
generate letter no permit required,enter senddate decision no permit required,0,4,0.0,22.2,1.37,0.455,0.0,True,neutral
perspective regarding draft founded,final VVGB applications,0,4,0.0,22.2,1.37,0.455,0.0,True,neutral
creating cover letter no permit required,create decision no permit required,0,4,0.0,22.2,1.37,0.455,0.0,True,neutral
objection lodged against decision,decision date prior to decision,0,1,0.0,2.9,1.353,0.436,0.0,True,neutral
objection lodged against decision,message change status,0,1,0.0,2.9,1.353,0.436,0.0,True,neutral
objection lodged against decision,enter date publication decision environmental permit,0,1,0.0,2.9,1.353,0.436,0.0,True,neutral
objection lodged against decision,generating decision environmental permit,0,1,0.0,2.9,1.353,0.436,0.0,True,neutral
objection lodged against decision,enter senddate decision,0,1,0.0,2.9,1.353,0.436,0.0,True,neutral
objection lodged against decision,close case,0,1,0.0,2.9,1.353,0.436,0.0,True,neutral
objection lodged against decision,phase application received,0,1,0.0,2.9,1.353,0.436,0.0,True,neutral
objection lodged against decision,stop all running subcases 2b,0,1,0.0,2.9,1.353,0.436,0.0,True,neutral
objection lodged against decision,treat objection subcase,0,1,0.0,2.9,1.353,0.436,0.0,True,neutral
objection lodged against decision,phase decision sent,0,1,0.0,2.9,1.353,0.436,0.0,True,neutral
objection lodged against decision,read publication date field,0,1,0.0,2.9,1.353,0.436,0.0,True,neutral
objection lodged against decision,received OLO documents,0,1,0.0,2.9,1.353,0.436,0.0,True,neutral
objection lodged against decision,register objection and appeal periods,0,1,0.0,2.9,1.353,0.436,0.0,True,neutral
objection lodged against decision,register date environmental permit decision,0,1,0.0,2.9,1.353,0.436,0.0,True,neutral
objection lodged against decision,registration date publication,0,1,0.0,2.9,1.353,0.436,0.0,True,neutral
objection lodged against decision,mutation BAG carry objects,0,1,0.0,2.9,1.353,0.436,0.0,True,neutral
objection lodged against decision,record date of decision environmental permit,0,1,0.0,2.9,1.353,0.436,0.0,True,neutral
objection lodged against decision,phase application receptive,0,1,0.0,2.9,1.353,0.436,0.0,True,neutral
objection lodged against decision,assessment of content completed,0,1,0.0,2.9,1.353,0.436,0.0,True,neutral
grounds for refusal,create publication document,0,1,0.0,1.4,1.324,0.405,0.0,True,neutral
grounds for refusal,creating environmental permit decision,0,1,0.0,1.4,1.324,0.405,0.0,True,neutral
grounds for refusal,decided on draft decision environmental permit,0,1,0.0,1.4,1.324,0.405,0.0,True,neutral
grounds for refusal,treat subcases content,0,1,0.0,1.4,1.324,0.405,0.0,True,neutral
grounds for refusal,submit draft decision,0,1,0.0,1.4,1.324,0.405,0.0,True,neutral
grounds for refusal,suspend term,0,1,0.0,1.4,1.324,0.405,0.0,True,neutral
grounds for refusal,assessment of content completed,0,1,0.0,1.4,1.324,0.405,0.0,True,neutral
grounds for refusal,ask stakeholders views,0,1,0.0,1.4,1.324,0.405,0.0,True,neutral
grounds for refusal,decision date prior to decision,0,1,0.0,1.4,1.324,0.405,0.0,True,neutral
grounds for refusal,generating decision environmental permit,0,1,0.0,1.4,1.324,0.405,0.0,True,neutral
grounds for refusal,send procedure confirmation,0,1,0.0,1.4,1.324,0.405,0.0,True,neutral
grounds for refusal,continuation term to decision,0,1,0.0,1.4,1.324,0.405,0.0,True,neutral
grounds for refusal,phase additional information received,0,1,0.0,1.4,1.324,0.405,0.0,True,neutral
grounds for refusal,perspective from GS or VROM received,0,1,0.0,1.4,1.324,0.405,0.0,True,neutral
grounds for refusal,no permit needed or only notification needed,0,1,0.0,1.4,1.324,0.405,0.0,True,neutral
grounds for refusal,subcases completeness completed,0,1,0.0,1.4,1.324,0.405,0.0,True,neutral
grounds for refusal,activities regular procedure,0,1,0.0,1.4,1.324,0.405,0.0,True,neutral
grounds for refusal,register receipt updated plan,0,1,0.0,1.4,1.324,0.405,0.0,True,neutral
grounds for refusal,procedure change after completeness,0,1,0.0,1.4,1.324,0.405,0.0,True,neutral
grounds for refusal,set decision status,0,1,0.0,1.4,1.324,0.405,0.0,True,neutral
grounds for refusal,register number of days extension period,0,1,0.0,1.4,1.324,0.405,0.0,True,neutral
grounds for refusal,phase draft decision made,0,1,0.0,1.4,1.324,0.405,0.0,True,neutral
grounds for refusal,register date environmental permit decision,0,1,0.0,1.4,1.324,0.405,0.0,True,neutral
register date environmental permit decision,treat subcases content,0,2,0.0,1.5,1.322,0.403,0.0,True,neutral
register date environmental permit decision,grounds for refusal,0,2,0.0,1.5,1.322,0.403,0.0,True,neutral
register date environmental permit decision,decided on draft decision environmental permit,0,2,0.0,1.5,1.322,0.403,0.0,True,neutral
register date environmental permit decision,generate publication document decision environmental permit,0,2,0.0,1.5,1.322,0.403,0.0,True,neutral
register date environmental permit decision,treat subcases completeness,0,2,0.0,1.5,1.322,0.403,0.0,True,neutral
register date environmental permit decision,send confirmation receipt,0,2,0.0,1.5,1.322,0.403,0.0,True,neutral
register date environmental permit decision,regular procedure without MER,0,2,0.0,1.5,1.322,0.403,0.0,True,neutral
register date environmental permit decision,registration date publication,0,2,0.0,1.5,1.322,0.403,0.0,True,neutral
register date environmental permit decision,register date environmental permit decision,0,2,0.0,1.5,1.322,0.403,0.0,True,neutral
register date environmental permit decision,no permit needed or only notification needed,0,2,0.0,1.5,1.322,0.403,0.0,True,neutral
register date environmental permit decision,objection lodged against decision,0,2,0.0,1.5,1.322,0.403,0.0,True,neutral
register date environmental permit decision,by law,0,2,0.0,1.5,1.322,0.403,0.0,True,neutral
register date environmental permit decision,perspective from GS or VROM received,0,2,0.0,1.5,1.322,0.403,0.0,True,neutral
register date environmental permit decision,create publication document,0,2,0.0,1.5,1.322,0.403,0.0,True,neutral
register date environmental permit decision,regular procedure applies,0,2,0.0,1.5,1.322,0.403,0.0,True,neutral
register date environmental permit decision,reception through OLO,0,2,0.0,1.5,1.322,0.403,0.0,True,neutral
register date environmental permit decision,receive additional information,0,2,0.0,1.5,1.322,0.403,0.0,True,neutral
register date environmental permit decision,subcases completeness completed,0,2,0.0,1.5,1.322,0.403,0.0,True,neutral
register date environmental permit decision,suspend term,0,2,0.0,1.5,1.322,0.403,0.0,True,neutral
register date environmental permit decision,send letter in progress,0,2,0.0,1.5,1.322,0.403,0.0,True,neutral
register date environmental permit decision,start decision phase decision permitting sent,0,2,0.0,1.5,1.322,0.403,0.0,True,neutral
register date environmental permit decision,treat subcase perspective,0,2,0.0,1.5,1.322,0.403,0.0,True,neutral
phase permanently suspended,enter date decision permanent suspension,0,1,0.0,3.4,1.311,0.391,0.0,True,neutral
phase permanently suspended,enter senddate decision permanent suspension,0,1,0.0,3.4,1.311,0.391,0.0,True,neutral
phase permanently suspended,objection to permanent suspension received,0,1,0.0,3.4,1.311,0.391,0.0,True,neutral
phase permanently suspended,close case,0,1,0.0,3.4,1.311,0.391,0.0,True,neutral
phase permanently suspended,phase archived case,0,1,0.0,3.4,1.311,0.391,0.0,True,neutral
phase permanently suspended,retrieve missing data,0,1,0.0,3.4,1.311,0.391,0.0,True,neutral
enter enddate of suspension,enter senddate decision environmental permit,0,6,0.0,24.0,1.308,0.387,0.0,True,neutral
enter senddate request termination,phase application received,0,5,0.0,23.8,1.303,0.382,0.0,True,neutral
enter senddate letter no permit or only notification required,OLO messaging active,0,4,0.0,23.5,1.296,0.374,0.0,True,neutral
enter senddate letter no permit or only notification required,phase application received,0,4,0.0,23.5,1.296,0.374,0.0,True,neutral
enrich draft decision environmental permit,decided on draft decision environmental permit,0,3,0.0,23.1,1.286,0.363,0.0,True,neutral
enrich draft decision environmental permit,read publication date field,0,3,0.0,23.1,1.286,0.363,0.0,True,neutral
enter senddate letter to competent authority,OLO messaging active,0,3,0.0,23.1,1.286,0.363,0.0,True,neutral
enter senddate letter to competent authority,enter senddate acknowledgement,0,3,0.0,23.1,1.286,0.363,0.0,True,neutral
enter senddate confirmation request,register date decision terminate on request,0,3,0.0,23.1,1.286,0.363,0.0,True,neutral
generate draft decision environmental permit,treat subcase final VVGB,0,1,0.0,1.1,1.27,0.344,0.0,True,neutral
generate draft decision environmental permit,suspension ground applicable,0,1,0.0,1.1,1.27,0.344,0.0,True,neutral
generate draft decision environmental permit,initiative competent authority,0,1,0.0,1.1,1.27,0.344,0.0,True,neutral
generate draft decision environmental permit,phase draft decision sent,0,1,0.0,1.1,1.27,0.344,0.0,True,neutral
generate draft decision environmental permit,enter date advice on treatment of environmental permit,0,1,0.0,1.1,1.27,0.344,0.0,True,neutral
generate draft decision environmental permit,enrich draft decision environmental permit,0,1,0.0,1.1,1.27,0.344,0.0,True,neutral
generate draft decision environmental permit,assessment of content completed,0,1,0.0,1.1,1.27,0.344,0.0,True,neutral
generate draft decision environmental permit,enter senddate draft decision,0,1,0.0,1.1,1.27,0.344,0.0,True,neutral
generate draft decision environmental permit,enter date draft decisionenvironmental permit,0,1,0.0,1.1,1.27,0.344,0.0,True,neutral
generate draft decision environmental permit,phase decision taken,0,1,0.0,1.1,1.27,0.344,0.0,True,neutral
generate draft decision environmental permit,open draft decision for inspection,0,1,0.0,1.1,1.27,0.344,0.0,True,neutral
generate draft decision environmental permit,perspective on draft decision environmental permit received,0,1,0.0,1.1,1.27,0.344,0.0,True,neutral
send continuation letter,enter senddate continuation,0,2,0.0,22.2,1.267,0.341,0.0,True,neutral
objection decision no permit required received,generate letter no permit required,0,2,0.0,22.2,1.267,0.341,0.0,True,neutral
objection decision no permit required received,enter senddate letter no permit required,0,2,0.0,22.2,1.267,0.341,0.0,True,neutral
objection decision no permit required received,set decision phase decision no permit required sent,0,2,0.0,22.2,1.267,0.341,0.0,True,neutral
send continuation letter,registrer date of publishing received request,0,2,0.0,22.2,1.267,0.341,0.0,True,neutral
new decision or reassessment,objection lodged against decision,0,2,0.0,22.2,1.267,0.341,0.0,True,neutral
decision extension procedure term irrevocable,enter senddate procedure confirmation,0,2,0.0,22.2,1.267,0.341,0.0,True,neutral
decision extension procedure term irrevocable,subcases completeness completed,0,2,0.0,22.2,1.267,0.341,0.0,True,neutral
create letter requesting updated plan,grounds for refusal,0,2,0.0,22.2,1.267,0.341,0.0,True,neutral
transcript decision environmental permit to stakeholders,received OLO documents,0,2,0.0,1.5,1.26,0.334,0.0,True,neutral
transcript decision environmental permit to stakeholders,investigate BAG objects,0,2,0.0,1.5,1.26,0.334,0.0,True,neutral
transcript decision environmental permit to stakeholders,set decision phase inspection of decision permitting,0,2,0.0,1.5,1.26,0.334,0.0,True,neutral
transcript decision environmental permit to stakeholders,set decision phase: draft decision for inspection,0,2,0.0,1.5,1.26,0.334,0.0,True,neutral
transcript decision environmental permit to stakeholders,start decisionphase draft decision - permitting decided,0,2,0.0,1.5,1.26,0.334,0.0,True,neutral
transcript decision environmental permit to stakeholders,register date environmental permit decision,0,2,0.0,1.5,1.26,0.334,0.0,True,neutral
transcript decision environmental permit to stakeholders,start WABOprocedure,0,2,0.0,1.5,1.26,0.334,0.0,True,neutral
transcript decision environmental permit to stakeholders,phase perspective submitted,0,2,0.0,1.5,1.26,0.334,0.0,True,neutral
transcript decision environmental permit to stakeholders,set phase decision revoked,0,2,0.0,1.5,1.26,0.334,0.0,True,neutral
transcript decision environmental permit to stakeholders,phase decision ready,0,2,0.0,1.5,1.26,0.334,0.0,True,neutral
transcript decision environmental permit to stakeholders,set decision status,0,2,0.0,1.5,1.26,0.334,0.0,True,neutral
transcript decision environmental permit to stakeholders,register deadline,0,2,0.0,1.5,1.26,0.334,0.0,True,neutral
transcript decision environmental permit to stakeholders,partly permit application,0,2,0.0,1.5,1.26,0.334,0.0,True,neutral
transcript decision environmental permit to stakeholders,phase decision taken,0,2,0.0,1.5,1.26,0.334,0.0,True,neutral
phase advice known,enter senddate acknowledgement,0,3,0.0,1.3,1.258,0.331,0.0,True,neutral
phase advice known,initiative competent authority,0,3,0.0,1.3,1.258,0.331,0.0,True,neutral
phase advice known,phase archived case,0,3,0.0,1.3,1.258,0.331,0.0,True,neutral
phase advice known,applicant is stakeholder,0,3,0.0,1.3,1.258,0.331,0.0,True,neutral
phase advice known,register number of days extension period,0,3,0.0,1.3,1.258,0.331,0.0,True,neutral
phase advice known,phase procedure resumed,0,3,0.0,1.3,1.258,0.331,0.0,True,neutral
phase advice known,treat subcases present decision,0,3,0.0,1.3,1.258,0.331,0.0,True,neutral
phase advice known,enter date termination request received,0,3,0.0,1.3,1.258,0.331,0.0,True,neutral
phase advice known,ask stakeholders views,0,3,0.0,1.3,1.258,0.331,0.0,True,neutral
phase advice known,create draft environtmental permit,0,3,0.0,1.3,1.258,0.331,0.0,True,neutral
phase advice known,phase decision suspended,0,3,0.0,1.3,1.258,0.331,0.0,True,neutral
phase advice known,read field phased application,0,3,0.0,1.3,1.258,0.331,0.0,True,neutral
phase advice known,suspend term,0,3,0.0,1.3,1.258,0.331,0.0,True,neutral
phase advice known,process received advice,0,3,0.0,1.3,1.258,0.331,0.0,True,neutral
phase advice known,record date of decision environmental permit,0,3,0.0,1.3,1.258,0.331,0.0,True,neutral
phase advice known,create monitoring case oversight,0,3,0.0,1.3,1.258,0.331,0.0,True,neutral
start WABOprocedure,transcript decision environmental permit to stakeholders,2,3,2.2,1.8,1.257,0.33,-0.204,True,neutral
set decision phase suspension decided,send confirmation receipt,0,5,0.0,14.7,1.255,0.327,0.0,True,neutral
enter senddate letter no permit required,register deadline,0,3,0.0,10.0,1.245,0.316,0.0,True,neutral
enter senddate letter no permit required,read publication date field,0,3,0.0,10.0,1.245,0.316,0.0,True,neutral
subcase final VVGB completed,phase draft decision made,0,5,0.0,25.0,1.242,0.313,0.0,True,neutral
create continuation letter,submit decision,0,2,0.0,13.3,1.24,0.31,0.0,True,neutral
create continuation letter,submit draft decision,0,2,0.0,13.3,1.24,0.31,0.0,True,neutral
create continuation letter,procedure change,0,2,0.0,13.3,1.24,0.31,0.0,True,neutral
create continuation letter,register objection and appeal periods,0,2,0.0,13.3,1.24,0.31,0.0,True,neutral
create continuation letter,phase decision taken,0,2,0.0,13.3,1.24,0.31,0.0,True,neutral
create continuation letter,decision date prior to decision,0,2,0.0,13.3,1.24,0.31,0.0,True,neutral
objection to permanent suspension accepted,read publication date field,0,1,0.0,20.0,1.222,0.29,0.0,True,neutral
enter date request received,enter suspension term applicant,0,1,0.0,20.0,1.222,0.29,0.0,True,neutral
treat subcase WAW,treat subcases content,0,1,0.0,20.0,1.222,0.29,0.0,True,neutral
treat subcase WAW,subcase WAW completed,0,1,0.0,20.0,1.222,0.29,0.0,True,neutral
objection to permanent suspension accepted,objection to permanent suspension in system,0,1,0.0,20.0,1.222,0.29,0.0,True,neutral
enter date request received,terminate on request,0,1,0.0,20.0,1.222,0.29,0.0,True,neutral
enter date request received,suspend term,0,1,0.0,20.0,1.222,0.29,0.0,True,neutral
mesage request VVGB,publish official draft decision,0,1,0.0,20.0,1.222,0.29,0.0,True,neutral
decision terminate on request,detailed procedure applies,0,1,0.0,20.0,1.222,0.29,0.0,True,neutral
date environmental permit irrevocable,grounds for refusal,0,1,0.0,20.0,1.222,0.29,0.0,True,neutral
regular procedure applies,registrer date of publishing received request,0,4,0.0,25.0,1.222,0.29,0.0,True,neutral
objection to permanent suspension accepted,subcase permanent suspension completed,0,1,0.0,20.0,1.222,0.29,0.0,True,neutral
treat subcase WAW,treat subcases completeness,0,1,0.0,20.0,1.222,0.29,0.0,True,neutral
send procedure confirmation,investigate BAG objects,0,3,0.0,2.1,1.216,0.283,0.0,True,neutral
send procedure confirmation,creating environmental permit decision,0,3,0.0,2.1,1.216,0.283,0.0,True,neutral
send procedure confirmation,term for supplying missing data,0,3,0.0,2.1,1.216,0.283,0.0,True,neutral
send procedure confirmation,enter date publication decision environmental permit,0,3,0.0,2.1,1.216,0.283,0.0,True,neutral
send procedure confirmation,subcases completeness completed,0,3,0.0,2.1,1.216,0.283,0.0,True,neutral
send procedure confirmation,register date environmental permit decision,0,3,0.0,2.1,1.216,0.283,0.0,True,neutral
send procedure confirmation,registration date publication,0,3,0.0,2.1,1.216,0.283,0.0,True,neutral
send procedure confirmation,send confirmation receipt,0,3,0.0,2.1,1.216,0.283,0.0,True,neutral
send procedure confirmation,registrer date of publishing received request,0,3,0.0,2.1,1.216,0.283,0.0,True,neutral
send procedure confirmation,send procedure confirmation,0,3,0.0,2.1,1.216,0.283,0.0,True,neutral
send procedure confirmation,enter senddate retrieve missing data,0,3,0.0,2.1,1.216,0.283,0.0,True,neutral
create decision procedure term extension,phase application receptive,0,3,0.0,4.8,1.21,0.274,0.0,True,neutral
create decision procedure term extension,start decision phase extension granted,0,3,0.0,4.8,1.21,0.274,0.0,True,neutral
create decision procedure term extension,set decision phase decision permitting decided,0,3,0.0,4.8,1.21,0.274,0.0,True,neutral
create decision procedure term extension,create cover letter extend procedure term,0,3,0.0,4.8,1.21,0.274,0.0,True,neutral
create decision procedure term extension,assessment of content completed,0,3,0.0,4.8,1.21,0.274,0.0,True,neutral
create decision procedure term extension,set decision status,0,3,0.0,4.8,1.21,0.274,0.0,True,neutral
create decision procedure term extension,treat subcases content,0,3,0.0,4.8,1.21,0.274,0.0,True,neutral
create decision procedure term extension,enter date decision procedure term extension,0,3,0.0,4.8,1.21,0.274,0.0,True,neutral
extend procedure term,inform BAG administrator,0,1,0.0,0.6,1.207,0.271,0.0,True,neutral
extend procedure term,request complete,0,1,0.0,0.6,1.207,0.271,0.0,True,neutral
extend procedure term,close case,0,1,0.0,0.6,1.207,0.271,0.0,True,neutral
extend procedure term,grounds for refusal,0,1,0.0,0.6,1.207,0.271,0.0,True,neutral
extend procedure term,perspective on draft decision environmental permit received,0,1,0.0,0.6,1.207,0.271,0.0,True,neutral
extend procedure term,WAW permit aspect,0,1,0.0,0.6,1.207,0.271,0.0,True,neutral
extend procedure term,updated plan after review,0,1,0.0,0.6,1.207,0.271,0.0,True,neutral
extend procedure term,creating decision procedure term extension,0,1,0.0,0.6,1.207,0.271,0.0,True,neutral
extend procedure term,create subcases completeness,0,1,0.0,0.6,1.207,0.271,0.0,True,neutral
extend procedure term,create decision procedure term extension,0,1,0.0,0.6,1.207,0.271,0.0,True,neutral
extend procedure term,creating environmental permit decision,0,1,0.0,0.6,1.207,0.271,0.0,True,neutral
extend procedure term,completed subcases content,0,1,0.0,0.6,1.207,0.271,0.0,True,neutral
extend procedure term,enter receipt of additional data,0,1,0.0,0.6,1.207,0.271,0.0,True,neutral
extend procedure term,decision procedure term extension,0,1,0.0,0.6,1.207,0.271,0.0,True,neutral
extend procedure term,applicant is stakeholder,0,1,0.0,0.6,1.207,0.271,0.0,True,neutral
extend procedure term,ask stakeholders views,0,1,0.0,0.6,1.207,0.271,0.0,True,neutral
extend procedure term,phase application received,0,1,0.0,0.6,1.207,0.271,0.0,True,neutral
extend procedure term,term for supplying missing data,0,1,0.0,0.6,1.207,0.271,0.0,True,neutral
extend procedure term,treat subcases completeness,0,1,0.0,0.6,1.207,0.271,0.0,True,neutral
extend procedure term,generating decision environmental permit,0,1,0.0,0.6,1.207,0.271,0.0,True,neutral
extend procedure term,enter senddate retrieve missing data,0,1,0.0,0.6,1.207,0.271,0.0,True,neutral
hearing about draft,treat subcase perspective,0,3,0.0,25.0,1.19,0.252,0.0,True,neutral
hearing about draft,generate draft decision environmental permit,0,3,0.0,25.0,1.19,0.252,0.0,True,neutral
create procedure confirmation,start decision phase decision permitting sent,0,2,0.0,2.1,1.182,0.241,0.0,True,neutral
create procedure confirmation,enter senddate acknowledgement,0,2,0.0,2.1,1.182,0.241,0.0,True,neutral
create procedure confirmation,set decision phase decision permitting decided,0,2,0.0,2.1,1.182,0.241,0.0,True,neutral
create procedure confirmation,OLO messaging active,0,2,0.0,2.1,1.182,0.241,0.0,True,neutral
create procedure confirmation,completed subcases content,0,2,0.0,2.1,1.182,0.241,0.0,True,neutral
create procedure confirmation,activities regular procedure,0,2,0.0,2.1,1.182,0.241,0.0,True,neutral
create procedure confirmation,send confirmation receipt,0,2,0.0,2.1,1.182,0.241,0.0,True,neutral
create procedure confirmation,article 34  WABO applies,0,2,0.0,2.1,1.182,0.241,0.0,True,neutral
create procedure confirmation,forward to the competent authority,0,2,0.0,2.1,1.182,0.241,0.0,True,neutral
create procedure confirmation,applicant is stakeholder,0,2,0.0,2.1,1.182,0.241,0.0,True,neutral
create procedure confirmation,extend procedure term,0,2,0.0,2.1,1.182,0.241,0.0,True,neutral
create procedure confirmation,procedure change after completeness,0,2,0.0,2.1,1.182,0.241,0.0,True,neutral
create procedure confirmation,suspension ground applicable,0,2,0.0,2.1,1.182,0.241,0.0,True,neutral
create procedure confirmation,calculate provisional charges,0,2,0.0,2.1,1.182,0.241,0.0,True,neutral
create procedure confirmation,suspend term,0,2,0.0,2.1,1.182,0.241,0.0,True,neutral
create procedure confirmation,terminate on request,0,2,0.0,2.1,1.182,0.241,0.0,True,neutral
generating decision environmental permit,phase application received,0,5,0.0,2.9,1.168,0.224,0.0,True,neutral
generating decision environmental permit,generate draft decision environmental permit,0,5,0.0,2.9,1.168,0.224,0.0,True,neutral
detailed procedure applies,decision permanently suspended,0,4,0.0,26.7,1.148,0.199,0.0,True,neutral
enter senddate acknowledgement,send procedure confirmation,0,4,0.0,3.1,1.142,0.192,0.0,True,neutral
enter senddate acknowledgement,phase application received,0,4,0.0,3.1,1.142,0.192,0.0,True,neutral
enter senddate acknowledgement,enter date decision suspension,0,4,0.0,3.1,1.142,0.192,0.0,True,neutral
enter senddate acknowledgement,enter date decision procedure term extension,0,4,0.0,3.1,1.142,0.192,0.0,True,neutral
enter senddate acknowledgement,ask stakeholders views,0,4,0.0,3.1,1.142,0.192,0.0,True,neutral
create subcases present decision,subcases completed present decision,0,2,0.0,25.0,1.133,0.181,0.0,True,neutral
subcase art. 35 WABO completed,refusal after suspension,0,2,0.0,25.0,1.133,0.181,0.0,True,neutral
create subcases present decision,enrich decision,0,2,0.0,25.0,1.133,0.181,0.0,True,neutral
subcase art. 35 WABO completed,treat subcase suspension art. 33 WABO,0,2,0.0,25.0,1.133,0.181,0.0,True,neutral
enrich decision,treat subcases completeness,0,2,0.0,25.0,1.133,0.181,0.0,True,neutral
enrich decision,creating environmental permit decision,0,2,0.0,25.0,1.133,0.181,0.0,True,neutral
partly permit,treat subcases completeness,0,2,0.0,25.0,1.133,0.181,0.0,True,neutral
process received advice,decision date prior to decision,0,2,0.0,25.0,1.133,0.181,0.0,True,neutral
process received advice,phase decision sent,0,2,0.0,25.0,1.133,0.181,0.0,True,neutral
process received advice,treat subcases content,0,2,0.0,25.0,1.133,0.181,0.0,True,neutral
subcase art. 35 WABO completed,treat subcase suspension art. 35 WABO,0,2,0.0,25.0,1.133,0.181,0.0,True,neutral
coordination of application,phase decision ready,0,2,0.0,8.0,1.133,0.181,0.0,True,neutral
coordination of application,phase advice known,0,2,0.0,8.0,1.133,0.181,0.0,True,neutral
coordination of application,set decision status,0,2,0.0,8.0,1.133,0.181,0.0,True,neutral
coordination of application,subcases completeness completed,0,2,0.0,8.0,1.133,0.181,0.0,True,neutral
coordination of application,no permit needed or only notification needed,0,2,0.0,8.0,1.133,0.181,0.0,True,neutral
coordination of application,treat subcase perspective,0,2,0.0,8.0,1.133,0.181,0.0,True,neutral
contested decision affected,phase appeal lodged,0,2,0.0,25.0,1.133,0.181,0.0,True,neutral
subcase WAW completed,WAW request permanently suspended,0,2,0.0,25.0,1.133,0.181,0.0,True,neutral
create subcases present decision,start decision phase decision permitting sent,0,2,0.0,25.0,1.133,0.181,0.0,True,neutral
creating cover letter no permit required,send letter in progress,0,5,0.0,27.8,1.121,0.165,0.0,True,neutral
enter senddate request termination,enter date termination request received,0,6,0.0,28.6,1.103,0.141,0.0,True,neutral
partly permit application,phase advice known,0,3,0.0,27.3,1.095,0.131,0.0,True,neutral
partly permit application,partly permit,0,3,0.0,27.3,1.095,0.131,0.0,True,neutral
enter senddate party permitted,enter senddate decision environmental permit,0,3,0.0,27.3,1.095,0.131,0.0,True,neutral
date for inspection MER,publish,0,3,0.0,27.3,1.095,0.131,0.0,True,neutral
create letter no permit or only notification required,forward to the competent authority,0,3,0.0,27.3,1.095,0.131,0.0,True,neutral
create suspension competent authority,suspend term,0,3,0.0,27.3,1.095,0.131,0.0,True,neutral
create letter no permit or only notification required,suspend term,0,3,0.0,27.3,1.095,0.131,0.0,True,neutral
partly permit application,phase decision ready,0,3,0.0,27.3,1.095,0.131,0.0,True,neutral
create monitoring case oversight,phase decision sent,0,3,0.0,27.3,1.095,0.131,0.0,True,neutral
set decision status,transcript decision environmental permit to stakeholders,0,4,0.0,1.6,1.087,0.121,0.0,True,neutral
set decision status,subcase art. 33 WABO completed,0,4,0.0,1.6,1.087,0.121,0.0,True,neutral
set decision status,set decision phase inspection of decision permitting,0,4,0.0,1.6,1.087,0.121,0.0,True,neutral
set decision status,start decision phase permanent suspension sent,0,4,0.0,1.6,1.087,0.121,0.0,True,neutral
set decision status,register date environmental permit decision,0,4,0.0,1.6,1.087,0.121,0.0,True,neutral
set decision status,start WABOprocedure,0,4,0.0,1.6,1.087,0.121,0.0,True,neutral
set decision status,phase archived case,0,4,0.0,1.6,1.087,0.121,0.0,True,neutral
set decision status,investigate BAG objects,0,4,0.0,1.6,1.087,0.121,0.0,True,neutral
set decision status,enter date decision suspension,0,4,0.0,1.6,1.087,0.121,0.0,True,neutral
set decision status,decision date prior to decision,0,4,0.0,1.6,1.087,0.121,0.0,True,neutral
set decision status,creating decision suspension art. 33 WABO,0,4,0.0,1.6,1.087,0.121,0.0,True,neutral
set decision status,creating cover letter decision,0,4,0.0,1.6,1.087,0.121,0.0,True,neutral
set decision status,generate draft decision environmental permit,0,4,0.0,1.6,1.087,0.121,0.0,True,neutral
set decision status,enter senddate decision permanent suspension,0,4,0.0,1.6,1.087,0.121,0.0,True,neutral
enter senddate decision,phase decision ready,0,2,0.0,2.2,1.085,0.117,0.0,True,neutral
enter senddate decision,transcript decision environmental permit to stakeholders,0,2,0.0,2.2,1.085,0.117,0.0,True,neutral
enter senddate decision,create publication document,0,2,0.0,2.2,1.085,0.117,0.0,True,neutral
enter senddate decision,appeal logded,0,2,0.0,2.2,1.085,0.117,0.0,True,neutral
enter senddate decision,enter date draft decisionenvironmental permit,0,2,0.0,2.2,1.085,0.117,0.0,True,neutral
enter senddate decision,send design decision to stakeholders,0,2,0.0,2.2,1.085,0.117,0.0,True,neutral
enter senddate decision,completed subcases content,0,2,0.0,2.2,1.085,0.117,0.0,True,neutral
enter senddate decision,submit decision,0,2,0.0,2.2,1.085,0.117,0.0,True,neutral
enter senddate decision,start WABOprocedure,0,2,0.0,2.2,1.085,0.117,0.0,True,neutral
enter senddate decision,set decision phase decision permitting decided,0,2,0.0,2.2,1.085,0.117,0.0,True,neutral
enter senddate decision,enter date publication decision environmental permit,0,2,0.0,2.2,1.085,0.117,0.0,True,neutral
enter senddate decision,phase draft decision made,0,2,0.0,2.2,1.085,0.117,0.0,True,neutral
enter senddate decision,record date of decision environmental permit,0,2,0.0,2.2,1.085,0.117,0.0,True,neutral
enter senddate decision,create monitoring case,0,2,0.0,2.2,1.085,0.117,0.0,True,neutral
enter senddate decision,enter senddate decision environmental permit,0,2,0.0,2.2,1.085,0.117,0.0,True,neutral
enter senddate decision,read publication date field,0,2,0.0,2.2,1.085,0.117,0.0,True,neutral
set decision phase decision permitting decided,create draft environtmental permit,1,3,1.7,2.0,1.084,0.116,-0.013,True,neutral
enter senddate procedure term extension,register objection and appeal periods,0,3,0.0,7.3,1.078,0.108,0.0,True,neutral
enter senddate procedure term extension,reason for suspension found,0,3,0.0,7.3,1.078,0.108,0.0,True,neutral
enter senddate procedure term extension,phase asked additional information,0,3,0.0,7.3,1.078,0.108,0.0,True,neutral
request complete,phase updated plan requested,0,4,0.0,2.4,1.076,0.106,0.0,True,neutral
request complete,create continuation letter,0,4,0.0,2.4,1.076,0.106,0.0,True,neutral
subcases reassessment plan completed,ground for refusal after reassessment plan,0,4,0.0,28.6,1.074,0.103,0.0,True,neutral
objection to extension procedure term receptive,creating environmental permit decision,0,4,0.0,28.6,1.074,0.103,0.0,True,neutral
treat subcase suspension art. 34 WABO,subcase art. 35 WABO completed,0,4,0.0,28.6,1.074,0.103,0.0,True,neutral
assessment of content completed,send procedure confirmation,0,2,0.0,1.2,1.066,0.092,0.0,True,neutral
assessment of content completed,send confirmation receipt,0,2,0.0,1.2,1.066,0.092,0.0,True,neutral
assessment of content completed,send decision suspension,0,2,0.0,1.2,1.066,0.092,0.0,True,neutral
assessment of content completed,start decisionphase draft decision - permitting decided,0,2,0.0,1.2,1.066,0.092,0.0,True,neutral
assessment of content completed,registration date publication,0,2,0.0,1.2,1.066,0.092,0.0,True,neutral
assessment of content completed,set decision phase decision permitting decided,0,2,0.0,1.2,1.066,0.092,0.0,True,neutral
assessment of content completed,set decision phase suspension decided,0,2,0.0,1.2,1.066,0.092,0.0,True,neutral
assessment of content completed,grounds for refusal,0,2,0.0,1.2,1.066,0.092,0.0,True,neutral
assessment of content completed,partly permit application,0,2,0.0,1.2,1.066,0.092,0.0,True,neutral
assessment of content completed,phase concept decision ready,0,2,0.0,1.2,1.066,0.092,0.0,True,neutral
assessment of content completed,phase application receptive,0,2,0.0,1.2,1.066,0.092,0.0,True,neutral
assessment of content completed,phase advice known,0,2,0.0,1.2,1.066,0.092,0.0,True,neutral
assessment of content completed,inform BAG administrator,0,2,0.0,1.2,1.066,0.092,0.0,True,neutral
assessment of content completed,no permit needed or only notification needed,0,2,0.0,1.2,1.066,0.092,0.0,True,neutral
assessment of content completed,open draft decision for inspection,0,2,0.0,1.2,1.066,0.092,0.0,True,neutral
assessment of content completed,phase concept draft decision ready,0,2,0.0,1.2,1.066,0.092,0.0,True,neutral
assessment of content completed,subcases completeness completed,0,2,0.0,1.2,1.066,0.092,0.0,True,neutral
assessment of content completed,start decision phase decision permitting sent,0,2,0.0,1.2,1.066,0.092,0.0,True,neutral
assessment of content completed,publish official draft decision,0,2,0.0,1.2,1.066,0.092,0.0,True,neutral
assessment of content completed,set decision status,0,2,0.0,1.2,1.066,0.092,0.0,True,neutral
assessment of content completed,resume completeness subcases,0,2,0.0,1.2,1.066,0.092,0.0,True,neutral
assessment of content completed,create draft environtmental permit,0,2,0.0,1.2,1.066,0.092,0.0,True,neutral
assessment of content completed,enter date advice on treatment of environmental permit,0,2,0.0,1.2,1.066,0.092,0.0,True,neutral
assessment of content completed,suspension ground applicable,0,2,0.0,1.2,1.066,0.092,0.0,True,neutral
assessment of content completed,submit draft decision,0,2,0.0,1.2,1.066,0.092,0.0,True,neutral
assessment of content completed,updated plan received,0,2,0.0,1.2,1.066,0.092,0.0,True,neutral
assessment of content completed,enter date draft decisionenvironmental permit,0,2,0.0,1.2,1.066,0.092,0.0,True,neutral
assessment of content completed,completed subcases content,0,2,0.0,1.2,1.066,0.092,0.0,True,neutral
assessment of content completed,enter publication date draft decision,0,2,0.0,1.2,1.066,0.092,0.0,True,neutral
assessment of content completed,treat subcases content,0,2,0.0,1.2,1.066,0.092,0.0,True,neutral
enter senddate letter to stakeholders,phase application received,91,3,27.3,23.1,1.058,0.082,-0.079,True,neutral
stop suspended completeness subcases,create cover letter draft decision,0,6,0.0,30.0,1.051,0.072,0.0,True,neutral
phase concept draft decision ready,create draft environtmental permit,0,2,0.0,2.3,1.048,0.068,0.0,True,neutral
phase concept draft decision ready,entering senddate draft decision environmental permit,0,2,0.0,2.3,1.048,0.068,0.0,True,neutral
phase concept draft decision ready,enter senddate decision,0,2,0.0,2.3,1.048,0.068,0.0,True,neutral
phase concept draft decision ready,treat subcases content,0,2,0.0,2.3,1.048,0.068,0.0,True,neutral
phase concept draft decision ready,creating environmental permit decision,0,2,0.0,2.3,1.048,0.068,0.0,True,neutral
phase concept draft decision ready,phase asked additional information,0,2,0.0,2.3,1.048,0.068,0.0,True,neutral
phase concept draft decision ready,date draft decision for inspection,0,2,0.0,2.3,1.048,0.068,0.0,True,neutral
phase concept draft decision ready,treat subcases completeness,0,2,0.0,2.3,1.048,0.068,0.0,True,neutral
phase concept draft decision ready,submit draft decision,0,2,0.0,2.3,1.048,0.068,0.0,True,neutral
phase concept draft decision ready,registrer date of publishing received request,0,2,0.0,2.3,1.048,0.068,0.0,True,neutral
phase concept draft decision ready,set decision phase inspection of decision permitting,0,2,0.0,2.3,1.048,0.068,0.0,True,neutral
phase concept draft decision ready,subcases completeness completed,0,2,0.0,2.3,1.048,0.068,0.0,True,neutral
phase concept draft decision ready,enter senddate decision environmental permit,0,2,0.0,2.3,1.048,0.068,0.0,True,neutral
phase concept draft decision ready,dismiss under mandate,0,2,0.0,2.3,1.048,0.068,0.0,True,neutral
phase concept draft decision ready,phase concept draft decision ready,0,2,0.0,2.3,1.048,0.068,0.0,True,neutral
enter date publication decision environmental permit,reception through OLO,0,3,0.0,3.3,1.034,0.049,0.0,True,neutral
enter date publication decision environmental permit,registration date publication,0,3,0.0,3.3,1.034,0.049,0.0,True,neutral
enter date publication decision environmental permit,phase archived case,0,3,0.0,3.3,1.034,0.049,0.0,True,neutral
enter date publication decision environmental permit,stop all running subcases 2b,0,3,0.0,3.3,1.034,0.049,0.0,True,neutral
enter date publication decision environmental permit,new decision or reassessment,0,3,0.0,3.3,1.034,0.049,0.0,True,neutral
enter date publication decision environmental permit,phase draft decision made,0,3,0.0,3.3,1.034,0.049,0.0,True,neutral
enter date publication decision environmental permit,enter date publication decision environmental permit,0,3,0.0,3.3,1.034,0.049,0.0,True,neutral
enter date publication decision environmental permit,mutation BAG carry objects,0,3,0.0,3.3,1.034,0.049,0.0,True,neutral
enter date publication decision environmental permit,suspend term,0,3,0.0,3.3,1.034,0.049,0.0,True,neutral
enter date publication decision environmental permit,close case,0,3,0.0,3.3,1.034,0.049,0.0,True,neutral
create monitoring case,phase draft decision ready,0,1,0.0,2.4,1.025,0.035,0.0,True,neutral
create monitoring case,phase appeal lodged,0,1,0.0,2.4,1.025,0.035,0.0,True,neutral
create monitoring case,date decision for inspection,0,1,0.0,2.4,1.025,0.035,0.0,True,neutral
create monitoring case,phase case handled,0,1,0.0,2.4,1.025,0.035,0.0,True,neutral
create monitoring case,treat appeal subcase,0,1,0.0,2.4,1.025,0.035,0.0,True,neutral
create monitoring case,set decision phase decision permitting decided,0,1,0.0,2.4,1.025,0.035,0.0,True,neutral
create monitoring case,assessment of content completed,0,1,0.0,2.4,1.025,0.035,0.0,True,neutral
create monitoring case,treat objection subcase,0,1,0.0,2.4,1.025,0.035,0.0,True,neutral
submit draft decision,phase draft decision ready,0,2,0.0,2.6,1.013,0.018,0.0,True,neutral
submit draft decision,open draft decision for inspection,0,2,0.0,2.6,1.013,0.018,0.0,True,neutral
submit draft decision,request complete,0,2,0.0,2.6,1.013,0.018,0.0,True,neutral
submit draft decision,procedure change,0,2,0.0,2.6,1.013,0.018,0.0,True,neutral
treat objection subcase,objection subcase completed,0,3,0.0,30.0,1.0,0.0,0.0,True,neutral
first phase affected,date for inspection MER,0,1,0.0,25.0,1.0,0.0,0.0,True,neutral
subcase permanent suspension completed,cancel BAG objects research,0,1,0.0,25.0,1.0,0.0,0.0,True,neutral
message request advice,procedure change,0,3,0.0,30.0,1.0,0.0,0.0,True,neutral
treat subcase suspension art. 35 WABO,subcase art. 35 WABO completed,0,2,0.0,28.6,1.0,0.0,0.0,True,neutral
treat subcase permanent suspension,start phase drop permanent suspension,0,2,0.0,28.6,1.0,0.0,0.0,True,neutral
set phase,message change status,0,2,0.0,16.7,1.0,0.0,0.0,True,neutral
set phase,generate publication document decision environmental permit,0,2,0.0,16.7,1.0,0.0,0.0,True,neutral
start phase drop permanent suspension,request complete,0,1,0.0,25.0,1.0,0.0,0.0,True,neutral
treat subcase suspension art. 35 WABO,generating decision environmental permit,0,2,0.0,28.6,1.0,0.0,0.0,True,neutral
create decision terminate on request,activities regular procedure,0,3,0.0,30.0,1.0,0.0,0.0,True,neutral
send send confirmation competent authority,phase forwarded to competent authority,0,2,0.0,28.6,1.0,0.0,0.0,True,neutral
receive request extension,date continuation term to decision,0,2,0.0,28.6,1.0,0.0,0.0,True,neutral
phase procedure extended,creating decision procedure term extension,0,1,0.0,2.0,1.0,0.0,0.0,True,neutral
enter senddate information request,enter receipt of additional data,0,1,0.0,25.0,1.0,0.0,0.0,True,neutral
subcase permanent suspension completed,phase case handled,0,1,0.0,25.0,1.0,0.0,0.0,True,neutral
phase procedure extended,set decision status,0,1,0.0,2.0,1.0,0.0,0.0,True,neutral
treat subcase suspension art. 35 WABO,by law,0,2,0.0,28.6,1.0,0.0,0.0,True,neutral
first phase affected,start phased application,0,1,0.0,25.0,1.0,0.0,0.0,True,neutral
subcase preliminary injunction completed,objection subcase completed,0,2,0.0,28.6,1.0,0.0,0.0,True,neutral
register date decision terminate on request,regular procedure without MER,0,5,0.0,31.2,1.0,0.0,0.0,True,neutral
objections and preliminary injunction in system,phase objection filed,0,1,0.0,25.0,1.0,0.0,0.0,True,neutral
WAW request permanently suspended,procedure change after completeness,0,3,0.0,30.0,1.0,0.0,0.0,True,neutral
treat subcases reassessment plan,generating decision environmental permit,0,5,0.0,31.2,1.0,0.0,0.0,True,neutral
WAW request permanently suspended,activities regular procedure,0,3,0.0,30.0,1.0,0.0,0.0,True,neutral
appeal and preliminary injunction in system,appealed to higher court,0,3,0.0,30.0,1.0,0.0,0.0,True,neutral
phase only notification required,enter senddate letter no permit or only notification required,0,1,0.0,25.0,1.0,0.0,0.0,True,neutral
phase only notification required,enter senddate acknowledgement,0,1,0.0,25.0,1.0,0.0,0.0,True,neutral
phase procedure extended,completed subcases content,0,1,0.0,2.0,1.0,0.0,0.0,True,neutral
enter senddate letter to competent authority,enter senddate letter to stakeholders,0,4,0.0,30.8,1.0,0.0,0.0,True,neutral
phase procedure extended,enter date decision procedure term extension,0,1,0.0,2.0,1.0,0.0,0.0,True,neutral
phase procedure extended,creating environmental permit decision,0,1,0.0,2.0,1.0,0.0,0.0,True,neutral
enter senddate information request,send information request,0,1,0.0,25.0,1.0,0.0,0.0,True,neutral
objections and preliminary injunction in system,treat objection subcase,0,1,0.0,25.0,1.0,0.0,0.0,True,neutral
receive request extension,register number of days extension period,0,2,0.0,28.6,1.0,0.0,0.0,True,neutral
term for submitting updated plan,publish,0,6,0.0,31.6,1.0,0.0,0.0,True,neutral
enter objectionterm,request complete,0,4,0.0,30.8,1.0,0.0,0.0,True,neutral
updated plan after perspective,decision date prior to decision,0,3,0.0,30.0,1.0,0.0,0.0,True,neutral
registration receipt further information,send acknowledgement further information,0,3,0.0,30.0,1.0,0.0,0.0,True,neutral
registration receipt further information,WAW permit aspect,0,3,0.0,30.0,1.0,0.0,0.0,True,neutral
create draft environtmental permit,phase additional information received,0,2,0.0,2.3,0.989,-0.017,0.0,True,neutral
create draft environtmental permit,send confirmation receipt,0,2,0.0,2.3,0.989,-0.017,0.0,True,neutral
create draft environtmental permit,register suspension by competent authority,0,2,0.0,2.3,0.989,-0.017,0.0,True,neutral
create draft environtmental permit,registration date publication,0,2,0.0,2.3,0.989,-0.017,0.0,True,neutral
create draft environtmental permit,inform BAG administrator,0,2,0.0,2.3,0.989,-0.017,0.0,True,neutral
create draft environtmental permit,message change status,0,2,0.0,2.3,0.989,-0.017,0.0,True,neutral
create draft environtmental permit,phase concept draft decision ready,0,2,0.0,2.3,0.989,-0.017,0.0,True,neutral
create draft environtmental permit,phase draft decision made,0,2,0.0,2.3,0.989,-0.017,0.0,True,neutral
create draft environtmental permit,suspend term,0,2,0.0,2.3,0.989,-0.017,0.0,True,neutral
create draft environtmental permit,send procedure confirmation,0,2,0.0,2.3,0.989,-0.017,0.0,True,neutral
generating decision environmental permit,enter senddate draft decision,0,6,0.0,3.5,0.989,-0.017,0.0,True,neutral
create draft environtmental permit,received OLO documents,0,2,0.0,2.3,0.989,-0.017,0.0,True,neutral
phase advice known,enter senddate decision environmental permit,0,4,0.0,1.8,0.978,-0.032,0.0,True,neutral
phase advice known,assessment of content completed,0,4,0.0,1.8,0.978,-0.032,0.0,True,neutral
phase advice known,subcase perspective complete,0,4,0.0,1.8,0.978,-0.032,0.0,True,neutral
phase advice known,treat subcase suspension art. 33 WABO,0,4,0.0,1.8,0.978,-0.032,0.0,True,neutral
phase advice known,investigate BAG objects,0,4,0.0,1.8,0.978,-0.032,0.0,True,neutral
phase advice known,phase draft decision ready,0,4,0.0,1.8,0.978,-0.032,0.0,True,neutral
phase advice known,phase decision sent,0,4,0.0,1.8,0.978,-0.032,0.0,True,neutral
phase advice known,generate publication document decision environmental permit,0,4,0.0,1.8,0.978,-0.032,0.0,True,neutral
phase advice known,request updated plan,0,4,0.0,1.8,0.978,-0.032,0.0,True,neutral
phase advice known,start WABOprocedure,0,4,0.0,1.8,0.978,-0.032,0.0,True,neutral
enter senddate letter no permit required,generating decision no permit required,0,4,0.0,13.3,0.968,-0.047,0.0,True,neutral
calculate final charges,creating cover letter decision,0,2,0.0,9.5,0.956,-0.066,0.0,True,neutral
calculate final charges,start decision phase decision permitting sent,0,2,0.0,9.5,0.956,-0.066,0.0,True,neutral
calculate final charges,phase decision taken,0,2,0.0,9.5,0.956,-0.066,0.0,True,neutral
send procedure confirmation,read field phased application,0,4,0.0,2.9,0.946,-0.08,0.0,True,neutral
send procedure confirmation,WAW permit aspect,0,4,0.0,2.9,0.946,-0.08,0.0,True,neutral
send procedure confirmation,applicant is stakeholder,0,4,0.0,2.9,0.946,-0.08,0.0,True,neutral
send procedure confirmation,inform BAG administrator,0,4,0.0,2.9,0.946,-0.08,0.0,True,neutral
send procedure confirmation,treat subcases content,0,4,0.0,2.9,0.946,-0.08,0.0,True,neutral
send procedure confirmation,treat subcases completeness,0,4,0.0,2.9,0.946,-0.08,0.0,True,neutral
register date environmental permit decision,registrer date of publishing received request,0,3,0.0,2.2,0.944,-0.083,0.0,True,neutral
register date environmental permit decision,final VVGB applications,0,3,0.0,2.2,0.944,-0.083,0.0,True,neutral
register date environmental permit decision,generating decision environmental permit,0,3,0.0,2.2,0.944,-0.083,0.0,True,neutral
register date environmental permit decision,forward to the competent authority,0,3,0.0,2.2,0.944,-0.083,0.0,True,neutral
register date environmental permit decision,continue or abort mutation BAG objects,0,3,0.0,2.2,0.944,-0.083,0.0,True,neutral
register date environmental permit decision,phase decision taken,0,3,0.0,2.2,0.944,-0.083,0.0,True,neutral
register date environmental permit decision,enter senddate decision environmental permit,0,3,0.0,2.2,0.944,-0.083,0.0,True,neutral
register date environmental permit decision,entering senddate draft decision environmental permit,0,3,0.0,2.2,0.944,-0.083,0.0,True,neutral
register date environmental permit decision,completed subcases content,0,3,0.0,2.2,0.944,-0.083,0.0,True,neutral
create decision procedure term extension,procedure change,0,4,0.0,6.3,0.941,-0.088,0.0,True,neutral
create decision procedure term extension,enter senddate decision procedure term extension,0,4,0.0,6.3,0.941,-0.088,0.0,True,neutral
decided on draft decision environmental permit,phase concept draft decision ready,0,5,0.0,33.3,0.939,-0.09,0.0,True,neutral
enter senddate acknowledgement,term for supplying missing data,0,5,0.0,3.9,0.935,-0.098,0.0,True,neutral
publish,phase application receptive,0,2,0.0,2.5,0.931,-0.102,0.0,True,neutral
publish,phase asked additional information,0,2,0.0,2.5,0.931,-0.102,0.0,True,neutral
publish,forward to the competent authority,0,2,0.0,2.5,0.931,-0.102,0.0,True,neutral
publish,extend procedure term,0,2,0.0,2.5,0.931,-0.102,0.0,True,neutral
publish,enter senddate request termination,0,2,0.0,2.5,0.931,-0.102,0.0,True,neutral
publish,request complete,0,2,0.0,2.5,0.931,-0.102,0.0,True,neutral
publish,treat subcases completeness,0,2,0.0,2.5,0.931,-0.102,0.0,True,neutral
publish,registration date publication,0,2,0.0,2.5,0.931,-0.102,0.0,True,neutral
publish,MER present,0,2,0.0,2.5,0.931,-0.102,0.0,True,neutral
publish,suspend term,0,2,0.0,2.5,0.931,-0.102,0.0,True,neutral
publish,calculate provisional charges,0,2,0.0,2.5,0.931,-0.102,0.0,True,neutral
publish,cancel case,0,2,0.0,2.5,0.931,-0.102,0.0,True,neutral
publish,MER required,0,2,0.0,2.5,0.931,-0.102,0.0,True,neutral
further information received,procedure change,0,4,0.0,33.3,0.926,-0.111,0.0,True,neutral
subcases completeness completed,procedure change after completeness,0,2,0.0,1.0,0.922,-0.117,0.0,True,neutral
subcases completeness completed,request complete,0,2,0.0,1.0,0.922,-0.117,0.0,True,neutral
subcases completeness completed,start WABOprocedure,0,2,0.0,1.0,0.922,-0.117,0.0,True,neutral
subcases completeness completed,enter senddate retrieve missing data,0,2,0.0,1.0,0.922,-0.117,0.0,True,neutral
subcases completeness completed,phase draft decision ready,0,2,0.0,1.0,0.922,-0.117,0.0,True,neutral
subcases completeness completed,entering senddate draft decision environmental permit,0,2,0.0,1.0,0.922,-0.117,0.0,True,neutral
subcases completeness completed,phase decision ready,0,2,0.0,1.0,0.922,-0.117,0.0,True,neutral
subcases completeness completed,investigate BAG objects,0,2,0.0,1.0,0.922,-0.117,0.0,True,neutral
subcases completeness completed,register date environmental permit decision,0,2,0.0,1.0,0.922,-0.117,0.0,True,neutral
subcases completeness completed,ask stakeholders views,0,2,0.0,1.0,0.922,-0.117,0.0,True,neutral
subcases completeness completed,applicant is stakeholder,0,2,0.0,1.0,0.922,-0.117,0.0,True,neutral
subcases completeness completed,create letter requesting missing data,0,2,0.0,1.0,0.922,-0.117,0.0,True,neutral
subcases completeness completed,decision terminate on request,0,2,0.0,1.0,0.922,-0.117,0.0,True,neutral
subcases completeness completed,article 34  WABO applies,0,2,0.0,1.0,0.922,-0.117,0.0,True,neutral
subcases completeness completed,reason for suspension found,0,2,0.0,1.0,0.922,-0.117,0.0,True,neutral
subcases completeness completed,enter senddate decision,0,2,0.0,1.0,0.922,-0.117,0.0,True,neutral
subcases completeness completed,enter date advice on treatment of environmental permit,0,2,0.0,1.0,0.922,-0.117,0.0,True,neutral
subcases completeness completed,transcript decision environmental permit to stakeholders,0,2,0.0,1.0,0.922,-0.117,0.0,True,neutral
subcases completeness completed,start decision phase extension granted,0,2,0.0,1.0,0.922,-0.117,0.0,True,neutral
subcases completeness completed,start decisionphase draft decision - permitting decided,0,2,0.0,1.0,0.922,-0.117,0.0,True,neutral
subcases completeness completed,submit decision,0,2,0.0,1.0,0.922,-0.117,0.0,True,neutral
subcases completeness completed,enter senddate decision suspension,0,2,0.0,1.0,0.922,-0.117,0.0,True,neutral
subcases completeness completed,phase procedure extended,0,2,0.0,1.0,0.922,-0.117,0.0,True,neutral
subcases completeness completed,phase permanently suspended,0,2,0.0,1.0,0.922,-0.117,0.0,True,neutral
subcases completeness completed,phase advice known,0,2,0.0,1.0,0.922,-0.117,0.0,True,neutral
subcases completeness completed,set decision status,0,2,0.0,1.0,0.922,-0.117,0.0,True,neutral
subcases completeness completed,set decision phase: draft decision for inspection,0,2,0.0,1.0,0.922,-0.117,0.0,True,neutral
subcases completeness completed,suspend term,0,2,0.0,1.0,0.922,-0.117,0.0,True,neutral
continuation term to decision,subcases completeness completed,43,3,13.4,13.0,0.906,-0.143,-0.301,True,neutral
new decision or reassessment,appeal logded,0,3,0.0,33.3,0.905,-0.144,0.0,True,neutral
new decision or reassessment,procedure change,0,3,0.0,33.3,0.905,-0.144,0.0,True,neutral
transcript decision environmental permit to stakeholders,treat subcases content,0,3,0.0,2.2,0.9,-0.151,0.0,True,neutral
transcript decision environmental permit to stakeholders,treat subcases completeness,0,3,0.0,2.2,0.9,-0.151,0.0,True,neutral
transcript decision environmental permit to stakeholders,registration date publication,0,3,0.0,2.2,0.9,-0.151,0.0,True,neutral
transcript decision environmental permit to stakeholders,subcases completeness completed,0,3,0.0,2.2,0.9,-0.151,0.0,True,neutral
transcript decision environmental permit to stakeholders,subcases completed present decision,0,3,0.0,2.2,0.9,-0.151,0.0,True,neutral
transcript decision environmental permit to stakeholders,subcase perspective complete,0,3,0.0,2.2,0.9,-0.151,0.0,True,neutral
transcript decision environmental permit to stakeholders,date decision for inspection,0,3,0.0,2.2,0.9,-0.151,0.0,True,neutral
transcript decision environmental permit to stakeholders,phase application receptive,0,3,0.0,2.2,0.9,-0.151,0.0,True,neutral
transcript decision environmental permit to stakeholders,phase archived case,0,3,0.0,2.2,0.9,-0.151,0.0,True,neutral
transcript decision environmental permit to stakeholders,phase case handled,0,3,0.0,2.2,0.9,-0.151,0.0,True,neutral
transcript decision environmental permit to stakeholders,read publication date field,0,3,0.0,2.2,0.9,-0.151,0.0,True,neutral
transcript decision environmental permit to stakeholders,enter senddate decision,0,3,0.0,2.2,0.9,-0.151,0.0,True,neutral
transcript decision environmental permit to stakeholders,enter senddate decision environmental permit,0,3,0.0,2.2,0.9,-0.151,0.0,True,neutral
transcript decision environmental permit to stakeholders,generate publication document decision environmental permit,0,3,0.0,2.2,0.9,-0.151,0.0,True,neutral
transcript decision environmental permit to stakeholders,phase advice known,0,3,0.0,2.2,0.9,-0.151,0.0,True,neutral
transcript decision environmental permit to stakeholders,enter senddate acknowledgement,0,3,0.0,2.2,0.9,-0.151,0.0,True,neutral
transcript decision environmental permit to stakeholders,phase concept draft decision ready,0,3,0.0,2.2,0.9,-0.151,0.0,True,neutral
transcript decision environmental permit to stakeholders,objection lodged against decision,0,3,0.0,2.2,0.9,-0.151,0.0,True,neutral
enter senddate letter no permit or only notification required,register deadline,0,6,0.0,35.3,0.897,-0.156,0.0,True,neutral
no permit needed or only notification needed,enter receipt of additional data,0,2,0.0,1.6,0.895,-0.16,0.0,True,neutral
no permit needed or only notification needed,applicant is stakeholder,0,2,0.0,1.6,0.895,-0.16,0.0,True,neutral
no permit needed or only notification needed,procedure change after completeness,0,2,0.0,1.6,0.895,-0.16,0.0,True,neutral
no permit needed or only notification needed,receive additional information,0,2,0.0,1.6,0.895,-0.16,0.0,True,neutral
no permit needed or only notification needed,send confirmation receipt additional data,0,2,0.0,1.6,0.895,-0.16,0.0,True,neutral
no permit needed or only notification needed,send procedure confirmation,0,2,0.0,1.6,0.895,-0.16,0.0,True,neutral
no permit needed or only notification needed,inform BAG administrator,0,2,0.0,1.6,0.895,-0.16,0.0,True,neutral
no permit needed or only notification needed,request complete,0,2,0.0,1.6,0.895,-0.16,0.0,True,neutral
no permit needed or only notification needed,enter senddate letter no permit or only notification required,0,2,0.0,1.6,0.895,-0.16,0.0,True,neutral
no permit needed or only notification needed,final VVGB applications,0,2,0.0,1.6,0.895,-0.16,0.0,True,neutral
no permit needed or only notification needed,phase asked additional information,0,2,0.0,1.6,0.895,-0.16,0.0,True,neutral
no permit needed or only notification needed,retrieve missing data,0,2,0.0,1.6,0.895,-0.16,0.0,True,neutral
no permit needed or only notification needed,extend procedure term,0,2,0.0,1.6,0.895,-0.16,0.0,True,neutral
treat subcases completeness,enter receipt of additional data,0,2,0.0,1.1,0.892,-0.165,0.0,True,neutral
treat subcases completeness,treat subcases content,0,2,0.0,1.1,0.892,-0.165,0.0,True,neutral
treat subcases completeness,registration date publication,0,2,0.0,1.1,0.892,-0.165,0.0,True,neutral
treat subcases completeness,decision extension procedure term irrevocable,0,2,0.0,1.1,0.892,-0.165,0.0,True,neutral
treat subcases completeness,transcript decision environmental permit to stakeholders,0,2,0.0,1.1,0.892,-0.165,0.0,True,neutral
treat subcases completeness,suspension ground applicable,0,2,0.0,1.1,0.892,-0.165,0.0,True,neutral
treat subcases completeness,enter senddate decision permanent suspension,0,2,0.0,1.1,0.892,-0.165,0.0,True,neutral
treat subcases completeness,enter senddate decision environmental permit,0,2,0.0,1.1,0.892,-0.165,0.0,True,neutral
treat subcases completeness,create letter requesting missing data,0,2,0.0,1.1,0.892,-0.165,0.0,True,neutral
treat subcases completeness,phase draft decision made,0,2,0.0,1.1,0.892,-0.165,0.0,True,neutral
treat subcases completeness,creating decision suspension art. 33 WABO,0,2,0.0,1.1,0.892,-0.165,0.0,True,neutral
treat subcases completeness,subcases completeness completed,0,2,0.0,1.1,0.892,-0.165,0.0,True,neutral
treat subcases completeness,submit decision,0,2,0.0,1.1,0.892,-0.165,0.0,True,neutral
treat subcases completeness,request updated plan,0,2,0.0,1.1,0.892,-0.165,0.0,True,neutral
treat subcases completeness,request further information,0,2,0.0,1.1,0.892,-0.165,0.0,True,neutral
treat subcases completeness,phase draft decision ready,0,2,0.0,1.1,0.892,-0.165,0.0,True,neutral
treat subcases completeness,register date environmental permit decision,0,2,0.0,1.1,0.892,-0.165,0.0,True,neutral
treat subcases completeness,record date of decision environmental permit,0,2,0.0,1.1,0.892,-0.165,0.0,True,neutral
treat subcases completeness,register number of days extension period,0,2,0.0,1.1,0.892,-0.165,0.0,True,neutral
treat subcases completeness,read field phased application,0,2,0.0,1.1,0.892,-0.165,0.0,True,neutral
treat subcases completeness,received OLO documents,0,2,0.0,1.1,0.892,-0.165,0.0,True,neutral
treat subcases completeness,phase decision ready,0,2,0.0,1.1,0.892,-0.165,0.0,True,neutral
treat subcases completeness,procedure change,0,2,0.0,1.1,0.892,-0.165,0.0,True,neutral
set decision status,phase draft decision ready,0,5,0.0,2.0,0.889,-0.169,0.0,True,neutral
set decision status,creating environmental permit decision,0,5,0.0,2.0,0.889,-0.169,0.0,True,neutral
set decision status,date draft decision for inspection,0,5,0.0,2.0,0.889,-0.169,0.0,True,neutral
set decision status,copy decision to extend procedure to stakeholders,0,5,0.0,2.0,0.889,-0.169,0.0,True,neutral
request complete,creating cover letter no permit required,0,5,0.0,3.0,0.881,-0.184,0.0,True,neutral
request complete,term for supplying missing data,0,5,0.0,3.0,0.881,-0.184,0.0,True,neutral
request complete,stop suspended completeness subcases,0,5,0.0,3.0,0.881,-0.184,0.0,True,neutral
request complete,forward to the competent authority,0,5,0.0,3.0,0.881,-0.184,0.0,True,neutral
request complete,create procedure confirmation,0,5,0.0,3.0,0.881,-0.184,0.0,True,neutral
treat subcases present decision,treat subcases content,0,5,0.0,35.7,0.879,-0.186,0.0,True,neutral
application submitted through OLO,phase application received,0,5,0.0,35.7,0.879,-0.186,0.0,True,neutral
read publication date field,enter date termination request received,0,2,0.0,2.2,0.87,-0.201,0.0,True,neutral
read publication date field,enter publication date draft decision,0,2,0.0,2.2,0.87,-0.201,0.0,True,neutral
read publication date field,generating decision no permit required,0,2,0.0,2.2,0.87,-0.201,0.0,True,neutral
read publication date field,phase activity no permit required,0,2,0.0,2.2,0.87,-0.201,0.0,True,neutral
read publication date field,phase additional information received,0,2,0.0,2.2,0.87,-0.201,0.0,True,neutral
read publication date field,registration date publication,0,2,0.0,2.2,0.87,-0.201,0.0,True,neutral
read publication date field,phase archived case,0,2,0.0,2.2,0.87,-0.201,0.0,True,neutral
read publication date field,set decision phase decision permitting decided,0,2,0.0,2.2,0.87,-0.201,0.0,True,neutral
read publication date field,phase permanently suspended,0,2,0.0,2.2,0.87,-0.201,0.0,True,neutral
read publication date field,phase decision suspended,0,2,0.0,2.2,0.87,-0.201,0.0,True,neutral
read publication date field,phase objection filed,0,2,0.0,2.2,0.87,-0.201,0.0,True,neutral
read publication date field,phase draft decision ready,0,2,0.0,2.2,0.87,-0.201,0.0,True,neutral
read publication date field,phase decision ready,0,2,0.0,2.2,0.87,-0.201,0.0,True,neutral
read publication date field,submit decision,0,2,0.0,2.2,0.87,-0.201,0.0,True,neutral
read publication date field,treat subcase permanent suspension,0,2,0.0,2.2,0.87,-0.201,0.0,True,neutral
continue or abort mutation BAG objects,generate publication document decision environmental permit,0,4,0.0,21.1,0.867,-0.206,0.0,True,neutral
stop procedure after permanent suspension,inform BAG administrator,0,2,0.0,33.3,0.867,-0.206,0.0,True,neutral
objection to permanent suspension in system,send procedure resumption,0,2,0.0,33.3,0.867,-0.206,0.0,True,neutral
create monitoring case oversight,creating cover letter decision,0,4,0.0,36.4,0.852,-0.231,0.0,True,neutral
create letter no permit or only notification required,register deadline,0,4,0.0,36.4,0.852,-0.231,0.0,True,neutral
subcase art. 34 WABO completed,treat subcase suspension art. 34 WABO,0,4,0.0,36.4,0.852,-0.231,0.0,True,neutral
treat subcases reassessment plan,subcases reassessment plan completed,0,6,0.0,37.5,0.846,-0.241,0.0,True,neutral
create procedure confirmation,regular procedure without MER,0,3,0.0,3.1,0.844,-0.244,0.0,True,neutral
create procedure confirmation,decision date prior to decision,0,3,0.0,3.1,0.844,-0.244,0.0,True,neutral
create procedure confirmation,treat subcases content,0,3,0.0,3.1,0.844,-0.244,0.0,True,neutral
create procedure confirmation,phase advice known,0,3,0.0,3.1,0.844,-0.244,0.0,True,neutral
create procedure confirmation,request complete,0,3,0.0,3.1,0.844,-0.244,0.0,True,neutral
create procedure confirmation,register submission date request,0,3,0.0,3.1,0.844,-0.244,0.0,True,neutral
create procedure confirmation,create message terminate request,0,3,0.0,3.1,0.844,-0.244,0.0,True,neutral
set decision phase decision permitting decided,phase decision ready,0,1,0.0,0.7,0.843,-0.246,0.0,True,neutral
set decision phase decision permitting decided,register objection and appeal periods,0,1,0.0,0.7,0.843,-0.246,0.0,True,neutral
set decision phase decision permitting decided,register deadline,0,1,0.0,0.7,0.843,-0.246,0.0,True,neutral
set decision phase decision permitting decided,phase application receptive,0,1,0.0,0.7,0.843,-0.246,0.0,True,neutral
set decision phase decision permitting decided,date continuation term to decision,0,1,0.0,0.7,0.843,-0.246,0.0,True,neutral
set decision phase decision permitting decided,enrich decision,0,1,0.0,0.7,0.843,-0.246,0.0,True,neutral
set decision phase decision permitting decided,forward to the competent authority,0,1,0.0,0.7,0.843,-0.246,0.0,True,neutral
set decision phase decision permitting decided,enter date draft decisionenvironmental permit,0,1,0.0,0.7,0.843,-0.246,0.0,True,neutral
set decision phase decision permitting decided,phase decision sent,0,1,0.0,0.7,0.843,-0.246,0.0,True,neutral
set decision phase decision permitting decided,registration date publication,0,1,0.0,0.7,0.843,-0.246,0.0,True,neutral
set decision phase decision permitting decided,create subcases completeness,0,1,0.0,0.7,0.843,-0.246,0.0,True,neutral
set decision phase decision permitting decided,receive additional information,0,1,0.0,0.7,0.843,-0.246,0.0,True,neutral
set decision phase decision permitting decided,suspension ground applicable,0,1,0.0,0.7,0.843,-0.246,0.0,True,neutral
set decision phase decision permitting decided,send procedure confirmation,0,1,0.0,0.7,0.843,-0.246,0.0,True,neutral
set decision phase decision permitting decided,send confirmation receipt additional data,0,1,0.0,0.7,0.843,-0.246,0.0,True,neutral
set decision phase decision permitting decided,suspend term,0,1,0.0,0.7,0.843,-0.246,0.0,True,neutral
set decision phase decision permitting decided,start WABOprocedure,0,1,0.0,0.7,0.843,-0.246,0.0,True,neutral
set decision phase decision permitting decided,treat subcases completeness,0,1,0.0,0.7,0.843,-0.246,0.0,True,neutral
set decision phase decision permitting decided,treat subcase perspective,0,1,0.0,0.7,0.843,-0.246,0.0,True,neutral
set decision phase decision permitting decided,continue or abort mutation BAG objects,0,1,0.0,0.7,0.843,-0.246,0.0,True,neutral
set decision phase decision permitting decided,enter senddate decision suspension,0,1,0.0,0.7,0.843,-0.246,0.0,True,neutral
set decision phase decision permitting decided,enter date publication decision environmental permit,0,1,0.0,0.7,0.843,-0.246,0.0,True,neutral
mutation BAG carry objects,phase advice known,0,2,0.0,20.0,0.84,-0.252,0.0,True,neutral
phase additional information received,phase procedure resumed,0,1,0.0,0.9,0.831,-0.266,0.0,True,neutral
phase additional information received,phase permanently suspended,0,1,0.0,0.9,0.831,-0.266,0.0,True,neutral
phase additional information received,completed subcases content,0,1,0.0,0.9,0.831,-0.266,0.0,True,neutral
phase additional information received,creating environmental permit decision,0,1,0.0,0.9,0.831,-0.266,0.0,True,neutral
phase additional information received,creating decision suspension art. 33 WABO,0,1,0.0,0.9,0.831,-0.266,0.0,True,neutral
phase additional information received,create draft environtmental permit,0,1,0.0,0.9,0.831,-0.266,0.0,True,neutral
phase additional information received,MER present in supplement,0,1,0.0,0.9,0.831,-0.266,0.0,True,neutral
phase additional information received,phase concept draft decision ready,0,1,0.0,0.9,0.831,-0.266,0.0,True,neutral
phase additional information received,phase advice known,0,1,0.0,0.9,0.831,-0.266,0.0,True,neutral
phase additional information received,enter publication date draft decision,0,1,0.0,0.9,0.831,-0.266,0.0,True,neutral
phase additional information received,phase decision sent,0,1,0.0,0.9,0.831,-0.266,0.0,True,neutral
phase additional information received,cancel case,0,1,0.0,0.9,0.831,-0.266,0.0,True,neutral
phase additional information received,retrieve missing data,0,1,0.0,0.9,0.831,-0.266,0.0,True,neutral
phase additional information received,request complete,0,1,0.0,0.9,0.831,-0.266,0.0,True,neutral
phase additional information received,register number of days extension period,0,1,0.0,0.9,0.831,-0.266,0.0,True,neutral
phase additional information received,register deadline,0,1,0.0,0.9,0.831,-0.266,0.0,True,neutral
phase additional information received,treat subcases content,0,1,0.0,0.9,0.831,-0.266,0.0,True,neutral
phase additional information received,enter senddate decision environmental permit,0,1,0.0,0.9,0.831,-0.266,0.0,True,neutral
phase additional information received,phase draft decision ready,0,1,0.0,0.9,0.831,-0.266,0.0,True,neutral
phase additional information received,suspension ground applicable,0,1,0.0,0.9,0.831,-0.266,0.0,True,neutral
phase additional information received,start decision phase permanently suspended decided,0,1,0.0,0.9,0.831,-0.266,0.0,True,neutral
phase additional information received,subcases completeness completed,0,1,0.0,0.9,0.831,-0.266,0.0,True,neutral
phase additional information received,procedure change,0,1,0.0,0.9,0.831,-0.266,0.0,True,neutral
phase additional information received,submit decision,0,1,0.0,0.9,0.831,-0.266,0.0,True,neutral
phase additional information received,extend procedure term,0,1,0.0,0.9,0.831,-0.266,0.0,True,neutral
phase additional information received,phase decision ready,0,1,0.0,0.9,0.831,-0.266,0.0,True,neutral
completed subcases content,phase concept draft decision ready,0,1,0.0,0.5,0.826,-0.275,0.0,True,neutral
completed subcases content,entering senddate draft decision environmental permit,0,1,0.0,0.5,0.826,-0.275,0.0,True,neutral
completed subcases content,read publication date field,0,1,0.0,0.5,0.826,-0.275,0.0,True,neutral
completed subcases content,procedure change after completeness,0,1,0.0,0.5,0.826,-0.275,0.0,True,neutral
completed subcases content,enter senddate updated plan,0,1,0.0,0.5,0.826,-0.275,0.0,True,neutral
completed subcases content,generate draft decision environmental permit,0,1,0.0,0.5,0.826,-0.275,0.0,True,neutral
completed subcases content,send confirmation receipt,0,1,0.0,0.5,0.826,-0.275,0.0,True,neutral
completed subcases content,submit decision,0,1,0.0,0.5,0.826,-0.275,0.0,True,neutral
completed subcases content,retrieve missing data,0,1,0.0,0.5,0.826,-0.275,0.0,True,neutral
completed subcases content,treat subcases present decision,0,1,0.0,0.5,0.826,-0.275,0.0,True,neutral
completed subcases content,ask stakeholders views,0,1,0.0,0.5,0.826,-0.275,0.0,True,neutral
completed subcases content,transcript decision environmental permit to stakeholders,0,1,0.0,0.5,0.826,-0.275,0.0,True,neutral
completed subcases content,suspend term,0,1,0.0,0.5,0.826,-0.275,0.0,True,neutral
completed subcases content,creating decision suspension art. 33 WABO,0,1,0.0,0.5,0.826,-0.275,0.0,True,neutral
completed subcases content,continuation term to decision,0,1,0.0,0.5,0.826,-0.275,0.0,True,neutral
completed subcases content,phase procedure term resumed,0,1,0.0,0.5,0.826,-0.275,0.0,True,neutral
completed subcases content,register objection and appeal periods,0,1,0.0,0.5,0.826,-0.275,0.0,True,neutral
completed subcases content,register submission date request,0,1,0.0,0.5,0.826,-0.275,0.0,True,neutral
completed subcases content,procedure change,0,1,0.0,0.5,0.826,-0.275,0.0,True,neutral
completed subcases content,new decision or reassessment,0,1,0.0,0.5,0.826,-0.275,0.0,True,neutral
completed subcases content,send procedure confirmation,0,1,0.0,0.5,0.826,-0.275,0.0,True,neutral
completed subcases content,set decision phase decision permitting decided,0,1,0.0,0.5,0.826,-0.275,0.0,True,neutral
completed subcases content,phase draft decision made,0,1,0.0,0.5,0.826,-0.275,0.0,True,neutral
completed subcases content,start date suspension competent authority,0,1,0.0,0.5,0.826,-0.275,0.0,True,neutral
completed subcases content,phase decision taken,0,1,0.0,0.5,0.826,-0.275,0.0,True,neutral
completed subcases content,resume completeness subcases,0,1,0.0,0.5,0.826,-0.275,0.0,True,neutral
completed subcases content,treat subcases completeness,0,1,0.0,0.5,0.826,-0.275,0.0,True,neutral
completed subcases content,completed subcases content,0,1,0.0,0.5,0.826,-0.275,0.0,True,neutral
completed subcases content,creating decision suspension 35 WABO,0,1,0.0,0.5,0.826,-0.275,0.0,True,neutral
completed subcases content,create publication document,0,1,0.0,0.5,0.826,-0.275,0.0,True,neutral
completed subcases content,decision date prior to decision,0,1,0.0,0.5,0.826,-0.275,0.0,True,neutral
completed subcases content,create decision procedure term extension,0,1,0.0,0.5,0.826,-0.275,0.0,True,neutral
completed subcases content,enter date publication decision environmental permit,0,1,0.0,0.5,0.826,-0.275,0.0,True,neutral
completed subcases content,enter date decision suspension,0,1,0.0,0.5,0.826,-0.275,0.0,True,neutral
perspective regarding draft founded,VVGB positive,0,7,0.0,38.9,0.822,-0.282,0.0,True,neutral
MER required,phase application received,0,5,0.0,38.5,0.818,-0.29,0.0,True,neutral
objection lodged against decision,OLO messaging active,0,2,0.0,5.9,0.812,-0.301,0.0,True,neutral
objection lodged against decision,generate publication document decision environmental permit,0,2,0.0,5.9,0.812,-0.301,0.0,True,neutral
objection lodged against decision,register deadline,0,2,0.0,5.9,0.812,-0.301,0.0,True,neutral
objection lodged against decision,set decision phase suspension decided,0,2,0.0,5.9,0.812,-0.301,0.0,True,neutral
objection lodged against decision,request for preliminary injunction received,0,2,0.0,5.9,0.812,-0.301,0.0,True,neutral
objection lodged against decision,submit decision,0,2,0.0,5.9,0.812,-0.301,0.0,True,neutral
partly permit,submit draft decision,0,3,0.0,37.5,0.81,-0.305,0.0,True,neutral
contested decision affected,set phase,0,3,0.0,37.5,0.81,-0.305,0.0,True,neutral
subcase WAW completed,completed subcases content,0,3,0.0,37.5,0.81,-0.305,0.0,True,neutral
coordination of application,phase application receptive,0,3,0.0,12.0,0.81,-0.305,0.0,True,neutral
phase asked additional information,register deadline,0,1,0.0,1.0,0.808,-0.307,0.0,True,neutral
phase asked additional information,investigate BAG objects,0,1,0.0,1.0,0.808,-0.307,0.0,True,neutral
phase asked additional information,start WABOprocedure,0,1,0.0,1.0,0.808,-0.307,0.0,True,neutral
phase asked additional information,set decision phase suspension decided,0,1,0.0,1.0,0.808,-0.307,0.0,True,neutral
phase asked additional information,send confirmation receipt,0,1,0.0,1.0,0.808,-0.307,0.0,True,neutral
phase asked additional information,start decision phase decision permitting sent,0,1,0.0,1.0,0.808,-0.307,0.0,True,neutral
phase asked additional information,send confirmation receipt additional data,0,1,0.0,1.0,0.808,-0.307,0.0,True,neutral
phase asked additional information,phase draft decision made,0,1,0.0,1.0,0.808,-0.307,0.0,True,neutral
phase asked additional information,phase draft decision ready,0,1,0.0,1.0,0.808,-0.307,0.0,True,neutral
phase asked additional information,enter senddate acknowledgement,0,1,0.0,1.0,0.808,-0.307,0.0,True,neutral
phase asked additional information,creating environmental permit decision,0,1,0.0,1.0,0.808,-0.307,0.0,True,neutral
phase asked additional information,MER present in supplement,0,1,0.0,1.0,0.808,-0.307,0.0,True,neutral
phase asked additional information,subcases completeness completed,0,1,0.0,1.0,0.808,-0.307,0.0,True,neutral
phase asked additional information,treat subcases content,0,1,0.0,1.0,0.808,-0.307,0.0,True,neutral
phase asked additional information,registration date publication,0,1,0.0,1.0,0.808,-0.307,0.0,True,neutral
phase asked additional information,received OLO documents,0,1,0.0,1.0,0.808,-0.307,0.0,True,neutral
phase asked additional information,send procedure confirmation,0,1,0.0,1.0,0.808,-0.307,0.0,True,neutral
phase asked additional information,phase procedure extended,0,1,0.0,1.0,0.808,-0.307,0.0,True,neutral
phase asked additional information,enter senddate procedure confirmation,0,1,0.0,1.0,0.808,-0.307,0.0,True,neutral
phase asked additional information,procedure change after completeness,0,1,0.0,1.0,0.808,-0.307,0.0,True,neutral
phase asked additional information,enter senddate decision permanent suspension,0,1,0.0,1.0,0.808,-0.307,0.0,True,neutral
phase asked additional information,start decision phase permanently suspended decided,0,1,0.0,1.0,0.808,-0.307,0.0,True,neutral
phase asked additional information,assessment of content completed,0,1,0.0,1.0,0.808,-0.307,0.0,True,neutral
phase asked additional information,create decision procedure term extension,0,1,0.0,1.0,0.808,-0.307,0.0,True,neutral
enter date publication decision environmental permit,phase decision taken,0,4,0.0,4.4,0.804,-0.314,0.0,True,neutral
phase advice known,dismiss under mandate,0,5,0.0,2.2,0.8,-0.321,0.0,True,neutral
phase advice known,phase application received,0,5,0.0,2.2,0.8,-0.321,0.0,True,neutral
phase advice known,enter senddate draft decision,0,5,0.0,2.2,0.8,-0.321,0.0,True,neutral
phase advice known,treat subcases content,0,5,0.0,2.2,0.8,-0.321,0.0,True,neutral
phase advice known,partly permit,0,5,0.0,2.2,0.8,-0.321,0.0,True,neutral
grounds for refusal,send confirmation receipt additional data,0,2,0.0,2.9,0.794,-0.332,0.0,True,neutral
grounds for refusal,phase concept draft decision ready,0,2,0.0,2.9,0.794,-0.332,0.0,True,neutral
grounds for refusal,treat subcases completeness,0,2,0.0,2.9,0.794,-0.332,0.0,True,neutral
grounds for refusal,phase application receptive,0,2,0.0,2.9,0.794,-0.332,0.0,True,neutral
grounds for refusal,suspension ground applicable,0,2,0.0,2.9,0.794,-0.332,0.0,True,neutral
grounds for refusal,set decision phase decision permitting decided,0,2,0.0,2.9,0.794,-0.332,0.0,True,neutral
grounds for refusal,dismiss under mandate,0,2,0.0,2.9,0.794,-0.332,0.0,True,neutral
grounds for refusal,create subcases completeness,0,2,0.0,2.9,0.794,-0.332,0.0,True,neutral
grounds for refusal,MER present,0,2,0.0,2.9,0.794,-0.332,0.0,True,neutral
grounds for refusal,phase updated plan received,0,2,0.0,2.9,0.794,-0.332,0.0,True,neutral
grounds for refusal,create draft environtmental permit,0,2,0.0,2.9,0.794,-0.332,0.0,True,neutral
grounds for refusal,phase decision taken,0,2,0.0,2.9,0.794,-0.332,0.0,True,neutral
grounds for refusal,enter receipt of additional data,0,2,0.0,2.9,0.794,-0.332,0.0,True,neutral
enter senddate letter no permit required,set decision phase unlicensed irrevocable,0,5,0.0,16.7,0.792,-0.336,0.0,True,neutral
record date of decision environmental permit,decision date prior to decision,0,1,0.0,0.8,0.79,-0.34,0.0,True,neutral
record date of decision environmental permit,send confirmation receipt,0,1,0.0,0.8,0.79,-0.34,0.0,True,neutral
record date of decision environmental permit,procedure change after completeness,0,1,0.0,0.8,0.79,-0.34,0.0,True,neutral
record date of decision environmental permit,appeal logded,0,1,0.0,0.8,0.79,-0.34,0.0,True,neutral
record date of decision environmental permit,received OLO documents,0,1,0.0,0.8,0.79,-0.34,0.0,True,neutral
record date of decision environmental permit,transcript decision environmental permit to stakeholders,0,1,0.0,0.8,0.79,-0.34,0.0,True,neutral
record date of decision environmental permit,send confirmation receipt additional data,0,1,0.0,0.8,0.79,-0.34,0.0,True,neutral
record date of decision environmental permit,phase decision sent,0,1,0.0,0.8,0.79,-0.34,0.0,True,neutral
record date of decision environmental permit,perspective on draft decision environmental permit received,0,1,0.0,0.8,0.79,-0.34,0.0,True,neutral
record date of decision environmental permit,set decision phase decision permitting published,0,1,0.0,0.8,0.79,-0.34,0.0,True,neutral
record date of decision environmental permit,open draft decision for inspection,0,1,0.0,0.8,0.79,-0.34,0.0,True,neutral
record date of decision environmental permit,updated plan received,0,1,0.0,0.8,0.79,-0.34,0.0,True,neutral
record date of decision environmental permit,close case,0,1,0.0,0.8,0.79,-0.34,0.0,True,neutral
record date of decision environmental permit,create subcases completeness,0,1,0.0,0.8,0.79,-0.34,0.0,True,neutral
OLO messaging active,create subcases completeness,0,5,0.0,4.6,0.789,-0.342,0.0,True,neutral
OLO messaging active,phased application,0,5,0.0,4.6,0.789,-0.342,0.0,True,neutral
OLO messaging active,application submitted through OLO,0,5,0.0,4.6,0.789,-0.342,0.0,True,neutral
phase permanently suspended,set decision status,0,2,0.0,6.9,0.787,-0.346,0.0,True,neutral
phase permanently suspended,start decision phase permanent suspension sent,0,2,0.0,6.9,0.787,-0.346,0.0,True,neutral
phase permanently suspended,create cover letter permanent suspension,0,2,0.0,6.9,0.787,-0.346,0.0,True,neutral
phase permanently suspended,decision keep permanently suspended,0,2,0.0,6.9,0.787,-0.346,0.0,True,neutral
enter senddate procedure resumption,phase procedure resumed,0,1,0.0,33.3,0.778,-0.363,0.0,True,neutral
multiple components selected,activities regular procedure,0,1,0.0,33.3,0.778,-0.363,0.0,True,neutral
treat appeal subcase,request for preliminary injunction received,0,4,0.0,40.0,0.778,-0.363,0.0,True,neutral
term 14 or 26 weeks,send procedure confirmation,0,1,0.0,33.3,0.778,-0.363,0.0,True,neutral
WAW request permanently suspended,procedure change,0,4,0.0,40.0,0.778,-0.363,0.0,True,neutral
appeal and preliminary injunction in system,appeal logded,0,4,0.0,40.0,0.778,-0.363,0.0,True,neutral
create letter only notification required,create letter no permit or only notification required,0,1,0.0,33.3,0.778,-0.363,0.0,True,neutral
term 14 or 26 weeks,request complete,0,1,0.0,33.3,0.778,-0.363,0.0,True,neutral
term 14 or 26 weeks,inform BAG administrator,0,1,0.0,33.3,0.778,-0.363,0.0,True,neutral
resume decision term,phase objection filed,0,1,0.0,33.3,0.778,-0.363,0.0,True,neutral
treat appeal subcase,appeal subcase completed,0,4,0.0,40.0,0.778,-0.363,0.0,True,neutral
send procedure resumption,subcase permanent suspension completed,0,1,0.0,33.3,0.778,-0.363,0.0,True,neutral
send message OLO status additions required,registration date publication,0,1,0.0,33.3,0.778,-0.363,0.0,True,neutral
create coordination confirmation,decision date prior to decision,0,1,0.0,33.3,0.778,-0.363,0.0,True,neutral
updated plan after review,create procedure confirmation,0,1,0.0,33.3,0.778,-0.363,0.0,True,neutral
send message OLO status additions required,phase asked additional information,0,1,0.0,33.3,0.778,-0.363,0.0,True,neutral
send message OLO status additions required,enter senddate retrieve missing data,0,1,0.0,33.3,0.778,-0.363,0.0,True,neutral
enter senddate decision,treat subcases completeness,0,3,0.0,3.4,0.775,-0.368,0.0,True,neutral
enter senddate decision,generating decision environmental permit,0,3,0.0,3.4,0.775,-0.368,0.0,True,neutral
enter senddate decision,start decisionphase draft decision - permitting decided,0,3,0.0,3.4,0.775,-0.368,0.0,True,neutral
enter senddate decision,phase decision taken,0,3,0.0,3.4,0.775,-0.368,0.0,True,neutral
enter senddate decision,phase archived case,0,3,0.0,3.4,0.775,-0.368,0.0,True,neutral
enter senddate decision,stop all running subcases 2b,0,3,0.0,3.4,0.775,-0.368,0.0,True,neutral
enter senddate decision,start decision phase decision permitting sent,0,3,0.0,3.4,0.775,-0.368,0.0,True,neutral
enter senddate decision,assessment of content completed,0,3,0.0,3.4,0.775,-0.368,0.0,True,neutral
enter senddate decision,register submission date request,0,3,0.0,3.4,0.775,-0.368,0.0,True,neutral
enter senddate decision,decision date prior to decision,0,3,0.0,3.4,0.775,-0.368,0.0,True,neutral
create decision procedure term extension,copy decision to extend procedure to stakeholders,0,5,0.0,7.9,0.77,-0.378,0.0,True,neutral
create decision procedure term extension,subcases completeness completed,0,5,0.0,7.9,0.77,-0.378,0.0,True,neutral
generate draft decision environmental permit,phase draft decision made,0,2,0.0,2.2,0.762,-0.393,0.0,True,neutral
generate draft decision environmental permit,regular procedure without MER,0,2,0.0,2.2,0.762,-0.393,0.0,True,neutral
generate draft decision environmental permit,phase additional information received,0,2,0.0,2.2,0.762,-0.393,0.0,True,neutral
generate draft decision environmental permit,date draft decision for inspection,0,2,0.0,2.2,0.762,-0.393,0.0,True,neutral
generate draft decision environmental permit,completed subcases content,0,2,0.0,2.2,0.762,-0.393,0.0,True,neutral
generate draft decision environmental permit,phase decision sent,0,2,0.0,2.2,0.762,-0.393,0.0,True,neutral
generate draft decision environmental permit,start WABOprocedure,0,2,0.0,2.2,0.762,-0.393,0.0,True,neutral
generate draft decision environmental permit,treat subcases completeness,0,2,0.0,2.2,0.762,-0.393,0.0,True,neutral
generate draft decision environmental permit,treat subcases content,0,2,0.0,2.2,0.762,-0.393,0.0,True,neutral
generate draft decision environmental permit,start decisionphase draft decision - permitting decided,0,2,0.0,2.2,0.762,-0.393,0.0,True,neutral
generate draft decision environmental permit,publication date draft decision,0,2,0.0,2.2,0.762,-0.393,0.0,True,neutral
generate draft decision environmental permit,generating decision environmental permit,0,2,0.0,2.2,0.762,-0.393,0.0,True,neutral
generate draft decision environmental permit,read field phased application,0,2,0.0,2.2,0.762,-0.393,0.0,True,neutral
generate draft decision environmental permit,read publication date field,0,2,0.0,2.2,0.762,-0.393,0.0,True,neutral
generate draft decision environmental permit,transcript decision environmental permit to stakeholders,0,2,0.0,2.2,0.762,-0.393,0.0,True,neutral
generate draft decision environmental permit,phase draft decision ready,0,2,0.0,2.2,0.762,-0.393,0.0,True,neutral
assessment of content completed,determine cause for suspension article 34 WABO,0,3,0.0,1.9,0.761,-0.394,0.0,True,neutral
assessment of content completed,phase procedure extended,0,3,0.0,1.9,0.761,-0.394,0.0,True,neutral
assessment of content completed,record date of decision environmental permit,0,3,0.0,1.9,0.761,-0.394,0.0,True,neutral
assessment of content completed,enter senddate draft decision,0,3,0.0,1.9,0.761,-0.394,0.0,True,neutral
assessment of content completed,phase additional information received,0,3,0.0,1.9,0.761,-0.394,0.0,True,neutral
assessment of content completed,generate publication document decision environmental permit,0,3,0.0,1.9,0.761,-0.394,0.0,True,neutral
assessment of content completed,read publication date field,0,3,0.0,1.9,0.761,-0.394,0.0,True,neutral
assessment of content completed,transcript decision environmental permit to stakeholders,0,3,0.0,1.9,0.761,-0.394,0.0,True,neutral
assessment of content completed,enter senddate procedure term extension,0,3,0.0,1.9,0.761,-0.394,0.0,True,neutral
assessment of content completed,request updated plan,0,3,0.0,1.9,0.761,-0.394,0.0,True,neutral
assessment of content completed,enrich draft decision,0,3,0.0,1.9,0.761,-0.394,0.0,True,neutral
assessment of content completed,phase draft decision made,0,3,0.0,1.9,0.761,-0.394,0.0,True,neutral
assessment of content completed,start WABOprocedure,0,3,0.0,1.9,0.761,-0.394,0.0,True,neutral
assessment of content completed,enter date decision suspension,0,3,0.0,1.9,0.761,-0.394,0.0,True,neutral
assessment of content completed,phase procedure resumed,0,3,0.0,1.9,0.761,-0.394,0.0,True,neutral
assessment of content completed,stop suspended completeness subcases,0,3,0.0,1.9,0.761,-0.394,0.0,True,neutral
assessment of content completed,term for submitting updated plan,0,3,0.0,1.9,0.761,-0.394,0.0,True,neutral
assessment of content completed,ask stakeholders views,0,3,0.0,1.9,0.761,-0.394,0.0,True,neutral
assessment of content completed,stop all running subcases 2b,0,3,0.0,1.9,0.761,-0.394,0.0,True,neutral
phase application receptive,assessment of content completed,0,1,0.0,0.6,0.758,-0.4,0.0,True,neutral
phase application receptive,no permit needed or only notification needed,0,1,0.0,0.6,0.758,-0.4,0.0,True,neutral
phase application receptive,phase decision taken,0,1,0.0,0.6,0.758,-0.4,0.0,True,neutral
phase application receptive,detailed procedure applies,0,1,0.0,0.6,0.758,-0.4,0.0,True,neutral
phase application receptive,phase concept draft decision ready,0,1,0.0,0.6,0.758,-0.4,0.0,True,neutral
phase application receptive,treat subcases completeness,0,1,0.0,0.6,0.758,-0.4,0.0,True,neutral
phase application receptive,send message OLO-status in progress,0,1,0.0,0.6,0.758,-0.4,0.0,True,neutral
phase application receptive,enter senddate decision,0,1,0.0,0.6,0.758,-0.4,0.0,True,neutral
phase application receptive,transcript decision environmental permit to stakeholders,0,1,0.0,0.6,0.758,-0.4,0.0,True,neutral
phase application receptive,start decisionphase draft decision - permitting decided,0,1,0.0,0.6,0.758,-0.4,0.0,True,neutral
phase application receptive,enter senddate continuation,0,1,0.0,0.6,0.758,-0.4,0.0,True,neutral
phase application receptive,inform BAG administrator,0,1,0.0,0.6,0.758,-0.4,0.0,True,neutral
phase application receptive,enter senddate decision suspension,0,1,0.0,0.6,0.758,-0.4,0.0,True,neutral
phase application receptive,enter senddate decision procedure term extension,0,1,0.0,0.6,0.758,-0.4,0.0,True,neutral
phase application receptive,phase draft decision made,0,1,0.0,0.6,0.758,-0.4,0.0,True,neutral
phase application receptive,procedure change,0,1,0.0,0.6,0.758,-0.4,0.0,True,neutral
phase application receptive,registration date publication,0,1,0.0,0.6,0.758,-0.4,0.0,True,neutral
phase application receptive,phase procedure term suspended,0,1,0.0,0.6,0.758,-0.4,0.0,True,neutral
phase application receptive,phase application received,0,1,0.0,0.6,0.758,-0.4,0.0,True,neutral
phase application receptive,decision date prior to decision,0,1,0.0,0.6,0.758,-0.4,0.0,True,neutral
phase application receptive,creating decision procedure term extension,0,1,0.0,0.6,0.758,-0.4,0.0,True,neutral
phase application receptive,register objection and appeal periods,0,1,0.0,0.6,0.758,-0.4,0.0,True,neutral
phase application receptive,send letter in progress,0,1,0.0,0.6,0.758,-0.4,0.0,True,neutral
phase application receptive,send suspension by competent authority,0,1,0.0,0.6,0.758,-0.4,0.0,True,neutral
phase application receptive,set decision status,0,1,0.0,0.6,0.758,-0.4,0.0,True,neutral
phase application receptive,register deadline,0,1,0.0,0.6,0.758,-0.4,0.0,True,neutral
phase application receptive,read field phased application,0,1,0.0,0.6,0.758,-0.4,0.0,True,neutral
phase application receptive,create subcases content,0,1,0.0,0.6,0.758,-0.4,0.0,True,neutral
phase application receptive,article 34  WABO applies,0,1,0.0,0.6,0.758,-0.4,0.0,True,neutral
phase application receptive,procedure change after completeness,0,1,0.0,0.6,0.758,-0.4,0.0,True,neutral
phase application receptive,ask stakeholders views,0,1,0.0,0.6,0.758,-0.4,0.0,True,neutral
phase application receptive,set decision phase decision permitting decided,0,1,0.0,0.6,0.758,-0.4,0.0,True,neutral
further information received,registration receipt further information,0,5,0.0,41.7,0.758,-0.401,0.0,True,neutral
set decision status,enter senddate procedure confirmation,0,6,0.0,2.4,0.753,-0.41,0.0,True,neutral
set decision status,enter senddate draft decision,0,6,0.0,2.4,0.753,-0.41,0.0,True,neutral
set decision status,treat subcases content,0,6,0.0,2.4,0.753,-0.41,0.0,True,neutral
phase concept draft decision ready,generating decision environmental permit,0,3,0.0,3.5,0.749,-0.417,0.0,True,neutral
phase concept draft decision ready,enter date advice on treatment of environmental permit,0,3,0.0,3.5,0.749,-0.417,0.0,True,neutral
phase concept draft decision ready,send design decision to stakeholders,0,3,0.0,3.5,0.749,-0.417,0.0,True,neutral
phase concept draft decision ready,read publication date field,0,3,0.0,3.5,0.749,-0.417,0.0,True,neutral
phase concept draft decision ready,phase draft decision sent,0,3,0.0,3.5,0.749,-0.417,0.0,True,neutral
phase concept draft decision ready,applicant is stakeholder,0,3,0.0,3.5,0.749,-0.417,0.0,True,neutral
phase concept draft decision ready,phase draft decision ready,0,3,0.0,3.5,0.749,-0.417,0.0,True,neutral
request complete,date continuation term to decision,0,6,0.0,3.6,0.745,-0.425,0.0,True,neutral
request complete,close case,0,6,0.0,3.6,0.745,-0.425,0.0,True,neutral
request complete,set decision status,0,6,0.0,3.6,0.745,-0.425,0.0,True,neutral
create subcases submit draft decision,enrich draft decision,0,6,0.0,42.9,0.744,-0.427,0.0,True,neutral
subcases reassessment plan completed,enter senddate updated plan,0,6,0.0,42.9,0.744,-0.427,0.0,True,neutral
register date environmental permit decision,message request advice,0,4,0.0,3.0,0.734,-0.445,0.0,True,neutral
register date environmental permit decision,register deadline,0,4,0.0,3.0,0.734,-0.445,0.0,True,neutral
register date environmental permit decision,activities regular procedure,0,4,0.0,3.0,0.734,-0.445,0.0,True,neutral
register date environmental permit decision,enter date publication decision environmental permit,0,4,0.0,3.0,0.734,-0.445,0.0,True,neutral
register date environmental permit decision,request complete,0,4,0.0,3.0,0.734,-0.445,0.0,True,neutral
register date environmental permit decision,phase application received,0,4,0.0,3.0,0.734,-0.445,0.0,True,neutral
enter date request received,enter senddate suspension,0,2,0.0,40.0,0.733,-0.447,0.0,True,neutral
mesage request VVGB,treat subcase final VVGB,0,2,0.0,40.0,0.733,-0.447,0.0,True,neutral
objection subcase completed,subcase preliminary injunction completed,0,2,0.0,40.0,0.733,-0.447,0.0,True,neutral
objection to permanent suspension accepted,resume decision term,0,2,0.0,40.0,0.733,-0.447,0.0,True,neutral
decision terminate on request,registrer date of publishing received request,0,2,0.0,40.0,0.733,-0.447,0.0,True,neutral
treat subcase WAW,subcases completeness completed,0,2,0.0,40.0,0.733,-0.447,0.0,True,neutral
mesage request VVGB,subcase final VVGB completed,0,2,0.0,40.0,0.733,-0.447,0.0,True,neutral
decision terminate on request,register deadline,0,2,0.0,40.0,0.733,-0.447,0.0,True,neutral
procedure change after completeness,no permit needed or only notification needed,0,2,0.0,2.4,0.728,-0.459,0.0,True,neutral
extend procedure term,by law,0,2,0.0,1.3,0.724,-0.466,0.0,True,neutral
extend procedure term,procedure change,0,2,0.0,1.3,0.724,-0.466,0.0,True,neutral
extend procedure term,phase perspective submitted,0,2,0.0,1.3,0.724,-0.466,0.0,True,neutral
extend procedure term,activities regular procedure,0,2,0.0,1.3,0.724,-0.466,0.0,True,neutral
extend procedure term,subcases completeness completed,0,2,0.0,1.3,0.724,-0.466,0.0,True,neutral
extend procedure term,suspend term,0,2,0.0,1.3,0.724,-0.466,0.0,True,neutral
extend procedure term,enter senddate acknowledgement,0,2,0.0,1.3,0.724,-0.466,0.0,True,neutral
extend procedure term,stop process after terminate on request,0,2,0.0,1.3,0.724,-0.466,0.0,True,neutral
extend procedure term,final VVGB applications,0,2,0.0,1.3,0.724,-0.466,0.0,True,neutral
extend procedure term,creating decision suspension art. 33 WABO,0,2,0.0,1.3,0.724,-0.466,0.0,True,neutral
extend procedure term,registration date publication,0,2,0.0,1.3,0.724,-0.466,0.0,True,neutral
extend procedure term,receive additional information,0,2,0.0,1.3,0.724,-0.466,0.0,True,neutral
extend procedure term,registrer date of publishing received request,0,2,0.0,1.3,0.724,-0.466,0.0,True,neutral
extend procedure term,retrieve missing data,0,2,0.0,1.3,0.724,-0.466,0.0,True,neutral
extend procedure term,send confirmation receipt additional data,0,2,0.0,1.3,0.724,-0.466,0.0,True,neutral
extend procedure term,decision permanently suspended,0,2,0.0,1.3,0.724,-0.466,0.0,True,neutral
extend procedure term,investigate BAG objects,0,2,0.0,1.3,0.724,-0.466,0.0,True,neutral
extend procedure term,no permit needed or only notification needed,0,2,0.0,1.3,0.724,-0.466,0.0,True,neutral
extend procedure term,objection to permanent suspension received,0,2,0.0,1.3,0.724,-0.466,0.0,True,neutral
extend procedure term,enter date publication decision environmental permit,0,2,0.0,1.3,0.724,-0.466,0.0,True,neutral
submit draft decision,create draft environtmental permit,0,3,0.0,3.8,0.724,-0.467,0.0,True,neutral
submit draft decision,completed subcases content,0,3,0.0,3.8,0.724,-0.467,0.0,True,neutral
objection to permanent suspension received,enter senddate decision permanent suspension,0,1,0.0,5.0,0.719,-0.475,0.0,True,neutral
objection to permanent suspension received,creating decision permanently suspended,0,1,0.0,5.0,0.719,-0.475,0.0,True,neutral
objection to permanent suspension received,phase case handled,0,1,0.0,5.0,0.719,-0.475,0.0,True,neutral
objection to permanent suspension received,phase archived case,0,1,0.0,5.0,0.719,-0.475,0.0,True,neutral
objection to permanent suspension received,no permit needed or only notification needed,0,1,0.0,5.0,0.719,-0.475,0.0,True,neutral
objection to permanent suspension received,receive additional information,0,1,0.0,5.0,0.719,-0.475,0.0,True,neutral
objection to permanent suspension received,stop procedure after permanent suspension,0,1,0.0,5.0,0.719,-0.475,0.0,True,neutral
procedure change,send decision suspension,0,1,0.0,0.6,0.717,-0.48,0.0,True,neutral
procedure change,date continuation term to decision,0,1,0.0,0.6,0.717,-0.48,0.0,True,neutral
procedure change,enter senddate decision suspension,0,1,0.0,0.6,0.717,-0.48,0.0,True,neutral
procedure change,submit decision,0,1,0.0,0.6,0.717,-0.48,0.0,True,neutral
procedure change,enrich draft decision,0,1,0.0,0.6,0.717,-0.48,0.0,True,neutral
procedure change,keep permanently suspended,0,1,0.0,0.6,0.717,-0.48,0.0,True,neutral
procedure change,enter senddate decision environmental permit,0,1,0.0,0.6,0.717,-0.48,0.0,True,neutral
procedure change,request updated plan,0,1,0.0,0.6,0.717,-0.48,0.0,True,neutral
procedure change,entering senddate draft decision environmental permit,0,1,0.0,0.6,0.717,-0.48,0.0,True,neutral
procedure change,WAW permit aspect,0,1,0.0,0.6,0.717,-0.48,0.0,True,neutral
procedure change,procedure change,0,1,0.0,0.6,0.717,-0.48,0.0,True,neutral
procedure change,create cover letter extend procedure term,0,1,0.0,0.6,0.717,-0.48,0.0,True,neutral
procedure change,coordination of application,0,1,0.0,0.6,0.717,-0.48,0.0,True,neutral
procedure change,completed subcases content,0,1,0.0,0.6,0.717,-0.48,0.0,True,neutral
procedure change,by law,0,1,0.0,0.6,0.717,-0.48,0.0,True,neutral
procedure change,phased application,0,1,0.0,0.6,0.717,-0.48,0.0,True,neutral
procedure change,creating decision permanently suspended,0,1,0.0,0.6,0.717,-0.48,0.0,True,neutral
procedure change,send suspension by competent authority,0,1,0.0,0.6,0.717,-0.48,0.0,True,neutral
procedure change,set decision phase suspension sent,0,1,0.0,0.6,0.717,-0.48,0.0,True,neutral
procedure change,retrieve missing data,0,1,0.0,0.6,0.717,-0.48,0.0,True,neutral
procedure change,send continuation letter,0,1,0.0,0.6,0.717,-0.48,0.0,True,neutral
procedure change,decision date prior to decision,0,1,0.0,0.6,0.717,-0.48,0.0,True,neutral
procedure change,grounds for refusal,0,1,0.0,0.6,0.717,-0.48,0.0,True,neutral
procedure change,phase decision taken,0,1,0.0,0.6,0.717,-0.48,0.0,True,neutral
receive request extension,procedure change,0,3,0.0,42.9,0.714,-0.485,0.0,True,neutral
creating decision suspension 35 WABO,phase advice known,0,3,0.0,42.9,0.714,-0.485,0.0,True,neutral
reception through OLO,send confirmation receipt,0,1,0.0,4.2,0.71,-0.494,0.0,True,neutral
reception through OLO,register date environmental permit decision,0,1,0.0,4.2,0.71,-0.494,0.0,True,neutral
create draft environtmental permit,extension not allowed,0,3,0.0,3.5,0.706,-0.502,0.0,True,neutral
create draft environtmental permit,date draft decision for inspection,0,3,0.0,3.5,0.706,-0.502,0.0,True,neutral
create draft environtmental permit,read field phased application,0,3,0.0,3.5,0.706,-0.502,0.0,True,neutral
create draft environtmental permit,treat subcases content,0,3,0.0,3.5,0.706,-0.502,0.0,True,neutral
determine cause for suspension article 34 WABO,phase application receptive,0,4,0.0,44.4,0.704,-0.507,0.0,True,neutral
determine cause for suspension article 34 WABO,assessment of content completed,0,4,0.0,44.4,0.704,-0.507,0.0,True,neutral
transcript decision environmental permit to stakeholders,completed subcases content,0,4,0.0,3.0,0.7,-0.514,0.0,True,neutral
transcript decision environmental permit to stakeholders,treat subcase perspective,0,4,0.0,3.0,0.7,-0.514,0.0,True,neutral
transcript decision environmental permit to stakeholders,phase application received,0,4,0.0,3.0,0.7,-0.514,0.0,True,neutral
transcript decision environmental permit to stakeholders,phase draft decision ready,0,4,0.0,3.0,0.7,-0.514,0.0,True,neutral
transcript decision environmental permit to stakeholders,create publication document,0,4,0.0,3.0,0.7,-0.514,0.0,True,neutral
transcript decision environmental permit to stakeholders,enter senddate draft decision,0,4,0.0,3.0,0.7,-0.514,0.0,True,neutral
create suspension competent authority,phase procedure term suspended,0,5,0.0,45.5,0.697,-0.521,0.0,True,neutral
subcase art. 34 WABO completed,suspension ground applicable,0,5,0.0,45.5,0.697,-0.521,0.0,True,neutral
date for inspection MER,enter receipt of additional data,0,5,0.0,45.5,0.697,-0.521,0.0,True,neutral
register suspension by competent authority,receive additional information,0,6,0.0,46.2,0.692,-0.531,0.0,True,neutral
MER required,MER present,0,6,0.0,46.2,0.692,-0.531,0.0,True,neutral
create subcases completeness,terminate on request,0,1,0.0,0.8,0.69,-0.535,0.0,True,neutral
create subcases completeness,send procedure confirmation,0,1,0.0,0.8,0.69,-0.535,0.0,True,neutral
create subcases completeness,set decision status,0,1,0.0,0.8,0.69,-0.535,0.0,True,neutral
create subcases completeness,start WABOprocedure,0,1,0.0,0.8,0.69,-0.535,0.0,True,neutral
create subcases completeness,send letter in progress,0,1,0.0,0.8,0.69,-0.535,0.0,True,neutral
create subcases completeness,request updated plan,0,1,0.0,0.8,0.69,-0.535,0.0,True,neutral
create subcases completeness,activities regular procedure,0,1,0.0,0.8,0.69,-0.535,0.0,True,neutral
create subcases completeness,enter senddate procedure confirmation,0,1,0.0,0.8,0.69,-0.535,0.0,True,neutral
create subcases completeness,article 34  WABO applies,0,1,0.0,0.8,0.69,-0.535,0.0,True,neutral
create subcases completeness,registration date publication,0,1,0.0,0.8,0.69,-0.535,0.0,True,neutral
create subcases completeness,reason for suspension found,0,1,0.0,0.8,0.69,-0.535,0.0,True,neutral
create subcases completeness,phase permanently suspended,0,1,0.0,0.8,0.69,-0.535,0.0,True,neutral
create subcases completeness,phase asked additional information,0,1,0.0,0.8,0.69,-0.535,0.0,True,neutral
create subcases completeness,phase decision ready,0,1,0.0,0.8,0.69,-0.535,0.0,True,neutral
create subcases completeness,phase advice known,0,1,0.0,0.8,0.69,-0.535,0.0,True,neutral
create subcases completeness,investigate BAG objects,0,1,0.0,0.8,0.69,-0.535,0.0,True,neutral
create subcases completeness,read field phased application,0,1,0.0,0.8,0.69,-0.535,0.0,True,neutral
create subcases completeness,phase procedure extended,0,1,0.0,0.8,0.69,-0.535,0.0,True,neutral
create subcases completeness,register number of days extension period,0,1,0.0,0.8,0.69,-0.535,0.0,True,neutral
create subcases completeness,forward to the competent authority,0,1,0.0,0.8,0.69,-0.535,0.0,True,neutral
create subcases completeness,creating decision suspension art. 33 WABO,0,1,0.0,0.8,0.69,-0.535,0.0,True,neutral
create subcases completeness,enter date decision suspension,0,1,0.0,0.8,0.69,-0.535,0.0,True,neutral
create subcases completeness,completed subcases content,0,1,0.0,0.8,0.69,-0.535,0.0,True,neutral
calculate final charges,objection lodged against decision,0,3,0.0,14.3,0.683,-0.551,0.0,True,neutral
phase advice known,register deadline,0,6,0.0,2.7,0.677,-0.562,0.0,True,neutral
phase case handled,enter senddate decision no permit required,1,2,1.4,2.6,0.668,-0.582,-0.318,True,neutral
OLO messaging active,registration date publication,0,6,0.0,5.6,0.668,-0.583,0.0,True,neutral
OLO messaging active,receive additional information,0,6,0.0,5.6,0.668,-0.583,0.0,True,neutral
OLO messaging active,enter date draft decisionenvironmental permit,0,6,0.0,5.6,0.668,-0.583,0.0,True,neutral
publish,set decision phase decision permitting decided,0,3,0.0,3.7,0.665,-0.588,0.0,True,neutral
publish,phase application received,0,3,0.0,3.7,0.665,-0.588,0.0,True,neutral
publish,subcases completeness completed,0,3,0.0,3.7,0.665,-0.588,0.0,True,neutral
publish,term for supplying missing data,0,3,0.0,3.7,0.665,-0.588,0.0,True,neutral
publish,terminate on request,0,3,0.0,3.7,0.665,-0.588,0.0,True,neutral
publish,phase decision ready,0,3,0.0,3.7,0.665,-0.588,0.0,True,neutral
publish,phase procedure extended,0,3,0.0,3.7,0.665,-0.588,0.0,True,neutral
publish,regular procedure without MER,0,3,0.0,3.7,0.665,-0.588,0.0,True,neutral
publish,send letter in progress,0,3,0.0,3.7,0.665,-0.588,0.0,True,neutral
publish,register submission date request,0,3,0.0,3.7,0.665,-0.588,0.0,True,neutral
phase archived case,phase case handled,0,1,0.0,1.1,0.663,-0.593,0.0,True,neutral
phase archived case,register deadline,0,1,0.0,1.1,0.663,-0.593,0.0,True,neutral
phase archived case,phase application receptive,0,1,0.0,1.1,0.663,-0.593,0.0,True,neutral
phase archived case,completed subcases content,0,1,0.0,1.1,0.663,-0.593,0.0,True,neutral
phase archived case,phase decision sent,0,1,0.0,1.1,0.663,-0.593,0.0,True,neutral
phase archived case,subcases completeness completed,0,1,0.0,1.1,0.663,-0.593,0.0,True,neutral
phase archived case,enter date publication decision environmental permit,0,1,0.0,1.1,0.663,-0.593,0.0,True,neutral
phase archived case,phase decision taken,0,1,0.0,1.1,0.663,-0.593,0.0,True,neutral
phase archived case,set decision status,0,1,0.0,1.1,0.663,-0.593,0.0,True,neutral
phase archived case,message terminate request,0,1,0.0,1.1,0.663,-0.593,0.0,True,neutral
subcases completeness completed,decision keep permanently suspended,0,3,0.0,1.5,0.658,-0.603,0.0,True,neutral
subcases completeness completed,send procedure confirmation,0,3,0.0,1.5,0.658,-0.603,0.0,True,neutral
subcases completeness completed,decision extension procedure term irrevocable,0,3,0.0,1.5,0.658,-0.603,0.0,True,neutral
subcases completeness completed,phase decision taken,0,3,0.0,1.5,0.658,-0.603,0.0,True,neutral
subcases completeness completed,retrieve missing data,0,3,0.0,1.5,0.658,-0.603,0.0,True,neutral
subcases completeness completed,treat subcases completeness,0,3,0.0,1.5,0.658,-0.603,0.0,True,neutral
subcases completeness completed,treat subcases content,0,3,0.0,1.5,0.658,-0.603,0.0,True,neutral
subcases completeness completed,resume completeness subcases,0,3,0.0,1.5,0.658,-0.603,0.0,True,neutral
subcases completeness completed,send message OLO-status in progress,0,3,0.0,1.5,0.658,-0.603,0.0,True,neutral
subcases completeness completed,send letter in progress,0,3,0.0,1.5,0.658,-0.603,0.0,True,neutral
enter date publication decision environmental permit,final VVGB applications,0,5,0.0,5.6,0.658,-0.603,0.0,True,neutral
subcases completeness completed,no permit needed or only notification needed,0,3,0.0,1.5,0.658,-0.603,0.0,True,neutral
subcases completeness completed,enter senddate procedure confirmation,0,3,0.0,1.5,0.658,-0.603,0.0,True,neutral
subcases completeness completed,register number of days extension period,0,3,0.0,1.5,0.658,-0.603,0.0,True,neutral
subcases completeness completed,activities regular procedure,0,3,0.0,1.5,0.658,-0.603,0.0,True,neutral
subcases completeness completed,read field phased application,0,3,0.0,1.5,0.658,-0.603,0.0,True,neutral
subcases completeness completed,record date of decision environmental permit,0,3,0.0,1.5,0.658,-0.603,0.0,True,neutral
subcases completeness completed,create draft environtmental permit,0,3,0.0,1.5,0.658,-0.603,0.0,True,neutral
subcases completeness completed,create subcases content,0,3,0.0,1.5,0.658,-0.603,0.0,True,neutral
create procedure confirmation,enter senddate procedure confirmation,0,4,0.0,4.1,0.657,-0.607,0.0,True,neutral
create procedure confirmation,inform BAG administrator,0,4,0.0,4.1,0.657,-0.607,0.0,True,neutral
send procedure confirmation,enter senddate procedure confirmation,0,6,0.0,4.3,0.655,-0.61,0.0,True,neutral
create decision procedure term extension,phase procedure extended,0,6,0.0,9.5,0.651,-0.619,0.0,True,neutral
register deadline,enter senddate confirmation request,0,1,0.0,0.6,0.648,-0.625,0.0,True,neutral
register deadline,extend procedure term,0,1,0.0,0.6,0.648,-0.625,0.0,True,neutral
register deadline,enter senddate letter no permit required,0,1,0.0,0.6,0.648,-0.625,0.0,True,neutral
register deadline,initiative competent authority,0,1,0.0,0.6,0.648,-0.625,0.0,True,neutral
register deadline,mutation BAG carry objects,0,1,0.0,0.6,0.648,-0.625,0.0,True,neutral
register deadline,set decision phase decision no permit required sent,0,1,0.0,0.6,0.648,-0.625,0.0,True,neutral
register deadline,set decision phase decision permitting decided,0,1,0.0,0.6,0.648,-0.625,0.0,True,neutral
register deadline,regular procedure without MER,0,1,0.0,0.6,0.648,-0.625,0.0,True,neutral
register deadline,enter senddate decision permanent suspension,0,1,0.0,0.6,0.648,-0.625,0.0,True,neutral
register deadline,OLO messaging active,0,1,0.0,0.6,0.648,-0.625,0.0,True,neutral
register deadline,objection to permanent suspension received,0,1,0.0,0.6,0.648,-0.625,0.0,True,neutral
register deadline,receive additional information,0,1,0.0,0.6,0.648,-0.625,0.0,True,neutral
register deadline,read publication date field,0,1,0.0,0.6,0.648,-0.625,0.0,True,neutral
register deadline,send procedure confirmation,0,1,0.0,0.6,0.648,-0.625,0.0,True,neutral
register deadline,creating cover letter decision,0,1,0.0,0.6,0.648,-0.625,0.0,True,neutral
register deadline,transcript decision environmental permit to stakeholders,0,1,0.0,0.6,0.648,-0.625,0.0,True,neutral
register deadline,subcases completeness completed,0,1,0.0,0.6,0.648,-0.625,0.0,True,neutral
register deadline,resume completeness subcases,0,1,0.0,0.6,0.648,-0.625,0.0,True,neutral
register deadline,no permit needed or only notification needed,0,1,0.0,0.6,0.648,-0.625,0.0,True,neutral
register deadline,stop procedure after permanent suspension,0,1,0.0,0.6,0.648,-0.625,0.0,True,neutral
register deadline,registrer date of publishing received request,0,1,0.0,0.6,0.648,-0.625,0.0,True,neutral
register deadline,phase decision taken,0,1,0.0,0.6,0.648,-0.625,0.0,True,neutral
request complete,phase procedure extended,0,7,0.0,4.1,0.646,-0.631,0.0,True,neutral
request complete,phase decision taken,0,7,0.0,4.1,0.646,-0.631,0.0,True,neutral
send suspension by competent authority,treat subcases completeness,0,1,0.0,7.1,0.644,-0.634,0.0,True,neutral
send suspension by competent authority,procedure change,0,1,0.0,7.1,0.644,-0.634,0.0,True,neutral
send suspension by competent authority,applicant is stakeholder,0,1,0.0,7.1,0.644,-0.634,0.0,True,neutral
application submitted through OLO,send confirmation receipt,0,7,0.0,50.0,0.644,-0.634,0.0,True,neutral
send suspension by competent authority,extend procedure term,0,1,0.0,7.1,0.644,-0.634,0.0,True,neutral
send suspension by competent authority,phase procedure term suspended,0,1,0.0,7.1,0.644,-0.634,0.0,True,neutral
no permit needed or only notification needed,phase only notification required,0,3,0.0,2.4,0.639,-0.646,0.0,True,neutral
no permit needed or only notification needed,phase decision ready,0,3,0.0,2.4,0.639,-0.646,0.0,True,neutral
no permit needed or only notification needed,suspension ground applicable,0,3,0.0,2.4,0.639,-0.646,0.0,True,neutral
no permit needed or only notification needed,completed subcases content,0,3,0.0,2.4,0.639,-0.646,0.0,True,neutral
no permit needed or only notification needed,terminate on request,0,3,0.0,2.4,0.639,-0.646,0.0,True,neutral
no permit needed or only notification needed,send letter in progress,0,3,0.0,2.4,0.639,-0.646,0.0,True,neutral
no permit needed or only notification needed,no permit needed or only notification needed,0,3,0.0,2.4,0.639,-0.646,0.0,True,neutral
no permit needed or only notification needed,activities regular procedure,0,3,0.0,2.4,0.639,-0.646,0.0,True,neutral
no permit needed or only notification needed,enter senddate retrieve missing data,0,3,0.0,2.4,0.639,-0.646,0.0,True,neutral
no permit needed or only notification needed,article 34  WABO applies,0,3,0.0,2.4,0.639,-0.646,0.0,True,neutral
no permit needed or only notification needed,publish,0,3,0.0,2.4,0.639,-0.646,0.0,True,neutral
no permit needed or only notification needed,create decision no permit required,0,3,0.0,2.4,0.639,-0.646,0.0,True,neutral
no permit needed or only notification needed,procedure change,0,3,0.0,2.4,0.639,-0.646,0.0,True,neutral
no permit needed or only notification needed,send confirmation receipt,0,3,0.0,2.4,0.639,-0.646,0.0,True,neutral
treat subcases completeness,phase procedure extended,0,3,0.0,1.6,0.637,-0.651,0.0,True,neutral
treat subcases completeness,assessment of content completed,0,3,0.0,1.6,0.637,-0.651,0.0,True,neutral
treat subcases completeness,register objection and appeal periods,0,3,0.0,1.6,0.637,-0.651,0.0,True,neutral
treat subcases completeness,start decision phase extension granted,0,3,0.0,1.6,0.637,-0.651,0.0,True,neutral
treat subcases completeness,set decision phase decision permitting decided,0,3,0.0,1.6,0.637,-0.651,0.0,True,neutral
treat subcases completeness,send message OLO-status in progress,0,3,0.0,1.6,0.637,-0.651,0.0,True,neutral
treat subcases completeness,message request advice,0,3,0.0,1.6,0.637,-0.651,0.0,True,neutral
treat subcases completeness,phase application received,0,3,0.0,1.6,0.637,-0.651,0.0,True,neutral
treat subcases completeness,terminate on request,0,3,0.0,1.6,0.637,-0.651,0.0,True,neutral
treat subcases completeness,creating decision procedure term extension,0,3,0.0,1.6,0.637,-0.651,0.0,True,neutral
treat subcases completeness,enter date draft decisionenvironmental permit,0,3,0.0,1.6,0.637,-0.651,0.0,True,neutral
treat subcases completeness,investigate BAG objects,0,3,0.0,1.6,0.637,-0.651,0.0,True,neutral
start date suspension competent authority,create suspension competent authority,0,1,0.0,10.0,0.636,-0.652,0.0,True,neutral
start date suspension competent authority,reason for suspension found,0,1,0.0,10.0,0.636,-0.652,0.0,True,neutral
start date suspension competent authority,procedure change,0,1,0.0,10.0,0.636,-0.652,0.0,True,neutral
environmental permit irrevocable,date environmental permit irrevocable,0,5,0.0,50.0,0.636,-0.652,0.0,True,neutral
creating environmental permit decision,phase draft decision ready,2,2,0.6,1.0,0.633,-0.66,-0.09,True,neutral
coordination of application,creating environmental permit decision,0,4,0.0,16.0,0.63,-0.667,0.0,True,neutral
phase application received,register submission date request,0,1,0.0,0.5,0.626,-0.675,0.0,True,neutral
phase application received,send design decision to stakeholders,0,1,0.0,0.5,0.626,-0.675,0.0,True,neutral
phase application received,receive additional information,0,1,0.0,0.5,0.626,-0.675,0.0,True,neutral
phase application received,message terminate request,0,1,0.0,0.5,0.626,-0.675,0.0,True,neutral
phase application received,procedure change,0,1,0.0,0.5,0.626,-0.675,0.0,True,neutral
phase application received,enter date publication decision environmental permit,0,1,0.0,0.5,0.626,-0.675,0.0,True,neutral
phase application received,transcript decision environmental permit to stakeholders,0,1,0.0,0.5,0.626,-0.675,0.0,True,neutral
phase application received,phase only notification required,0,1,0.0,0.5,0.626,-0.675,0.0,True,neutral
phase application received,forward to the competent authority,0,1,0.0,0.5,0.626,-0.675,0.0,True,neutral
phase application received,phase concept draft decision ready,0,1,0.0,0.5,0.626,-0.675,0.0,True,neutral
phase application received,MER present,0,1,0.0,0.5,0.626,-0.675,0.0,True,neutral
read publication date field,enter senddate decision no permit required,0,3,0.0,3.2,0.621,-0.687,0.0,True,neutral
read publication date field,stop all running subcases 2b,0,3,0.0,3.2,0.621,-0.687,0.0,True,neutral
read publication date field,process received advice,0,3,0.0,3.2,0.621,-0.687,0.0,True,neutral
read publication date field,phase application receptive,0,3,0.0,3.2,0.621,-0.687,0.0,True,neutral
read publication date field,phase draft decision made,0,3,0.0,3.2,0.621,-0.687,0.0,True,neutral
read publication date field,record date of decision environmental permit,0,3,0.0,3.2,0.621,-0.687,0.0,True,neutral
read publication date field,send design decision to stakeholders,0,3,0.0,3.2,0.621,-0.687,0.0,True,neutral
phase appeal lodged,received OLO documents,0,3,0.0,50.0,0.619,-0.692,0.0,True,neutral
stop procedure after permanent suspension,register deadline,0,3,0.0,50.0,0.619,-0.692,0.0,True,neutral
ground for refusal after reassessment plan,suspension ground applicable,0,3,0.0,50.0,0.619,-0.692,0.0,True,neutral
objection to permanent suspension in system,objection to permanent suspension received,0,3,0.0,50.0,0.619,-0.692,0.0,True,neutral
ground for refusal after reassessment plan,by law,0,3,0.0,50.0,0.619,-0.692,0.0,True,neutral
create monitoring case,read publication date field,0,2,0.0,4.9,0.615,-0.702,0.0,True,neutral
create monitoring case,phase decision ready,0,2,0.0,4.9,0.615,-0.702,0.0,True,neutral
create monitoring case,start decision phase decision permitting sent,0,2,0.0,4.9,0.615,-0.702,0.0,True,neutral
create monitoring case,set decision phase inspection of decision permitting,0,2,0.0,4.9,0.615,-0.702,0.0,True,neutral
create monitoring case,creating environmental permit decision,0,2,0.0,4.9,0.615,-0.702,0.0,True,neutral
create monitoring case,transcript decision environmental permit to stakeholders,0,2,0.0,4.9,0.615,-0.702,0.0,True,neutral
create monitoring case,enter senddate draft decision,0,2,0.0,4.9,0.615,-0.702,0.0,True,neutral
start decision phase permanently suspended decided,phase additional information received,0,1,0.0,2.6,0.612,-0.707,0.0,True,neutral
start decision phase permanently suspended decided,calculate provisional charges,0,1,0.0,2.6,0.612,-0.707,0.0,True,neutral
start decision phase permanently suspended decided,creating decision permanently suspended,0,1,0.0,2.6,0.612,-0.707,0.0,True,neutral
start decision phase permanently suspended decided,read publication date field,0,1,0.0,2.6,0.612,-0.707,0.0,True,neutral
start decision phase permanently suspended decided,enter date decision permanent suspension,0,1,0.0,2.6,0.612,-0.707,0.0,True,neutral
start decision phase permanently suspended decided,retrieve missing data,0,1,0.0,2.6,0.612,-0.707,0.0,True,neutral
start decision phase permanently suspended decided,start decision phase permanent suspension sent,0,1,0.0,2.6,0.612,-0.707,0.0,True,neutral
enter senddate decision,phase decision sent,0,4,0.0,4.5,0.603,-0.731,0.0,True,neutral
register date environmental permit decision,retrieve missing data,0,5,0.0,3.7,0.601,-0.735,0.0,True,neutral
mutation BAG carry objects,register date environmental permit decision,0,3,0.0,30.0,0.6,-0.737,0.0,True,neutral
phase procedure extended,generating decision environmental permit,0,2,0.0,4.1,0.6,-0.737,0.0,True,neutral
phase procedure extended,enter senddate procedure term extension,0,2,0.0,4.1,0.6,-0.737,0.0,True,neutral
phase procedure extended,start decision phase extension granted,0,2,0.0,4.1,0.6,-0.737,0.0,True,neutral
subcase permanent suspension completed,phase procedure resumed,0,2,0.0,50.0,0.6,-0.737,0.0,True,neutral
first phase affected,create publication document,0,2,0.0,50.0,0.6,-0.737,0.0,True,neutral
send message OLO-status in progress,treat subcases content,0,7,0.0,53.8,0.6,-0.737,0.0,True,neutral
phase procedure extended,copy decision to extend procedure to stakeholders,0,2,0.0,4.1,0.6,-0.737,0.0,True,neutral
enter senddate information request,further information received,0,2,0.0,50.0,0.6,-0.737,0.0,True,neutral
phase procedure extended,enter senddate decision procedure term extension,0,2,0.0,4.1,0.6,-0.737,0.0,True,neutral
phase procedure extended,create cover letter extend procedure term,0,2,0.0,4.1,0.6,-0.737,0.0,True,neutral
objections and preliminary injunction in system,appeal logded,0,2,0.0,50.0,0.6,-0.737,0.0,True,neutral
phase only notification required,create letter only notification required,0,2,0.0,50.0,0.6,-0.737,0.0,True,neutral
enter senddate decision permanent suspension,applicant is stakeholder,0,1,0.0,2.2,0.595,-0.75,0.0,True,neutral
enter senddate decision permanent suspension,publish,0,1,0.0,2.2,0.595,-0.75,0.0,True,neutral
enter senddate decision permanent suspension,enter senddate procedure confirmation,0,1,0.0,2.2,0.595,-0.75,0.0,True,neutral
enter senddate decision permanent suspension,enter date decision permanent suspension,0,1,0.0,2.2,0.595,-0.75,0.0,True,neutral
enter senddate decision permanent suspension,objection to permanent suspension received,0,1,0.0,2.2,0.595,-0.75,0.0,True,neutral
enter senddate decision permanent suspension,suspend term,0,1,0.0,2.2,0.595,-0.75,0.0,True,neutral
enter senddate decision permanent suspension,phase asked additional information,0,1,0.0,2.2,0.595,-0.75,0.0,True,neutral
enter senddate decision permanent suspension,phase application received,0,1,0.0,2.2,0.595,-0.75,0.0,True,neutral
enter senddate decision permanent suspension,create cover letter permanent suspension,0,1,0.0,2.2,0.595,-0.75,0.0,True,neutral
enter senddate decision permanent suspension,close case,0,1,0.0,2.2,0.595,-0.75,0.0,True,neutral
enter senddate decision permanent suspension,retrieve missing data,0,1,0.0,2.2,0.595,-0.75,0.0,True,neutral
enter senddate decision permanent suspension,register deadline,0,1,0.0,2.2,0.595,-0.75,0.0,True,neutral
enter senddate decision permanent suspension,terminate on request,0,1,0.0,2.2,0.595,-0.75,0.0,True,neutral
enter senddate decision permanent suspension,resume completeness subcases,0,1,0.0,2.2,0.595,-0.75,0.0,True,neutral
assessment of content completed,by law,0,4,0.0,2.5,0.592,-0.756,0.0,True,neutral
assessment of content completed,create decision procedure term extension,0,4,0.0,2.5,0.592,-0.756,0.0,True,neutral
assessment of content completed,close case,0,4,0.0,2.5,0.592,-0.756,0.0,True,neutral
start WABOprocedure,phase concept draft decision ready,0,1,0.0,0.6,0.586,-0.77,0.0,True,neutral
start WABOprocedure,phase additional information received,0,1,0.0,0.6,0.586,-0.77,0.0,True,neutral
start WABOprocedure,enter senddate procedure term extension,0,1,0.0,0.6,0.586,-0.77,0.0,True,neutral
start WABOprocedure,submit draft decision,0,1,0.0,0.6,0.586,-0.77,0.0,True,neutral
start WABOprocedure,ask stakeholders views,0,1,0.0,0.6,0.586,-0.77,0.0,True,neutral
start WABOprocedure,article 34  WABO applies,0,1,0.0,0.6,0.586,-0.77,0.0,True,neutral
start WABOprocedure,keep permanently suspended,0,1,0.0,0.6,0.586,-0.77,0.0,True,neutral
start WABOprocedure,enter senddate procedure confirmation,0,1,0.0,0.6,0.586,-0.77,0.0,True,neutral
start WABOprocedure,enter senddate retrieve missing data,0,1,0.0,0.6,0.586,-0.77,0.0,True,neutral
start WABOprocedure,inform BAG administrator,0,1,0.0,0.6,0.586,-0.77,0.0,True,neutral
start WABOprocedure,send letter in progress,0,1,0.0,0.6,0.586,-0.77,0.0,True,neutral
start WABOprocedure,procedure change,0,1,0.0,0.6,0.586,-0.77,0.0,True,neutral
start WABOprocedure,start decisionphase draft decision - permitting decided,0,1,0.0,0.6,0.586,-0.77,0.0,True,neutral
start WABOprocedure,request complete,0,1,0.0,0.6,0.586,-0.77,0.0,True,neutral
start WABOprocedure,enter senddate decision,0,1,0.0,0.6,0.586,-0.77,0.0,True,neutral
start WABOprocedure,enter enddate suspension art. 33 WABO,0,1,0.0,0.6,0.586,-0.77,0.0,True,neutral
start WABOprocedure,decision date prior to decision,0,1,0.0,0.6,0.586,-0.77,0.0,True,neutral
start WABOprocedure,treat subcase perspective,0,1,0.0,0.6,0.586,-0.77,0.0,True,neutral
start WABOprocedure,suspension ground applicable,0,1,0.0,0.6,0.586,-0.77,0.0,True,neutral
start WABOprocedure,phase draft decision made,0,1,0.0,0.6,0.586,-0.77,0.0,True,neutral
start WABOprocedure,enter senddate decision environmental permit,0,1,0.0,0.6,0.586,-0.77,0.0,True,neutral
start WABOprocedure,assessment of content completed,0,1,0.0,0.6,0.586,-0.77,0.0,True,neutral
start WABOprocedure,create procedure confirmation,0,1,0.0,0.6,0.586,-0.77,0.0,True,neutral
start WABOprocedure,MER present in supplement,0,1,0.0,0.6,0.586,-0.77,0.0,True,neutral
start WABOprocedure,cancel case,0,1,0.0,0.6,0.586,-0.77,0.0,True,neutral
start WABOprocedure,initiative competent authority,0,1,0.0,0.6,0.586,-0.77,0.0,True,neutral
start WABOprocedure,register date environmental permit decision,0,1,0.0,0.6,0.586,-0.77,0.0,True,neutral
phase concept draft decision ready,phase advice known,0,4,0.0,4.7,0.582,-0.78,0.0,True,neutral
phase concept draft decision ready,completed subcases content,0,4,0.0,4.7,0.582,-0.78,0.0,True,neutral
phase concept draft decision ready,enter date draft decisionenvironmental permit,0,4,0.0,4.7,0.582,-0.78,0.0,True,neutral
objection lodged against decision,request complete,0,3,0.0,8.8,0.58,-0.786,0.0,True,neutral
OLO messaging active,terminate on request,0,7,0.0,6.5,0.579,-0.789,0.0,True,neutral
OLO messaging active,send confirmation receipt,0,7,0.0,6.5,0.579,-0.789,0.0,True,neutral
transcript decision environmental permit to stakeholders,registrer date of publishing received request,0,5,0.0,3.7,0.573,-0.804,0.0,True,neutral
transcript decision environmental permit to stakeholders,start decision phase decision permitting sent,0,5,0.0,3.7,0.573,-0.804,0.0,True,neutral
create subcases submit draft decision,treat subcases submit draft decision,0,8,0.0,57.1,0.569,-0.814,0.0,True,neutral
grounds for refusal,applicant is stakeholder,0,3,0.0,4.3,0.567,-0.818,0.0,True,neutral
grounds for refusal,extend procedure term,0,3,0.0,4.3,0.567,-0.818,0.0,True,neutral
grounds for refusal,retrieve missing data,0,3,0.0,4.3,0.567,-0.818,0.0,True,neutral
grounds for refusal,start decision phase decision permitting sent,0,3,0.0,4.3,0.567,-0.818,0.0,True,neutral
submit draft decision,forward to the competent authority,0,4,0.0,5.1,0.563,-0.83,0.0,True,neutral
submit draft decision,set decision status,0,4,0.0,5.1,0.563,-0.83,0.0,True,neutral
submit draft decision,phase concept draft decision ready,0,4,0.0,5.1,0.563,-0.83,0.0,True,neutral
submit draft decision,enter senddate draft decision,0,4,0.0,5.1,0.563,-0.83,0.0,True,neutral
submit draft decision,enrich draft decision,0,4,0.0,5.1,0.563,-0.83,0.0,True,neutral
submit draft decision,procedure change after completeness,0,4,0.0,5.1,0.563,-0.83,0.0,True,neutral
phase permanently suspended,resume completeness subcases,0,3,0.0,10.3,0.562,-0.832,0.0,True,neutral
phase permanently suspended,creating decision permanently suspended,0,3,0.0,10.3,0.562,-0.832,0.0,True,neutral
term perspective on draft decision,perspective on draft decision environmental permit received,0,1,0.0,50.0,0.556,-0.848,0.0,True,neutral
term perspective on draft decision,phase draft decision made,0,1,0.0,50.0,0.556,-0.848,0.0,True,neutral
temporary permit,enter senddate procedure confirmation,0,1,0.0,50.0,0.556,-0.848,0.0,True,neutral
creating decision suspension art. 34 WABO,treat subcase suspension art. 33 WABO,0,1,0.0,50.0,0.556,-0.848,0.0,True,neutral
enter suspension term applicant,treat subcases completeness,0,1,0.0,50.0,0.556,-0.848,0.0,True,neutral
send information request,completed subcases content,0,1,0.0,50.0,0.556,-0.848,0.0,True,neutral
send information request,procedure change,0,1,0.0,50.0,0.556,-0.848,0.0,True,neutral
temporary permit,regular procedure without MER,0,1,0.0,50.0,0.556,-0.848,0.0,True,neutral
creating decision suspension art. 34 WABO,subcase art. 33 WABO completed,0,1,0.0,50.0,0.556,-0.848,0.0,True,neutral
enter suspension term applicant,phase procedure term suspended,0,1,0.0,50.0,0.556,-0.848,0.0,True,neutral
send send confirmation competent authority,message change competent authority,0,4,0.0,57.1,0.556,-0.848,0.0,True,neutral
create draft environtmental permit,extend procedure term,0,4,0.0,4.7,0.549,-0.865,0.0,True,neutral
create draft environtmental permit,applicant is stakeholder,0,4,0.0,4.7,0.549,-0.865,0.0,True,neutral
create draft environtmental permit,treat subcases completeness,0,4,0.0,4.7,0.549,-0.865,0.0,True,neutral
create draft environtmental permit,start decisionphase draft decision - permitting decided,0,4,0.0,4.7,0.549,-0.865,0.0,True,neutral
create draft environtmental permit,subcase perspective complete,0,4,0.0,4.7,0.549,-0.865,0.0,True,neutral
phase decision ready,creating cover letter decision,0,1,0.0,0.6,0.545,-0.875,0.0,True,neutral
phase decision ready,create publication document,0,1,0.0,0.6,0.545,-0.875,0.0,True,neutral
phase decision ready,read field phased application,0,1,0.0,0.6,0.545,-0.875,0.0,True,neutral
phase decision ready,enter senddate decision environmental permit,0,1,0.0,0.6,0.545,-0.875,0.0,True,neutral
phase decision ready,enter senddate procedure confirmation,0,1,0.0,0.6,0.545,-0.875,0.0,True,neutral
phase decision ready,treat subcases content,0,1,0.0,0.6,0.545,-0.875,0.0,True,neutral
phase decision ready,start decisionphase draft decision - permitting decided,0,1,0.0,0.6,0.545,-0.875,0.0,True,neutral
phase decision ready,treat subcase suspension art. 35 WABO,0,1,0.0,0.6,0.545,-0.875,0.0,True,neutral
phase decision ready,send procedure confirmation,0,1,0.0,0.6,0.545,-0.875,0.0,True,neutral
phase decision ready,assessment of content completed,0,1,0.0,0.6,0.545,-0.875,0.0,True,neutral
phase decision ready,phase advice known,0,1,0.0,0.6,0.545,-0.875,0.0,True,neutral
phase decision ready,phase procedure term resumed,0,1,0.0,0.6,0.545,-0.875,0.0,True,neutral
phase decision ready,enter senddate decision,0,1,0.0,0.6,0.545,-0.875,0.0,True,neutral
phase decision ready,phase draft decision made,0,1,0.0,0.6,0.545,-0.875,0.0,True,neutral
generate draft decision environmental permit,set decision phase: draft decision permitted sent,0,3,0.0,3.4,0.544,-0.878,0.0,True,neutral
generate draft decision environmental permit,retrieve missing data,0,3,0.0,3.4,0.544,-0.878,0.0,True,neutral
generate draft decision environmental permit,send procedure confirmation,0,3,0.0,3.4,0.544,-0.878,0.0,True,neutral
generate draft decision environmental permit,phase advice known,0,3,0.0,3.4,0.544,-0.878,0.0,True,neutral
generate draft decision environmental permit,enter publication date draft decision,0,3,0.0,3.4,0.544,-0.878,0.0,True,neutral
generate draft decision environmental permit,enrich draft decision,0,3,0.0,3.4,0.544,-0.878,0.0,True,neutral
generate draft decision environmental permit,dismiss under mandate,0,3,0.0,3.4,0.544,-0.878,0.0,True,neutral
generate draft decision environmental permit,record date of decision environmental permit,0,3,0.0,3.4,0.544,-0.878,0.0,True,neutral
create procedure confirmation,start decision phase extension granted,0,5,0.0,5.2,0.537,-0.896,0.0,True,neutral
reason for suspension found,enter suspension term applicant,0,1,0.0,3.8,0.535,-0.901,0.0,True,neutral
reason for suspension found,enter date request received,0,1,0.0,3.8,0.535,-0.901,0.0,True,neutral
enter objectionterm,copy decision to extend procedure to stakeholders,0,8,0.0,61.5,0.529,-0.918,0.0,True,neutral
objection subcase completed,request for preliminary injunction received,0,3,0.0,60.0,0.524,-0.933,0.0,True,neutral
phase procedure term suspended,phase additional information received,0,1,0.0,3.7,0.524,-0.933,0.0,True,neutral
phase procedure term suspended,forward to the competent authority,0,1,0.0,3.7,0.524,-0.933,0.0,True,neutral
phase procedure term suspended,enter senddate suspension by competent authority,0,1,0.0,3.7,0.524,-0.933,0.0,True,neutral
phase procedure term suspended,create suspension competent authority,0,1,0.0,3.7,0.524,-0.933,0.0,True,neutral
procedure change after completeness,resume completeness subcases,0,3,0.0,3.5,0.52,-0.944,0.0,True,neutral
procedure change after completeness,coordination of application,0,3,0.0,3.5,0.52,-0.944,0.0,True,neutral
procedure change after completeness,enter senddate procedure confirmation,0,3,0.0,3.5,0.52,-0.944,0.0,True,neutral
procedure change after completeness,phase decision sent,0,3,0.0,3.5,0.52,-0.944,0.0,True,neutral
procedure change after completeness,request complete,0,3,0.0,3.5,0.52,-0.944,0.0,True,neutral
procedure change after completeness,procedure change,0,3,0.0,3.5,0.52,-0.944,0.0,True,neutral
procedure change after completeness,create procedure confirmation,0,3,0.0,3.5,0.52,-0.944,0.0,True,neutral
extend procedure term,create letter requesting missing data,0,3,0.0,1.9,0.517,-0.951,0.0,True,neutral
extend procedure term,phase procedure extended,0,3,0.0,1.9,0.517,-0.951,0.0,True,neutral
extend procedure term,generate draft decision environmental permit,0,3,0.0,1.9,0.517,-0.951,0.0,True,neutral
extend procedure term,send suspension by competent authority,0,3,0.0,1.9,0.517,-0.951,0.0,True,neutral
extend procedure term,send confirmation receipt,0,3,0.0,1.9,0.517,-0.951,0.0,True,neutral
extend procedure term,request further information,0,3,0.0,1.9,0.517,-0.951,0.0,True,neutral
extend procedure term,regular procedure applies,0,3,0.0,1.9,0.517,-0.951,0.0,True,neutral
extend procedure term,assessment of content completed,0,3,0.0,1.9,0.517,-0.951,0.0,True,neutral
extend procedure term,article 34  WABO applies,0,3,0.0,1.9,0.517,-0.951,0.0,True,neutral
extend procedure term,enter date decision procedure term extension,0,3,0.0,1.9,0.517,-0.951,0.0,True,neutral
extend procedure term,enter senddate decision environmental permit,0,3,0.0,1.9,0.517,-0.951,0.0,True,neutral
extend procedure term,register date environmental permit decision,0,3,0.0,1.9,0.517,-0.951,0.0,True,neutral
extend procedure term,register number of days extension period,0,3,0.0,1.9,0.517,-0.951,0.0,True,neutral
extend procedure term,create publication document,0,3,0.0,1.9,0.517,-0.951,0.0,True,neutral
extend procedure term,enter date advice on treatment of environmental permit,0,3,0.0,1.9,0.517,-0.951,0.0,True,neutral
extend procedure term,register suspension by competent authority,0,3,0.0,1.9,0.517,-0.951,0.0,True,neutral
extend procedure term,terminate on request,0,3,0.0,1.9,0.517,-0.951,0.0,True,neutral
extend procedure term,treat subcases content,0,3,0.0,1.9,0.517,-0.951,0.0,True,neutral
extend procedure term,keep permanently suspended,0,3,0.0,1.9,0.517,-0.951,0.0,True,neutral
appeal subcase completed,create monitoring case,0,5,0.0,62.5,0.515,-0.957,0.0,True,neutral
subcases completeness completed,generating decision environmental permit,0,4,0.0,2.0,0.512,-0.965,0.0,True,neutral
subcases completeness completed,receive additional information,0,4,0.0,2.0,0.512,-0.965,0.0,True,neutral
subcases completeness completed,generate publication document decision environmental permit,0,4,0.0,2.0,0.512,-0.965,0.0,True,neutral
subcases completeness completed,received OLO documents,0,4,0.0,2.0,0.512,-0.965,0.0,True,neutral
subcases completeness completed,start decision phase decision permitting sent,0,4,0.0,2.0,0.512,-0.965,0.0,True,neutral
subcases completeness completed,procedure change,0,4,0.0,2.0,0.512,-0.965,0.0,True,neutral
subcases completeness completed,completed subcases content,0,4,0.0,2.0,0.512,-0.965,0.0,True,neutral
subcases completeness completed,enter senddate decision environmental permit,0,4,0.0,2.0,0.512,-0.965,0.0,True,neutral
subcases completeness completed,WAW request permanently suspended,0,4,0.0,2.0,0.512,-0.965,0.0,True,neutral
OLO messaging active,regular procedure without MER,0,8,0.0,7.4,0.511,-0.97,0.0,True,neutral
OLO messaging active,no permit needed or only notification needed,0,8,0.0,7.4,0.511,-0.97,0.0,True,neutral
register date environmental permit decision,OLO messaging active,0,6,0.0,4.4,0.508,-0.976,0.0,True,neutral
register date environmental permit decision,environmental permit irrevocable,0,6,0.0,4.4,0.508,-0.976,0.0,True,neutral
set decision phase decision permitting decided,creating decision procedure term extension,0,2,0.0,1.3,0.506,-0.983,0.0,True,neutral
set decision phase decision permitting decided,OLO messaging active,0,2,0.0,1.3,0.506,-0.983,0.0,True,neutral
set decision phase decision permitting decided,close case,0,2,0.0,1.3,0.506,-0.983,0.0,True,neutral
set decision phase decision permitting decided,ask stakeholders views,0,2,0.0,1.3,0.506,-0.983,0.0,True,neutral
set decision phase decision permitting decided,phase draft decision ready,0,2,0.0,1.3,0.506,-0.983,0.0,True,neutral
set decision phase decision permitting decided,perspective on draft decision environmental permit received,0,2,0.0,1.3,0.506,-0.983,0.0,True,neutral
set decision phase decision permitting decided,enter senddate procedure term extension,0,2,0.0,1.3,0.506,-0.983,0.0,True,neutral
set decision phase decision permitting decided,generating decision environmental permit,0,2,0.0,1.3,0.506,-0.983,0.0,True,neutral
set decision phase decision permitting decided,send confirmation receipt,0,2,0.0,1.3,0.506,-0.983,0.0,True,neutral
set decision phase decision permitting decided,submit draft decision,0,2,0.0,1.3,0.506,-0.983,0.0,True,neutral
set decision phase decision permitting decided,transcript decision environmental permit to stakeholders,0,2,0.0,1.3,0.506,-0.983,0.0,True,neutral
set decision phase decision permitting decided,set decision phase: draft decision permitted sent,0,2,0.0,1.3,0.506,-0.983,0.0,True,neutral
set decision phase decision permitting decided,create monitoring case,0,2,0.0,1.3,0.506,-0.983,0.0,True,neutral
set decision phase decision permitting decided,creating environmental permit decision,0,2,0.0,1.3,0.506,-0.983,0.0,True,neutral
set decision phase decision permitting decided,create publication document,0,2,0.0,1.3,0.506,-0.983,0.0,True,neutral
set decision phase decision permitting decided,completed subcases content,0,2,0.0,1.3,0.506,-0.983,0.0,True,neutral
set decision phase decision permitting decided,procedure change,0,2,0.0,1.3,0.506,-0.983,0.0,True,neutral
set decision phase decision permitting decided,enter publication date draft decision,0,2,0.0,1.3,0.506,-0.983,0.0,True,neutral
set decision phase decision permitting decided,stop all running subcases 2b,0,2,0.0,1.3,0.506,-0.983,0.0,True,neutral
set decision phase decision permitting decided,set decision phase decision permitting published,0,2,0.0,1.3,0.506,-0.983,0.0,True,neutral
set decision phase decision permitting decided,phase asked additional information,0,2,0.0,1.3,0.506,-0.983,0.0,True,neutral
set decision phase decision permitting decided,request complete,0,2,0.0,1.3,0.506,-0.983,0.0,True,neutral
set decision phase decision permitting decided,phase case handled,0,2,0.0,1.3,0.506,-0.983,0.0,True,neutral
phase additional information received,register objection and appeal periods,0,2,0.0,1.9,0.499,-1.003,0.0,True,learned_avoid
phase additional information received,start decisionphase draft decision - permitting decided,0,2,0.0,1.9,0.499,-1.003,0.0,True,learned_avoid
phase additional information received,start decision phase permanent suspension sent,0,2,0.0,1.9,0.499,-1.003,0.0,True,learned_avoid
phase additional information received,decision date prior to decision,0,2,0.0,1.9,0.499,-1.003,0.0,True,learned_avoid
phase additional information received,article 34  WABO applies,0,2,0.0,1.9,0.499,-1.003,0.0,True,learned_avoid
phase additional information received,enter date decision permanent suspension,0,2,0.0,1.9,0.499,-1.003,0.0,True,learned_avoid
phase additional information received,decision keep permanently suspended,0,2,0.0,1.9,0.499,-1.003,0.0,True,learned_avoid
phase additional information received,enter senddate acknowledgement,0,2,0.0,1.9,0.499,-1.003,0.0,True,learned_avoid
phase additional information received,procedure change after completeness,0,2,0.0,1.9,0.499,-1.003,0.0,True,learned_avoid
phase additional information received,create decision procedure term extension,0,2,0.0,1.9,0.499,-1.003,0.0,True,learned_avoid
phase additional information received,create subcases content,0,2,0.0,1.9,0.499,-1.003,0.0,True,learned_avoid
phase additional information received,start WABOprocedure,0,2,0.0,1.9,0.499,-1.003,0.0,True,learned_avoid
phase additional information received,generating decision environmental permit,0,2,0.0,1.9,0.499,-1.003,0.0,True,learned_avoid
phase additional information received,set decision phase: draft decision permitted sent,0,2,0.0,1.9,0.499,-1.003,0.0,True,learned_avoid
phase additional information received,enter senddate retrieve missing data,0,2,0.0,1.9,0.499,-1.003,0.0,True,learned_avoid
phase additional information received,phase asked additional information,0,2,0.0,1.9,0.499,-1.003,0.0,True,learned_avoid
create decision procedure term extension,phase advice known,0,8,0.0,12.7,0.498,-1.006,0.0,True,learned_avoid
no permit needed or only notification needed,objection to permanent suspension received,0,4,0.0,3.1,0.497,-1.008,0.0,True,learned_avoid
completed subcases content,phase decision suspended,0,2,0.0,1.0,0.496,-1.012,0.0,True,learned_avoid
completed subcases content,message change status,0,2,0.0,1.0,0.496,-1.012,0.0,True,learned_avoid
completed subcases content,enter senddate retrieve missing data,0,2,0.0,1.0,0.496,-1.012,0.0,True,learned_avoid
completed subcases content,open draft decision for inspection,0,2,0.0,1.0,0.496,-1.012,0.0,True,learned_avoid
completed subcases content,by law,0,2,0.0,1.0,0.496,-1.012,0.0,True,learned_avoid
completed subcases content,close case,0,2,0.0,1.0,0.496,-1.012,0.0,True,learned_avoid
completed subcases content,phase perspective submitted,0,2,0.0,1.0,0.496,-1.012,0.0,True,learned_avoid
completed subcases content,request further information,0,2,0.0,1.0,0.496,-1.012,0.0,True,learned_avoid
completed subcases content,set decision status,0,2,0.0,1.0,0.496,-1.012,0.0,True,learned_avoid
completed subcases content,start decision phase decision permitting sent,0,2,0.0,1.0,0.496,-1.012,0.0,True,learned_avoid
completed subcases content,send design decision to stakeholders,0,2,0.0,1.0,0.496,-1.012,0.0,True,learned_avoid
completed subcases content,register date environmental permit decision,0,2,0.0,1.0,0.496,-1.012,0.0,True,learned_avoid
completed subcases content,registration date publication,0,2,0.0,1.0,0.496,-1.012,0.0,True,learned_avoid
completed subcases content,read field phased application,0,2,0.0,1.0,0.496,-1.012,0.0,True,learned_avoid
completed subcases content,publish official draft decision,0,2,0.0,1.0,0.496,-1.012,0.0,True,learned_avoid
completed subcases content,further information received,0,2,0.0,1.0,0.496,-1.012,0.0,True,learned_avoid
completed subcases content,grounds for refusal,0,2,0.0,1.0,0.496,-1.012,0.0,True,learned_avoid
completed subcases content,creating decision procedure term extension,0,2,0.0,1.0,0.496,-1.012,0.0,True,learned_avoid
completed subcases content,enter date advice on treatment of environmental permit,0,2,0.0,1.0,0.496,-1.012,0.0,True,learned_avoid
completed subcases content,phase application received,0,2,0.0,1.0,0.496,-1.012,0.0,True,learned_avoid
completed subcases content,phase advice known,0,2,0.0,1.0,0.496,-1.012,0.0,True,learned_avoid
completed subcases content,enter senddate decision environmental permit,0,2,0.0,1.0,0.496,-1.012,0.0,True,learned_avoid
completed subcases content,enter receipt of additional data,0,2,0.0,1.0,0.496,-1.012,0.0,True,learned_avoid
completed subcases content,enter senddate decision suspension,0,2,0.0,1.0,0.496,-1.012,0.0,True,learned_avoid
completed subcases content,dismiss under mandate,0,2,0.0,1.0,0.496,-1.012,0.0,True,learned_avoid
completed subcases content,creating environmental permit decision,0,2,0.0,1.0,0.496,-1.012,0.0,True,learned_avoid
completed subcases content,phase additional information received,0,2,0.0,1.0,0.496,-1.012,0.0,True,learned_avoid
completed subcases content,generating decision environmental permit,0,2,0.0,1.0,0.496,-1.012,0.0,True,learned_avoid
completed subcases content,phase decision ready,0,2,0.0,1.0,0.496,-1.012,0.0,True,learned_avoid
completed subcases content,received OLO documents,0,2,0.0,1.0,0.496,-1.012,0.0,True,learned_avoid
completed subcases content,WAW request permanently suspended,0,2,0.0,1.0,0.496,-1.012,0.0,True,learned_avoid
treat subcases completeness,generate draft decision environmental permit,0,4,0.0,2.1,0.495,-1.013,0.0,True,learned_avoid
treat subcases completeness,create draft environtmental permit,0,4,0.0,2.1,0.495,-1.013,0.0,True,learned_avoid
treat subcases completeness,phase asked additional information,0,4,0.0,2.1,0.495,-1.013,0.0,True,learned_avoid
treat subcases completeness,phase procedure term resumed,0,4,0.0,2.1,0.495,-1.013,0.0,True,learned_avoid
treat subcases completeness,decision date prior to decision,0,4,0.0,2.1,0.495,-1.013,0.0,True,learned_avoid
treat subcases completeness,subcase WAW completed,0,4,0.0,2.1,0.495,-1.013,0.0,True,learned_avoid
treat subcases completeness,enter senddate draft decision,0,4,0.0,2.1,0.495,-1.013,0.0,True,learned_avoid
treat subcases completeness,phase application receptive,0,4,0.0,2.1,0.495,-1.013,0.0,True,learned_avoid
treat subcases completeness,send confirmation receipt,0,4,0.0,2.1,0.495,-1.013,0.0,True,learned_avoid
treat subcases completeness,send letter in progress,0,4,0.0,2.1,0.495,-1.013,0.0,True,learned_avoid
treat subcases completeness,resume completeness subcases,0,4,0.0,2.1,0.495,-1.013,0.0,True,learned_avoid
create letter requesting missing data,register number of days extension period,0,1,0.0,4.2,0.495,-1.015,0.0,True,learned_avoid
create letter requesting missing data,send procedure confirmation,0,1,0.0,4.2,0.495,-1.015,0.0,True,learned_avoid
create letter requesting missing data,start WABOprocedure,0,1,0.0,4.2,0.495,-1.015,0.0,True,learned_avoid
create letter requesting missing data,enter senddate retrieve missing data,0,1,0.0,4.2,0.495,-1.015,0.0,True,learned_avoid
create letter requesting missing data,read field phased application,0,1,0.0,4.2,0.495,-1.015,0.0,True,learned_avoid
create letter requesting missing data,publish,0,1,0.0,4.2,0.495,-1.015,0.0,True,learned_avoid
create letter requesting missing data,phase asked additional information,0,1,0.0,4.2,0.495,-1.015,0.0,True,learned_avoid
create letter requesting missing data,article 34  WABO applies,0,1,0.0,4.2,0.495,-1.015,0.0,True,learned_avoid
create letter requesting missing data,extend procedure term,0,1,0.0,4.2,0.495,-1.015,0.0,True,learned_avoid
create letter requesting missing data,no permit needed or only notification needed,0,1,0.0,4.2,0.495,-1.015,0.0,True,learned_avoid
create letter requesting missing data,initiative competent authority,0,1,0.0,4.2,0.495,-1.015,0.0,True,learned_avoid
create letter requesting missing data,OLO messaging active,0,1,0.0,4.2,0.495,-1.015,0.0,True,learned_avoid
create letter requesting missing data,send confirmation receipt additional data,0,1,0.0,4.2,0.495,-1.015,0.0,True,learned_avoid
create letter requesting missing data,register deadline,0,1,0.0,4.2,0.495,-1.015,0.0,True,learned_avoid
create letter requesting missing data,receive additional information,0,1,0.0,4.2,0.495,-1.015,0.0,True,learned_avoid
terminate on request,phase application received,0,1,0.0,0.6,0.493,-1.02,0.0,True,learned_avoid
terminate on request,keep permanently suspended,0,1,0.0,0.6,0.493,-1.02,0.0,True,learned_avoid
terminate on request,phase archived case,0,1,0.0,0.6,0.493,-1.02,0.0,True,learned_avoid
terminate on request,grounds for refusal,0,1,0.0,0.6,0.493,-1.02,0.0,True,learned_avoid
terminate on request,phase decision taken,0,1,0.0,0.6,0.493,-1.02,0.0,True,learned_avoid
terminate on request,procedure change,0,1,0.0,0.6,0.493,-1.02,0.0,True,learned_avoid
enter senddate decision,date decision for inspection,0,5,0.0,5.6,0.493,-1.02,0.0,True,learned_avoid
terminate on request,objection lodged against decision,0,1,0.0,0.6,0.493,-1.02,0.0,True,learned_avoid
terminate on request,enter senddate procedure confirmation,0,1,0.0,0.6,0.493,-1.02,0.0,True,learned_avoid
terminate on request,initiative competent authority,0,1,0.0,0.6,0.493,-1.02,0.0,True,learned_avoid
terminate on request,message terminate request,0,1,0.0,0.6,0.493,-1.02,0.0,True,learned_avoid
terminate on request,ask stakeholders views,0,1,0.0,0.6,0.493,-1.02,0.0,True,learned_avoid
terminate on request,send confirmation receipt,0,1,0.0,0.6,0.493,-1.02,0.0,True,learned_avoid
terminate on request,retrieve missing data,0,1,0.0,0.6,0.493,-1.02,0.0,True,learned_avoid
terminate on request,enter date advice on treatment of environmental permit,0,1,0.0,0.6,0.493,-1.02,0.0,True,learned_avoid
terminate on request,WAW permit aspect,0,1,0.0,0.6,0.493,-1.02,0.0,True,learned_avoid
terminate on request,create procedure confirmation,0,1,0.0,0.6,0.493,-1.02,0.0,True,learned_avoid
terminate on request,create letter no permit or only notification required,0,1,0.0,0.6,0.493,-1.02,0.0,True,learned_avoid
terminate on request,enter senddate request termination,0,1,0.0,0.6,0.493,-1.02,0.0,True,learned_avoid
terminate on request,decision extension procedure term irrevocable,0,1,0.0,0.6,0.493,-1.02,0.0,True,learned_avoid
terminate on request,MER present,0,1,0.0,0.6,0.493,-1.02,0.0,True,learned_avoid
terminate on request,register objection and appeal periods,0,1,0.0,0.6,0.493,-1.02,0.0,True,learned_avoid
phase asked additional information,enter date decision permanent suspension,0,2,0.0,1.9,0.485,-1.044,0.0,True,learned_avoid
phase asked additional information,create publication document,0,2,0.0,1.9,0.485,-1.044,0.0,True,learned_avoid
phase asked additional information,enter date draft decisionenvironmental permit,0,2,0.0,1.9,0.485,-1.044,0.0,True,learned_avoid
phase asked additional information,read field phased application,0,2,0.0,1.9,0.485,-1.044,0.0,True,learned_avoid
phase asked additional information,phase additional information received,0,2,0.0,1.9,0.485,-1.044,0.0,True,learned_avoid
phase asked additional information,start decision phase permanent suspension sent,0,2,0.0,1.9,0.485,-1.044,0.0,True,learned_avoid
phase asked additional information,keep permanently suspended,0,2,0.0,1.9,0.485,-1.044,0.0,True,learned_avoid
phase asked additional information,enter senddate retrieve missing data,0,2,0.0,1.9,0.485,-1.044,0.0,True,learned_avoid
phase asked additional information,treat subcases completeness,0,2,0.0,1.9,0.485,-1.044,0.0,True,learned_avoid
phase asked additional information,create draft environtmental permit,0,2,0.0,1.9,0.485,-1.044,0.0,True,learned_avoid
phase asked additional information,receive additional information,0,2,0.0,1.9,0.485,-1.044,0.0,True,learned_avoid
phase asked additional information,phase application receptive,0,2,0.0,1.9,0.485,-1.044,0.0,True,learned_avoid
phase asked additional information,set decision status,0,2,0.0,1.9,0.485,-1.044,0.0,True,learned_avoid
phase asked additional information,set decision phase decision permitting decided,0,2,0.0,1.9,0.485,-1.044,0.0,True,learned_avoid
phase asked additional information,start decision phase extension granted,0,2,0.0,1.9,0.485,-1.044,0.0,True,learned_avoid
phase asked additional information,phase application received,0,2,0.0,1.9,0.485,-1.044,0.0,True,learned_avoid
phase asked additional information,terminate on request,0,2,0.0,1.9,0.485,-1.044,0.0,True,learned_avoid
phase asked additional information,phase decision ready,0,2,0.0,1.9,0.485,-1.044,0.0,True,learned_avoid
read publication date field,treat subcases completeness,0,4,0.0,4.3,0.483,-1.049,0.0,True,learned_avoid
read publication date field,enter senddate decision environmental permit,0,4,0.0,4.3,0.483,-1.049,0.0,True,learned_avoid
set decision phase: draft decision permitted sent,entering senddate draft decision environmental permit,0,1,0.0,2.2,0.481,-1.054,0.0,True,learned_avoid
set decision phase: draft decision permitted sent,creating environmental permit decision,0,1,0.0,2.2,0.481,-1.054,0.0,True,learned_avoid
set decision phase: draft decision permitted sent,create draft environtmental permit,0,1,0.0,2.2,0.481,-1.054,0.0,True,learned_avoid
set decision phase: draft decision permitted sent,create subcases completeness,0,1,0.0,2.2,0.481,-1.054,0.0,True,learned_avoid
set decision phase: draft decision permitted sent,completed subcases content,0,1,0.0,2.2,0.481,-1.054,0.0,True,learned_avoid
set decision phase: draft decision permitted sent,enter publication date draft decision,0,1,0.0,2.2,0.481,-1.054,0.0,True,learned_avoid
set decision phase: draft decision permitted sent,enter date advice on treatment of environmental permit,0,1,0.0,2.2,0.481,-1.054,0.0,True,learned_avoid
set decision phase: draft decision permitted sent,phase draft decision sent,0,1,0.0,2.2,0.481,-1.054,0.0,True,learned_avoid
set decision phase: draft decision permitted sent,phase draft decision ready,0,1,0.0,2.2,0.481,-1.054,0.0,True,learned_avoid
set decision phase: draft decision permitted sent,phase concept draft decision ready,0,1,0.0,2.2,0.481,-1.054,0.0,True,learned_avoid
set decision phase: draft decision permitted sent,phase draft decision made,0,1,0.0,2.2,0.481,-1.054,0.0,True,learned_avoid
set decision phase: draft decision permitted sent,transcript decision environmental permit to stakeholders,0,1,0.0,2.2,0.481,-1.054,0.0,True,learned_avoid
decision date prior to decision,create publication document,0,1,0.0,0.8,0.48,-1.06,0.0,True,learned_avoid
decision date prior to decision,procedure change,0,1,0.0,0.8,0.48,-1.06,0.0,True,learned_avoid
decision date prior to decision,register objection and appeal periods,0,1,0.0,0.8,0.48,-1.06,0.0,True,learned_avoid
decision date prior to decision,ask stakeholders views,0,1,0.0,0.8,0.48,-1.06,0.0,True,learned_avoid
decision date prior to decision,article 34  WABO applies,0,1,0.0,0.8,0.48,-1.06,0.0,True,learned_avoid
decision date prior to decision,create subcases content,0,1,0.0,0.8,0.48,-1.06,0.0,True,learned_avoid
decision date prior to decision,creating cover letter decision,0,1,0.0,0.8,0.48,-1.06,0.0,True,learned_avoid
decision date prior to decision,create subcases present decision,0,1,0.0,0.8,0.48,-1.06,0.0,True,learned_avoid
decision date prior to decision,create decision no permit required,0,1,0.0,0.8,0.48,-1.06,0.0,True,learned_avoid
decision date prior to decision,create procedure confirmation,0,1,0.0,0.8,0.48,-1.06,0.0,True,learned_avoid
decision date prior to decision,assessment of content completed,0,1,0.0,0.8,0.48,-1.06,0.0,True,learned_avoid
decision date prior to decision,investigate BAG objects,0,1,0.0,0.8,0.48,-1.06,0.0,True,learned_avoid
decision date prior to decision,keep permanently suspended,0,1,0.0,0.8,0.48,-1.06,0.0,True,learned_avoid
decision date prior to decision,enter senddate decision environmental permit,0,1,0.0,0.8,0.48,-1.06,0.0,True,learned_avoid
decision date prior to decision,grounds for refusal,0,1,0.0,0.8,0.48,-1.06,0.0,True,learned_avoid
decision date prior to decision,phase procedure extended,0,1,0.0,0.8,0.48,-1.06,0.0,True,learned_avoid
decision date prior to decision,phase permanently suspended,0,1,0.0,0.8,0.48,-1.06,0.0,True,learned_avoid
decision date prior to decision,phase decision sent,0,1,0.0,0.8,0.48,-1.06,0.0,True,learned_avoid
decision date prior to decision,register number of days extension period,0,1,0.0,0.8,0.48,-1.06,0.0,True,learned_avoid
decision date prior to decision,enter date decision permanent suspension,0,1,0.0,0.8,0.48,-1.06,0.0,True,learned_avoid
decision date prior to decision,register date environmental permit decision,0,1,0.0,0.8,0.48,-1.06,0.0,True,learned_avoid
decision date prior to decision,creating decision procedure term extension,0,1,0.0,0.8,0.48,-1.06,0.0,True,learned_avoid
decision date prior to decision,creating cover letter no permit required,0,1,0.0,0.8,0.48,-1.06,0.0,True,learned_avoid
decision date prior to decision,procedure change after completeness,0,1,0.0,0.8,0.48,-1.06,0.0,True,learned_avoid
decision date prior to decision,decision keep permanently suspended,0,1,0.0,0.8,0.48,-1.06,0.0,True,learned_avoid
decision date prior to decision,creating environmental permit decision,0,1,0.0,0.8,0.48,-1.06,0.0,True,learned_avoid
decision date prior to decision,register submission date request,0,1,0.0,0.8,0.48,-1.06,0.0,True,learned_avoid
decision date prior to decision,phase advice known,0,1,0.0,0.8,0.48,-1.06,0.0,True,learned_avoid
decision date prior to decision,start decision phase permanently suspended decided,0,1,0.0,0.8,0.48,-1.06,0.0,True,learned_avoid
decision date prior to decision,start decision phase extension granted,0,1,0.0,0.8,0.48,-1.06,0.0,True,learned_avoid
decision date prior to decision,extend procedure term,0,1,0.0,0.8,0.48,-1.06,0.0,True,learned_avoid
decision date prior to decision,suspension ground applicable,0,1,0.0,0.8,0.48,-1.06,0.0,True,learned_avoid
decision date prior to decision,phase decision ready,0,1,0.0,0.8,0.48,-1.06,0.0,True,learned_avoid
decision date prior to decision,phase application receptive,0,1,0.0,0.8,0.48,-1.06,0.0,True,learned_avoid
decision date prior to decision,treat subcases content,0,1,0.0,0.8,0.48,-1.06,0.0,True,learned_avoid
decision date prior to decision,send letter in progress,0,1,0.0,0.8,0.48,-1.06,0.0,True,learned_avoid
decision date prior to decision,send procedure confirmation,0,1,0.0,0.8,0.48,-1.06,0.0,True,learned_avoid
decision date prior to decision,treat subcase suspension art. 33 WABO,0,1,0.0,0.8,0.48,-1.06,0.0,True,learned_avoid
decision date prior to decision,transcript decision environmental permit to stakeholders,0,1,0.0,0.8,0.48,-1.06,0.0,True,learned_avoid
decision date prior to decision,subcase perspective complete,0,1,0.0,0.8,0.48,-1.06,0.0,True,learned_avoid
decision date prior to decision,start decision phase decision permitting sent,0,1,0.0,0.8,0.48,-1.06,0.0,True,learned_avoid
decision date prior to decision,set decision phase: suspension cancelled,0,1,0.0,0.8,0.48,-1.06,0.0,True,learned_avoid
enter date advice on treatment of environmental permit,submit decision,0,1,0.0,1.2,0.479,-1.062,0.0,True,learned_avoid
enter date advice on treatment of environmental permit,enter date draft decisionenvironmental permit,0,1,0.0,1.2,0.479,-1.062,0.0,True,learned_avoid
enter date advice on treatment of environmental permit,decision date prior to decision,0,1,0.0,1.2,0.479,-1.062,0.0,True,learned_avoid
enter date advice on treatment of environmental permit,record date of decision environmental permit,0,1,0.0,1.2,0.479,-1.062,0.0,True,learned_avoid
enter date advice on treatment of environmental permit,enter senddate decision environmental permit,0,1,0.0,1.2,0.479,-1.062,0.0,True,learned_avoid
enter date advice on treatment of environmental permit,completed subcases content,0,1,0.0,1.2,0.479,-1.062,0.0,True,learned_avoid
phase concept draft decision ready,extend procedure term,0,5,0.0,5.8,0.477,-1.069,0.0,True,learned_avoid
record date of decision environmental permit,creating cover letter decision,0,2,0.0,1.5,0.474,-1.077,0.0,True,learned_avoid
record date of decision environmental permit,calculate final charges,0,2,0.0,1.5,0.474,-1.077,0.0,True,learned_avoid
record date of decision environmental permit,regular procedure without MER,0,2,0.0,1.5,0.474,-1.077,0.0,True,learned_avoid
record date of decision environmental permit,send procedure confirmation,0,2,0.0,1.5,0.474,-1.077,0.0,True,learned_avoid
record date of decision environmental permit,send letter in progress,0,2,0.0,1.5,0.474,-1.077,0.0,True,learned_avoid
record date of decision environmental permit,register objection and appeal periods,0,2,0.0,1.5,0.474,-1.077,0.0,True,learned_avoid
record date of decision environmental permit,receive additional information,0,2,0.0,1.5,0.474,-1.077,0.0,True,learned_avoid
record date of decision environmental permit,subcase perspective complete,0,2,0.0,1.5,0.474,-1.077,0.0,True,learned_avoid
record date of decision environmental permit,request complete,0,2,0.0,1.5,0.474,-1.077,0.0,True,learned_avoid
record date of decision environmental permit,read publication date field,0,2,0.0,1.5,0.474,-1.077,0.0,True,learned_avoid
record date of decision environmental permit,phase decision taken,0,2,0.0,1.5,0.474,-1.077,0.0,True,learned_avoid
record date of decision environmental permit,subcases completeness completed,0,2,0.0,1.5,0.474,-1.077,0.0,True,learned_avoid
record date of decision environmental permit,suspend term,0,2,0.0,1.5,0.474,-1.077,0.0,True,learned_avoid
record date of decision environmental permit,enter senddate decision,0,2,0.0,1.5,0.474,-1.077,0.0,True,learned_avoid
record date of decision environmental permit,completed subcases content,0,2,0.0,1.5,0.474,-1.077,0.0,True,learned_avoid
record date of decision environmental permit,continue or abort mutation BAG objects,0,2,0.0,1.5,0.474,-1.077,0.0,True,learned_avoid
record date of decision environmental permit,date decision for inspection,0,2,0.0,1.5,0.474,-1.077,0.0,True,learned_avoid
create coordination confirmation,by law,0,2,0.0,66.7,0.467,-1.1,0.0,True,learned_avoid
create letter only notification required,create procedure confirmation,0,2,0.0,66.7,0.467,-1.1,0.0,True,learned_avoid
multiple components selected,request complete,0,2,0.0,66.7,0.467,-1.1,0.0,True,learned_avoid
send procedure resumption,start phase drop permanent suspension,0,2,0.0,66.7,0.467,-1.1,0.0,True,learned_avoid
treat objection subcase,request for preliminary injunction received,0,7,0.0,70.0,0.467,-1.1,0.0,True,learned_avoid
resume decision term,objection to permanent suspension in system,0,2,0.0,66.7,0.467,-1.1,0.0,True,learned_avoid
updated plan after review,submit decision,0,2,0.0,66.7,0.467,-1.1,0.0,True,learned_avoid
enter senddate procedure resumption,send letter in progress,0,2,0.0,66.7,0.467,-1.1,0.0,True,learned_avoid
treat subcase suspension art. 34 WABO,subcase art. 34 WABO completed,0,10,0.0,71.4,0.46,-1.119,0.0,True,learned_avoid
submit draft decision,send design decision to stakeholders,0,5,0.0,6.4,0.46,-1.119,0.0,True,learned_avoid
submit draft decision,phase decision ready,0,5,0.0,6.4,0.46,-1.119,0.0,True,learned_avoid
register receipt updated plan,submit decision,0,1,0.0,4.0,0.459,-1.122,0.0,True,learned_avoid
register receipt updated plan,create letter requesting updated plan,0,1,0.0,4.0,0.459,-1.122,0.0,True,learned_avoid
register receipt updated plan,create subcases content,0,1,0.0,4.0,0.459,-1.122,0.0,True,learned_avoid
register receipt updated plan,treat subcases content,0,1,0.0,4.0,0.459,-1.122,0.0,True,learned_avoid
register receipt updated plan,enter date publication decision environmental permit,0,1,0.0,4.0,0.459,-1.122,0.0,True,learned_avoid
register receipt updated plan,extend procedure term,0,1,0.0,4.0,0.459,-1.122,0.0,True,learned_avoid
register receipt updated plan,ask stakeholders views,0,1,0.0,4.0,0.459,-1.122,0.0,True,learned_avoid
OLO messaging active,applicant is stakeholder,0,9,0.0,8.3,0.457,-1.13,0.0,True,learned_avoid
OLO messaging active,create procedure confirmation,0,9,0.0,8.3,0.457,-1.13,0.0,True,learned_avoid
OLO messaging active,forward to the competent authority,0,9,0.0,8.3,0.457,-1.13,0.0,True,learned_avoid
phase application receptive,grounds for refusal,0,2,0.0,1.1,0.455,-1.137,0.0,True,learned_avoid
phase application receptive,completed subcases content,0,2,0.0,1.1,0.455,-1.137,0.0,True,learned_avoid
phase application receptive,message request advice,0,2,0.0,1.1,0.455,-1.137,0.0,True,learned_avoid
phase application receptive,phase activity no permit required,0,2,0.0,1.1,0.455,-1.137,0.0,True,learned_avoid
phase application receptive,enter senddate procedure confirmation,0,2,0.0,1.1,0.455,-1.137,0.0,True,learned_avoid
phase application receptive,enter date advice on treatment of environmental permit,0,2,0.0,1.1,0.455,-1.137,0.0,True,learned_avoid
phase application receptive,enter senddate procedure term extension,0,2,0.0,1.1,0.455,-1.137,0.0,True,learned_avoid
phase application receptive,entering senddate draft decision environmental permit,0,2,0.0,1.1,0.455,-1.137,0.0,True,learned_avoid
phase application receptive,generate draft decision environmental permit,0,2,0.0,1.1,0.455,-1.137,0.0,True,learned_avoid
phase application receptive,set decision phase suspension decided,0,2,0.0,1.1,0.455,-1.137,0.0,True,learned_avoid
phase application receptive,registrer date of publishing received request,0,2,0.0,1.1,0.455,-1.137,0.0,True,learned_avoid
phase application receptive,set decision phase inspection of decision permitting,0,2,0.0,1.1,0.455,-1.137,0.0,True,learned_avoid
phase application receptive,send procedure confirmation,0,2,0.0,1.1,0.455,-1.137,0.0,True,learned_avoid
phase application receptive,request further information,0,2,0.0,1.1,0.455,-1.137,0.0,True,learned_avoid
phase application receptive,send decision suspension,0,2,0.0,1.1,0.455,-1.137,0.0,True,learned_avoid
phase application receptive,enter senddate acknowledgement,0,2,0.0,1.1,0.455,-1.137,0.0,True,learned_avoid
phase application receptive,create subcases present decision,0,2,0.0,1.1,0.455,-1.137,0.0,True,learned_avoid
phase application receptive,create monitoring case oversight,0,2,0.0,1.1,0.455,-1.137,0.0,True,learned_avoid
phase application receptive,investigate BAG objects,0,2,0.0,1.1,0.455,-1.137,0.0,True,learned_avoid
phase application receptive,phase decision sent,0,2,0.0,1.1,0.455,-1.137,0.0,True,learned_avoid
phase application receptive,phase decision suspended,0,2,0.0,1.1,0.455,-1.137,0.0,True,learned_avoid
phase application receptive,create draft environtmental permit,0,2,0.0,1.1,0.455,-1.137,0.0,True,learned_avoid
phase application receptive,enter date termination request received,0,2,0.0,1.1,0.455,-1.137,0.0,True,learned_avoid
phase application receptive,phase case handled,0,2,0.0,1.1,0.455,-1.137,0.0,True,learned_avoid
phase application receptive,phase advice known,0,2,0.0,1.1,0.455,-1.137,0.0,True,learned_avoid
phase application receptive,publish official draft decision,0,2,0.0,1.1,0.455,-1.137,0.0,True,learned_avoid
phase application receptive,record date of decision environmental permit,0,2,0.0,1.1,0.455,-1.137,0.0,True,learned_avoid
phase application receptive,read publication date field,0,2,0.0,1.1,0.455,-1.137,0.0,True,learned_avoid
phase application receptive,start WABOprocedure,0,2,0.0,1.1,0.455,-1.137,0.0,True,learned_avoid
phase application receptive,start decision phase extension granted,0,2,0.0,1.1,0.455,-1.137,0.0,True,learned_avoid
phase application receptive,treat subcase perspective,0,2,0.0,1.1,0.455,-1.137,0.0,True,learned_avoid
phase application receptive,start decision phase decision permitting sent,0,2,0.0,1.1,0.455,-1.137,0.0,True,learned_avoid
phase application receptive,register number of days extension period,0,2,0.0,1.1,0.455,-1.137,0.0,True,learned_avoid
phase application receptive,phase draft decision ready,0,2,0.0,1.1,0.455,-1.137,0.0,True,learned_avoid
phase application receptive,register date environmental permit decision,0,2,0.0,1.1,0.455,-1.137,0.0,True,learned_avoid
phase application receptive,retrieve missing data,0,2,0.0,1.1,0.455,-1.137,0.0,True,learned_avoid
phase application receptive,WAW permit aspect,0,2,0.0,1.1,0.455,-1.137,0.0,True,learned_avoid
treat subcase permanent suspension,register deadline,0,5,0.0,71.4,0.455,-1.138,0.0,True,learned_avoid
create procedure confirmation,start phased application,0,6,0.0,6.2,0.455,-1.138,0.0,True,learned_avoid
set phase,generating decision environmental permit,0,5,0.0,41.7,0.455,-1.138,0.0,True,learned_avoid
subcase preliminary injunction completed,treat objection subcase,0,5,0.0,71.4,0.455,-1.138,0.0,True,learned_avoid
create procedure confirmation,start WABOprocedure,0,6,0.0,6.2,0.455,-1.138,0.0,True,learned_avoid
inform BAG administrator,register number of days extension period,0,1,0.0,0.9,0.451,-1.15,0.0,True,learned_avoid
inform BAG administrator,extend procedure term,0,1,0.0,0.9,0.451,-1.15,0.0,True,learned_avoid
inform BAG administrator,enter senddate decision environmental permit,0,1,0.0,0.9,0.451,-1.15,0.0,True,learned_avoid
inform BAG administrator,entering senddate draft decision environmental permit,0,1,0.0,0.9,0.451,-1.15,0.0,True,learned_avoid
inform BAG administrator,publish,0,1,0.0,0.9,0.451,-1.15,0.0,True,learned_avoid
inform BAG administrator,MER present,0,1,0.0,0.9,0.451,-1.15,0.0,True,learned_avoid
inform BAG administrator,OLO messaging active,0,1,0.0,0.9,0.451,-1.15,0.0,True,learned_avoid
inform BAG administrator,request further information,0,1,0.0,0.9,0.451,-1.15,0.0,True,learned_avoid
inform BAG administrator,applicant is stakeholder,0,1,0.0,0.9,0.451,-1.15,0.0,True,learned_avoid
inform BAG administrator,registration date publication,0,1,0.0,0.9,0.451,-1.15,0.0,True,learned_avoid
inform BAG administrator,suspend term,0,1,0.0,0.9,0.451,-1.15,0.0,True,learned_avoid
create draft environtmental permit,generate draft decision environmental permit,0,5,0.0,5.8,0.449,-1.154,0.0,True,learned_avoid
create draft environtmental permit,start decision phase decision permitting sent,0,5,0.0,5.8,0.449,-1.154,0.0,True,learned_avoid
create monitoring case,phase decision sent,0,3,0.0,7.3,0.439,-1.187,0.0,True,learned_avoid
create monitoring case,enter senddate decision environmental permit,0,3,0.0,7.3,0.439,-1.187,0.0,True,learned_avoid
create monitoring case,record date of decision environmental permit,0,3,0.0,7.3,0.439,-1.187,0.0,True,learned_avoid
register submission date request,create publication document,0,1,0.0,0.3,0.432,-1.21,0.0,True,learned_avoid
register submission date request,MER required,0,1,0.0,0.3,0.432,-1.21,0.0,True,learned_avoid
objection to permanent suspension received,start decision phase permanent suspension sent,0,2,0.0,10.0,0.432,-1.212,0.0,True,learned_avoid
objection to permanent suspension received,phase permanently suspended,0,2,0.0,10.0,0.432,-1.212,0.0,True,learned_avoid
objection to permanent suspension received,objection to permanent suspension accepted,0,2,0.0,10.0,0.432,-1.212,0.0,True,learned_avoid
objection to permanent suspension received,registration date publication,0,2,0.0,10.0,0.432,-1.212,0.0,True,learned_avoid
objection to permanent suspension received,create cover letter permanent suspension,0,2,0.0,10.0,0.432,-1.212,0.0,True,learned_avoid
procedure change,start decision phase permanently suspended decided,0,2,0.0,1.1,0.43,-1.217,0.0,True,learned_avoid
procedure change,request complete,0,2,0.0,1.1,0.43,-1.217,0.0,True,learned_avoid
procedure change,send procedure confirmation,0,2,0.0,1.1,0.43,-1.217,0.0,True,learned_avoid
procedure change,registrer date of publishing received request,0,2,0.0,1.1,0.43,-1.217,0.0,True,learned_avoid
procedure change,enter date decision permanent suspension,0,2,0.0,1.1,0.43,-1.217,0.0,True,learned_avoid
procedure change,enter senddate decision procedure term extension,0,2,0.0,1.1,0.43,-1.217,0.0,True,learned_avoid
procedure change,enter date decision procedure term extension,0,2,0.0,1.1,0.43,-1.217,0.0,True,learned_avoid
procedure change,enter senddate decision,0,2,0.0,1.1,0.43,-1.217,0.0,True,learned_avoid
procedure change,create decision procedure term extension,0,2,0.0,1.1,0.43,-1.217,0.0,True,learned_avoid
procedure change,phase asked additional information,0,2,0.0,1.1,0.43,-1.217,0.0,True,learned_avoid
procedure change,phase procedure prematurely terminated,0,2,0.0,1.1,0.43,-1.217,0.0,True,learned_avoid
procedure change,phase application received,0,2,0.0,1.1,0.43,-1.217,0.0,True,learned_avoid
procedure change,OLO messaging active,0,2,0.0,1.1,0.43,-1.217,0.0,True,learned_avoid
procedure change,treat subcases completeness,0,2,0.0,1.1,0.43,-1.217,0.0,True,learned_avoid
procedure change,start WABOprocedure,0,2,0.0,1.1,0.43,-1.217,0.0,True,learned_avoid
procedure change,set decision phase: draft decision for inspection,0,2,0.0,1.1,0.43,-1.217,0.0,True,learned_avoid
procedure change,terminate on request,0,2,0.0,1.1,0.43,-1.217,0.0,True,learned_avoid
procedure change,create subcases completeness,0,2,0.0,1.1,0.43,-1.217,0.0,True,learned_avoid
procedure change,extend procedure term,0,2,0.0,1.1,0.43,-1.217,0.0,True,learned_avoid
procedure change,enter senddate procedure confirmation,0,2,0.0,1.1,0.43,-1.217,0.0,True,learned_avoid
procedure change,applicant is stakeholder,0,2,0.0,1.1,0.43,-1.217,0.0,True,learned_avoid
procedure change,create draft environtmental permit,0,2,0.0,1.1,0.43,-1.217,0.0,True,learned_avoid
procedure change,phase application receptive,0,2,0.0,1.1,0.43,-1.217,0.0,True,learned_avoid
procedure change,phase advice known,0,2,0.0,1.1,0.43,-1.217,0.0,True,learned_avoid
procedure change,transcript decision environmental permit to stakeholders,0,2,0.0,1.1,0.43,-1.217,0.0,True,learned_avoid
procedure change,enter date advice on treatment of environmental permit,0,2,0.0,1.1,0.43,-1.217,0.0,True,learned_avoid
start phase drop permanent suspension,enter senddate procedure resumption,0,3,0.0,75.0,0.429,-1.222,0.0,True,learned_avoid
start phased application,create subcases completeness,0,1,0.0,4.5,0.429,-1.222,0.0,True,learned_avoid
phase procedure extended,treat subcases content,0,3,0.0,6.1,0.429,-1.222,0.0,True,learned_avoid
start phased application,start decision phase extension granted,0,1,0.0,4.5,0.429,-1.222,0.0,True,learned_avoid
start phased application,subcases completeness completed,0,1,0.0,4.5,0.429,-1.222,0.0,True,learned_avoid
start phased application,procedure change,0,1,0.0,4.5,0.429,-1.222,0.0,True,learned_avoid
start phased application,read field phased application,0,1,0.0,4.5,0.429,-1.222,0.0,True,learned_avoid
start phased application,registration date publication,0,1,0.0,4.5,0.429,-1.222,0.0,True,learned_avoid
start phased application,first phase affected,0,1,0.0,4.5,0.429,-1.222,0.0,True,learned_avoid
reception through OLO,enter senddate acknowledgement,0,2,0.0,8.3,0.426,-1.231,0.0,True,learned_avoid
reception through OLO,enter senddate retrieve missing data,0,2,0.0,8.3,0.426,-1.231,0.0,True,learned_avoid
reception through OLO,enter date termination request received,0,2,0.0,8.3,0.426,-1.231,0.0,True,learned_avoid
publish,completed subcases content,0,5,0.0,6.2,0.423,-1.24,0.0,True,learned_avoid
generate draft decision environmental permit,create draft environtmental permit,0,4,0.0,4.5,0.423,-1.241,0.0,True,learned_avoid
generate draft decision environmental permit,entering senddate draft decision environmental permit,0,4,0.0,4.5,0.423,-1.241,0.0,True,learned_avoid
generate draft decision environmental permit,message change status,0,4,0.0,4.5,0.423,-1.241,0.0,True,learned_avoid
perspective on draft decision environmental permit received,transcript decision environmental permit to stakeholders,0,1,0.0,1.9,0.42,-1.253,0.0,True,learned_avoid
perspective on draft decision environmental permit received,set decision phase inspection of decision permitting,0,1,0.0,1.9,0.42,-1.253,0.0,True,learned_avoid
perspective on draft decision environmental permit received,suspension ground applicable,0,1,0.0,1.9,0.42,-1.253,0.0,True,learned_avoid
perspective on draft decision environmental permit received,register date environmental permit decision,0,1,0.0,1.9,0.42,-1.253,0.0,True,learned_avoid
perspective on draft decision environmental permit received,creating cover letter decision,0,1,0.0,1.9,0.42,-1.253,0.0,True,learned_avoid
perspective on draft decision environmental permit received,phase decision ready,0,1,0.0,1.9,0.42,-1.253,0.0,True,learned_avoid
perspective on draft decision environmental permit received,creating environmental permit decision,0,1,0.0,1.9,0.42,-1.253,0.0,True,learned_avoid
perspective on draft decision environmental permit received,enter senddate draft decision,0,1,0.0,1.9,0.42,-1.253,0.0,True,learned_avoid
perspective on draft decision environmental permit received,final VVGB applications,0,1,0.0,1.9,0.42,-1.253,0.0,True,learned_avoid
perspective on draft decision environmental permit received,treat subcase perspective,0,1,0.0,1.9,0.42,-1.253,0.0,True,learned_avoid
perspective on draft decision environmental permit received,no permit needed or only notification needed,0,1,0.0,1.9,0.42,-1.253,0.0,True,learned_avoid
perspective on draft decision environmental permit received,handle perspective in system,0,1,0.0,1.9,0.42,-1.253,0.0,True,learned_avoid
perspective on draft decision environmental permit received,decision date prior to decision,0,1,0.0,1.9,0.42,-1.253,0.0,True,learned_avoid
subcases completeness completed,submit draft decision,0,5,0.0,2.5,0.419,-1.255,0.0,True,learned_avoid
subcases completeness completed,WAW permit aspect,0,5,0.0,2.5,0.419,-1.255,0.0,True,learned_avoid
subcases completeness completed,decision date prior to decision,0,5,0.0,2.5,0.419,-1.255,0.0,True,learned_avoid
create subcases completeness,creating environmental permit decision,0,2,0.0,1.5,0.414,-1.272,0.0,True,learned_avoid
create subcases completeness,generating decision environmental permit,0,2,0.0,1.5,0.414,-1.272,0.0,True,learned_avoid
create subcases completeness,term for submitting updated plan,0,2,0.0,1.5,0.414,-1.272,0.0,True,learned_avoid
create subcases completeness,term for supplying missing data,0,2,0.0,1.5,0.414,-1.272,0.0,True,learned_avoid
create subcases completeness,subcases completeness completed,0,2,0.0,1.5,0.414,-1.272,0.0,True,learned_avoid
create subcases completeness,start decision phase extension granted,0,2,0.0,1.5,0.414,-1.272,0.0,True,learned_avoid
create subcases completeness,phase decision taken,0,2,0.0,1.5,0.414,-1.272,0.0,True,learned_avoid
create subcases completeness,phase application received,0,2,0.0,1.5,0.414,-1.272,0.0,True,learned_avoid
create subcases completeness,request complete,0,2,0.0,1.5,0.414,-1.272,0.0,True,learned_avoid
create subcases completeness,regular procedure without MER,0,2,0.0,1.5,0.414,-1.272,0.0,True,learned_avoid
create subcases completeness,decision date prior to decision,0,2,0.0,1.5,0.414,-1.272,0.0,True,learned_avoid
create subcases completeness,retrieve missing data,0,2,0.0,1.5,0.414,-1.272,0.0,True,learned_avoid
create subcases completeness,ask stakeholders views,0,2,0.0,1.5,0.414,-1.272,0.0,True,learned_avoid
create subcases completeness,create procedure confirmation,0,2,0.0,1.5,0.414,-1.272,0.0,True,learned_avoid
create subcases completeness,no permit needed or only notification needed,0,2,0.0,1.5,0.414,-1.272,0.0,True,learned_avoid
create subcases completeness,set decision phase suspension decided,0,2,0.0,1.5,0.414,-1.272,0.0,True,learned_avoid
date environmental permit irrevocable,phase advice known,0,4,0.0,80.0,0.407,-1.295,0.0,True,learned_avoid
no permit needed or only notification needed,MER present in supplement,0,5,0.0,3.9,0.407,-1.298,0.0,True,learned_avoid
no permit needed or only notification needed,create procedure confirmation,0,5,0.0,3.9,0.407,-1.298,0.0,True,learned_avoid
no permit needed or only notification needed,set decision status,0,5,0.0,3.9,0.407,-1.298,0.0,True,learned_avoid
no permit needed or only notification needed,enter senddate procedure confirmation,0,5,0.0,3.9,0.407,-1.298,0.0,True,learned_avoid
no permit needed or only notification needed,phase application received,0,5,0.0,3.9,0.407,-1.298,0.0,True,learned_avoid
treat subcases completeness,subcase art. 33 WABO completed,0,5,0.0,2.6,0.405,-1.303,0.0,True,learned_avoid
treat subcases completeness,publish official draft decision,0,5,0.0,2.6,0.405,-1.303,0.0,True,learned_avoid
treat subcases completeness,create publication document,0,5,0.0,2.6,0.405,-1.303,0.0,True,learned_avoid
treat subcases completeness,extend procedure term,0,5,0.0,2.6,0.405,-1.303,0.0,True,learned_avoid
treat subcases completeness,applicant is stakeholder,0,5,0.0,2.6,0.405,-1.303,0.0,True,learned_avoid
procedure change after completeness,investigate BAG objects,0,4,0.0,4.7,0.404,-1.307,0.0,True,learned_avoid
procedure change after completeness,create suspension competent authority,0,4,0.0,4.7,0.404,-1.307,0.0,True,learned_avoid
procedure change after completeness,send letter in progress,0,4,0.0,4.7,0.404,-1.307,0.0,True,learned_avoid
procedure change after completeness,completed subcases content,0,4,0.0,4.7,0.404,-1.307,0.0,True,learned_avoid
procedure change after completeness,by law,0,4,0.0,4.7,0.404,-1.307,0.0,True,learned_avoid
extend procedure term,MER present in supplement,0,4,0.0,2.5,0.402,-1.314,0.0,True,learned_avoid
extend procedure term,procedure change after completeness,0,4,0.0,2.5,0.402,-1.314,0.0,True,learned_avoid
extend procedure term,suspension ground applicable,0,4,0.0,2.5,0.402,-1.314,0.0,True,learned_avoid
phase archived case,generate letter no permit required,0,2,0.0,2.3,0.398,-1.33,0.0,True,learned_avoid
phase archived case,enter senddate letter no permit required,0,2,0.0,2.3,0.398,-1.33,0.0,True,learned_avoid
phase archived case,phase permanently suspended,0,2,0.0,2.3,0.398,-1.33,0.0,True,learned_avoid
phase archived case,record date of decision environmental permit,0,2,0.0,2.3,0.398,-1.33,0.0,True,learned_avoid
phase archived case,read publication date field,0,2,0.0,2.3,0.398,-1.33,0.0,True,learned_avoid
phase archived case,mutation BAG carry objects,0,2,0.0,2.3,0.398,-1.33,0.0,True,learned_avoid
phase archived case,record date of decision no permit required,0,2,0.0,2.3,0.398,-1.33,0.0,True,learned_avoid
phase archived case,generating decision environmental permit,0,2,0.0,2.3,0.398,-1.33,0.0,True,learned_avoid
phase archived case,send procedure confirmation,0,2,0.0,2.3,0.398,-1.33,0.0,True,learned_avoid
phase archived case,start decision phase decision permitting sent,0,2,0.0,2.3,0.398,-1.33,0.0,True,learned_avoid
phase archived case,phase procedure prematurely terminated,0,2,0.0,2.3,0.398,-1.33,0.0,True,learned_avoid
generating decision no permit required,set decision phase no permit required decided,0,1,0.0,4.0,0.395,-1.339,0.0,True,learned_avoid
generating decision no permit required,resume completeness subcases,0,1,0.0,4.0,0.395,-1.339,0.0,True,learned_avoid
generating decision no permit required,enter senddate decision no permit required,0,1,0.0,4.0,0.395,-1.339,0.0,True,learned_avoid
read publication date field,start WABOprocedure,0,5,0.0,5.4,0.395,-1.339,0.0,True,learned_avoid
submit draft decision,create procedure confirmation,0,6,0.0,7.7,0.39,-1.36,0.0,True,learned_avoid
submit draft decision,phase application receptive,0,6,0.0,7.7,0.39,-1.36,0.0,True,learned_avoid
register deadline,procedure change,0,2,0.0,1.3,0.389,-1.362,0.0,True,learned_avoid
register deadline,appeal and preliminary injunction in system,0,2,0.0,1.3,0.389,-1.362,0.0,True,learned_avoid
register deadline,set decision phase unlicensed irrevocable,0,2,0.0,1.3,0.389,-1.362,0.0,True,learned_avoid
register deadline,register deadline,0,2,0.0,1.3,0.389,-1.362,0.0,True,learned_avoid
register deadline,WAW permit aspect,0,2,0.0,1.3,0.389,-1.362,0.0,True,learned_avoid
register deadline,record date of decision no permit required,0,2,0.0,1.3,0.389,-1.362,0.0,True,learned_avoid
register deadline,set decision status,0,2,0.0,1.3,0.389,-1.362,0.0,True,learned_avoid
register deadline,forward to the competent authority,0,2,0.0,1.3,0.389,-1.362,0.0,True,learned_avoid
register deadline,start decision phase decision permitting sent,0,2,0.0,1.3,0.389,-1.362,0.0,True,learned_avoid
register deadline,creating environmental permit decision,0,2,0.0,1.3,0.389,-1.362,0.0,True,learned_avoid
register deadline,date decision for inspection,0,2,0.0,1.3,0.389,-1.362,0.0,True,learned_avoid
register deadline,objection lodged against decision,0,2,0.0,1.3,0.389,-1.362,0.0,True,learned_avoid
register deadline,enter senddate procedure confirmation,0,2,0.0,1.3,0.389,-1.362,0.0,True,learned_avoid
register deadline,enter date decision permanent suspension,0,2,0.0,1.3,0.389,-1.362,0.0,True,learned_avoid
register deadline,generating decision environmental permit,0,2,0.0,1.3,0.389,-1.362,0.0,True,learned_avoid
register deadline,stop all running subcases 2b,0,2,0.0,1.3,0.389,-1.362,0.0,True,learned_avoid
register deadline,generate letter no permit required,0,2,0.0,1.3,0.389,-1.362,0.0,True,learned_avoid
send suspension by competent authority,enter senddate continuation,0,2,0.0,14.3,0.387,-1.371,0.0,True,learned_avoid
stop all running subcases 2b,message terminate request,0,1,0.0,1.5,0.384,-1.382,0.0,True,learned_avoid
stop all running subcases 2b,generate letter no permit required,0,1,0.0,1.5,0.384,-1.382,0.0,True,learned_avoid
stop all running subcases 2b,treat subcases content,0,1,0.0,1.5,0.384,-1.382,0.0,True,learned_avoid
stop all running subcases 2b,set decision phase unlicensed irrevocable,0,1,0.0,1.5,0.384,-1.382,0.0,True,learned_avoid
stop all running subcases 2b,enter senddate request termination,0,1,0.0,1.5,0.384,-1.382,0.0,True,learned_avoid
stop all running subcases 2b,enter senddate procedure confirmation,0,1,0.0,1.5,0.384,-1.382,0.0,True,learned_avoid
stop all running subcases 2b,creating decision permanently suspended,0,1,0.0,1.5,0.384,-1.382,0.0,True,learned_avoid
stop all running subcases 2b,completed subcases content,0,1,0.0,1.5,0.384,-1.382,0.0,True,learned_avoid
stop all running subcases 2b,close case,0,1,0.0,1.5,0.384,-1.382,0.0,True,learned_avoid
stop all running subcases 2b,decision keep permanently suspended,0,1,0.0,1.5,0.384,-1.382,0.0,True,learned_avoid
stop all running subcases 2b,enter senddate decision permanent suspension,0,1,0.0,1.5,0.384,-1.382,0.0,True,learned_avoid
stop all running subcases 2b,enter date publication decision environmental permit,0,1,0.0,1.5,0.384,-1.382,0.0,True,learned_avoid
stop all running subcases 2b,start decision phase permanent suspension sent,0,1,0.0,1.5,0.384,-1.382,0.0,True,learned_avoid
stop all running subcases 2b,start decisionphase draft decision - permitting decided,0,1,0.0,1.5,0.384,-1.382,0.0,True,learned_avoid
stop all running subcases 2b,process received advice,0,1,0.0,1.5,0.384,-1.382,0.0,True,learned_avoid
stop all running subcases 2b,received OLO documents,0,1,0.0,1.5,0.384,-1.382,0.0,True,learned_avoid
stop all running subcases 2b,phase archived case,0,1,0.0,1.5,0.384,-1.382,0.0,True,learned_avoid
submit decision,phase additional information received,0,1,0.0,1.1,0.378,-1.404,0.0,True,learned_avoid
submit decision,create cover letter extend procedure term,0,1,0.0,1.1,0.378,-1.404,0.0,True,learned_avoid
submit decision,suspend term,0,1,0.0,1.1,0.378,-1.404,0.0,True,learned_avoid
submit decision,start decisionphase draft decision - permitting decided,0,1,0.0,1.1,0.378,-1.404,0.0,True,learned_avoid
submit decision,subcases completeness completed,0,1,0.0,1.1,0.378,-1.404,0.0,True,learned_avoid
submit decision,creating cover letter decision,0,1,0.0,1.1,0.378,-1.404,0.0,True,learned_avoid
submit decision,enter senddate decision,0,1,0.0,1.1,0.378,-1.404,0.0,True,learned_avoid
submit decision,send confirmation receipt additional data,0,1,0.0,1.1,0.378,-1.404,0.0,True,learned_avoid
submit decision,receive additional information,0,1,0.0,1.1,0.378,-1.404,0.0,True,learned_avoid
submit decision,suspension ground applicable,0,1,0.0,1.1,0.378,-1.404,0.0,True,learned_avoid
submit decision,treat subcases completeness,0,1,0.0,1.1,0.378,-1.404,0.0,True,learned_avoid
submit decision,transcript decision environmental permit to stakeholders,0,1,0.0,1.1,0.378,-1.404,0.0,True,learned_avoid
submit decision,treat subcase suspension art. 33 WABO,0,1,0.0,1.1,0.378,-1.404,0.0,True,learned_avoid
submit decision,treat subcases content,0,1,0.0,1.1,0.378,-1.404,0.0,True,learned_avoid
submit decision,phase decision taken,0,1,0.0,1.1,0.378,-1.404,0.0,True,learned_avoid
submit decision,publish,0,1,0.0,1.1,0.378,-1.404,0.0,True,learned_avoid
submit decision,enter senddate draft decision,0,1,0.0,1.1,0.378,-1.404,0.0,True,learned_avoid
submit decision,set decision status,0,1,0.0,1.1,0.378,-1.404,0.0,True,learned_avoid
submit decision,no permit needed or only notification needed,0,1,0.0,1.1,0.378,-1.404,0.0,True,learned_avoid
submit decision,create procedure confirmation,0,1,0.0,1.1,0.378,-1.404,0.0,True,learned_avoid
submit decision,generating decision environmental permit,0,1,0.0,1.1,0.378,-1.404,0.0,True,learned_avoid
submit decision,extend procedure term,0,1,0.0,1.1,0.378,-1.404,0.0,True,learned_avoid
OLO messaging active,start WABOprocedure,0,11,0.0,10.2,0.377,-1.406,0.0,True,learned_avoid
phase decision sent,stop all running subcases 2b,0,1,0.0,0.8,0.377,-1.407,0.0,True,learned_avoid
phase decision sent,set decision phase decision permitting decided,0,1,0.0,0.8,0.377,-1.407,0.0,True,learned_avoid
phase decision sent,register date environmental permit decision,0,1,0.0,0.8,0.377,-1.407,0.0,True,learned_avoid
phase decision sent,close case,0,1,0.0,0.8,0.377,-1.407,0.0,True,learned_avoid
phase decision sent,phase procedure resumed,0,1,0.0,0.8,0.377,-1.407,0.0,True,learned_avoid
phase decision sent,phase draft decision made,0,1,0.0,0.8,0.377,-1.407,0.0,True,learned_avoid
phase decision sent,phase draft decision sent,0,1,0.0,0.8,0.377,-1.407,0.0,True,learned_avoid
phase decision sent,treat subcases content,0,1,0.0,0.8,0.377,-1.407,0.0,True,learned_avoid
phase decision sent,date decision for inspection,0,1,0.0,0.8,0.377,-1.407,0.0,True,learned_avoid
phase decision sent,transcript decision environmental permit to stakeholders,0,1,0.0,0.8,0.377,-1.407,0.0,True,learned_avoid
phase application received,reception through OLO,0,2,0.0,1.0,0.376,-1.412,0.0,True,learned_avoid
phase application received,enter senddate party permitted,0,2,0.0,1.0,0.376,-1.412,0.0,True,learned_avoid
phase application received,create procedure confirmation,0,2,0.0,1.0,0.376,-1.412,0.0,True,learned_avoid
phase application received,activities regular procedure,0,2,0.0,1.0,0.376,-1.412,0.0,True,learned_avoid
phase application received,publish,0,2,0.0,1.0,0.376,-1.412,0.0,True,learned_avoid
phase application received,close case,0,2,0.0,1.0,0.376,-1.412,0.0,True,learned_avoid
phase application received,completed subcases content,0,2,0.0,1.0,0.376,-1.412,0.0,True,learned_avoid
phase application received,enter senddate retrieve missing data,0,2,0.0,1.0,0.376,-1.412,0.0,True,learned_avoid
phase application received,treat subcases completeness,0,2,0.0,1.0,0.376,-1.412,0.0,True,learned_avoid
phase application received,set decision phase: draft decision permitted sent,0,2,0.0,1.0,0.376,-1.412,0.0,True,learned_avoid
phase application received,received OLO documents,0,2,0.0,1.0,0.376,-1.412,0.0,True,learned_avoid
phase application received,enter senddate decision environmental permit,0,2,0.0,1.0,0.376,-1.412,0.0,True,learned_avoid
phase application received,no permit needed or only notification needed,0,2,0.0,1.0,0.376,-1.412,0.0,True,learned_avoid
phase application received,send confirmation receipt,0,2,0.0,1.0,0.376,-1.412,0.0,True,learned_avoid
phase application received,submit decision,0,2,0.0,1.0,0.376,-1.412,0.0,True,learned_avoid
phase application received,retrieve missing data,0,2,0.0,1.0,0.376,-1.412,0.0,True,learned_avoid
phase application received,term for supplying missing data,0,2,0.0,1.0,0.376,-1.412,0.0,True,learned_avoid
phase application received,send procedure confirmation,0,2,0.0,1.0,0.376,-1.412,0.0,True,learned_avoid
phase case handled,enter date decision permanent suspension,0,1,0.0,1.3,0.371,-1.43,0.0,True,learned_avoid
phase case handled,enter senddate decision permanent suspension,0,1,0.0,1.3,0.371,-1.43,0.0,True,learned_avoid
phase case handled,create decision no permit required,0,1,0.0,1.3,0.371,-1.43,0.0,True,learned_avoid
phase case handled,generating decision environmental permit,0,1,0.0,1.3,0.371,-1.43,0.0,True,learned_avoid
phase case handled,create draft environtmental permit,0,1,0.0,1.3,0.371,-1.43,0.0,True,learned_avoid
phase case handled,start decision phase permanent suspension sent,0,1,0.0,1.3,0.371,-1.43,0.0,True,learned_avoid
phase case handled,resume completeness subcases,0,1,0.0,1.3,0.371,-1.43,0.0,True,learned_avoid
phase case handled,set decision phase inspection of decision permitting,0,1,0.0,1.3,0.371,-1.43,0.0,True,learned_avoid
phase case handled,read publication date field,0,1,0.0,1.3,0.371,-1.43,0.0,True,learned_avoid
phase case handled,received OLO documents,0,1,0.0,1.3,0.371,-1.43,0.0,True,learned_avoid
phase case handled,phase draft decision ready,0,1,0.0,1.3,0.371,-1.43,0.0,True,learned_avoid
start decision phase permanently suspended decided,receive additional information,0,2,0.0,5.1,0.367,-1.444,0.0,True,learned_avoid
start decision phase permanently suspended decided,register deadline,0,2,0.0,5.1,0.367,-1.444,0.0,True,learned_avoid
start decision phase permanently suspended decided,phase archived case,0,2,0.0,5.1,0.367,-1.444,0.0,True,learned_avoid
start decision phase permanently suspended decided,phase asked additional information,0,2,0.0,5.1,0.367,-1.444,0.0,True,learned_avoid
start decision phase permanently suspended decided,registration date publication,0,2,0.0,5.1,0.367,-1.444,0.0,True,learned_avoid
set decision phase decision permitting decided,retrieve missing data,0,3,0.0,2.0,0.361,-1.469,0.0,True,learned_avoid
set decision phase decision permitting decided,creating cover letter decision,0,3,0.0,2.0,0.361,-1.469,0.0,True,learned_avoid
set decision phase decision permitting decided,record date of decision environmental permit,0,3,0.0,2.0,0.361,-1.469,0.0,True,learned_avoid
set decision phase decision permitting decided,phase archived case,0,3,0.0,2.0,0.361,-1.469,0.0,True,learned_avoid
set decision phase decision permitting decided,decision date prior to decision,0,3,0.0,2.0,0.361,-1.469,0.0,True,learned_avoid
set decision phase decision permitting decided,date decision for inspection,0,3,0.0,2.0,0.361,-1.469,0.0,True,learned_avoid
set decision phase decision permitting decided,enter senddate decision,0,3,0.0,2.0,0.361,-1.469,0.0,True,learned_avoid
set decision phase decision permitting decided,MER present in supplement,0,3,0.0,2.0,0.361,-1.469,0.0,True,learned_avoid
set decision phase decision permitting decided,objection lodged against decision,0,3,0.0,2.0,0.361,-1.469,0.0,True,learned_avoid
set decision phase decision permitting decided,enter senddate decision environmental permit,0,3,0.0,2.0,0.361,-1.469,0.0,True,learned_avoid
set decision phase decision permitting decided,create procedure confirmation,0,3,0.0,2.0,0.361,-1.469,0.0,True,learned_avoid
set decision phase decision permitting decided,terminate on request,0,3,0.0,2.0,0.361,-1.469,0.0,True,learned_avoid
set decision phase decision permitting decided,set decision phase inspection of decision permitting,0,3,0.0,2.0,0.361,-1.469,0.0,True,learned_avoid
set decision phase decision permitting decided,set decision status,0,3,0.0,2.0,0.361,-1.469,0.0,True,learned_avoid
set decision phase decision permitting decided,stop suspended completeness subcases,0,3,0.0,2.0,0.361,-1.469,0.0,True,learned_avoid
set decision phase decision permitting decided,submit decision,0,3,0.0,2.0,0.361,-1.469,0.0,True,learned_avoid
grounds for refusal,phase application received,0,5,0.0,7.2,0.361,-1.47,0.0,True,learned_avoid
phase permanently suspended,read publication date field,0,5,0.0,17.2,0.358,-1.484,0.0,True,learned_avoid
enter senddate decision permanent suspension,stop all running subcases 2b,0,2,0.0,4.4,0.357,-1.487,0.0,True,learned_avoid
enter senddate decision permanent suspension,start decision phase permanent suspension sent,0,2,0.0,4.4,0.357,-1.487,0.0,True,learned_avoid
enter senddate decision permanent suspension,decision keep permanently suspended,0,2,0.0,4.4,0.357,-1.487,0.0,True,learned_avoid
enter senddate decision permanent suspension,phase case handled,0,2,0.0,4.4,0.357,-1.487,0.0,True,learned_avoid
phase additional information received,phase updated plan requested,0,3,0.0,2.8,0.356,-1.489,0.0,True,learned_avoid
phase additional information received,phase application receptive,0,3,0.0,2.8,0.356,-1.489,0.0,True,learned_avoid
phase additional information received,close case,0,3,0.0,2.8,0.356,-1.489,0.0,True,learned_avoid
phase additional information received,record date of decision environmental permit,0,3,0.0,2.8,0.356,-1.489,0.0,True,learned_avoid
phase additional information received,received OLO documents,0,3,0.0,2.8,0.356,-1.489,0.0,True,learned_avoid
phase additional information received,enter senddate decision procedure term extension,0,3,0.0,2.8,0.356,-1.489,0.0,True,learned_avoid
phase additional information received,create procedure confirmation,0,3,0.0,2.8,0.356,-1.489,0.0,True,learned_avoid
phase additional information received,no permit needed or only notification needed,0,3,0.0,2.8,0.356,-1.489,0.0,True,learned_avoid
phase additional information received,creating decision permanently suspended,0,3,0.0,2.8,0.356,-1.489,0.0,True,learned_avoid
phase additional information received,send confirmation receipt additional data,0,3,0.0,2.8,0.356,-1.489,0.0,True,learned_avoid
phase additional information received,terminate on request,0,3,0.0,2.8,0.356,-1.489,0.0,True,learned_avoid
phase additional information received,set decision phase: suspension cancelled,0,3,0.0,2.8,0.356,-1.489,0.0,True,learned_avoid
completed subcases content,receive request extension,0,3,0.0,1.5,0.354,-1.498,0.0,True,learned_avoid
completed subcases content,create cover letter extend procedure term,0,3,0.0,1.5,0.354,-1.498,0.0,True,learned_avoid
completed subcases content,enter senddate draft decision,0,3,0.0,1.5,0.354,-1.498,0.0,True,learned_avoid
completed subcases content,enter senddate acknowledgement,0,3,0.0,1.5,0.354,-1.498,0.0,True,learned_avoid
completed subcases content,create decision no permit required,0,3,0.0,1.5,0.354,-1.498,0.0,True,learned_avoid
completed subcases content,article 34  WABO applies,0,3,0.0,1.5,0.354,-1.498,0.0,True,learned_avoid
completed subcases content,set decision phase suspension decided,0,3,0.0,1.5,0.354,-1.498,0.0,True,learned_avoid
completed subcases content,activities regular procedure,0,3,0.0,1.5,0.354,-1.498,0.0,True,learned_avoid
completed subcases content,applicant is stakeholder,0,3,0.0,1.5,0.354,-1.498,0.0,True,learned_avoid
completed subcases content,record date of decision environmental permit,0,3,0.0,1.5,0.354,-1.498,0.0,True,learned_avoid
completed subcases content,set decision phase suspension sent,0,3,0.0,1.5,0.354,-1.498,0.0,True,learned_avoid
completed subcases content,enter senddate procedure confirmation,0,3,0.0,1.5,0.354,-1.498,0.0,True,learned_avoid
completed subcases content,phase asked additional information,0,3,0.0,1.5,0.354,-1.498,0.0,True,learned_avoid
completed subcases content,investigate BAG objects,0,3,0.0,1.5,0.354,-1.498,0.0,True,learned_avoid
phase procedure term resumed,generate draft decision environmental permit,0,1,0.0,5.6,0.352,-1.505,0.0,True,learned_avoid
phase procedure term resumed,create continuation letter,0,1,0.0,5.6,0.352,-1.505,0.0,True,learned_avoid
phase procedure term resumed,inform BAG administrator,0,1,0.0,5.6,0.352,-1.505,0.0,True,learned_avoid
start WABOprocedure,read publication date field,0,2,0.0,1.2,0.352,-1.507,0.0,True,learned_avoid
start WABOprocedure,phased application,0,2,0.0,1.2,0.352,-1.507,0.0,True,learned_avoid
start WABOprocedure,phase procedure extended,0,2,0.0,1.2,0.352,-1.507,0.0,True,learned_avoid
start WABOprocedure,record date of decision environmental permit,0,2,0.0,1.2,0.352,-1.507,0.0,True,learned_avoid
start WABOprocedure,start decision phase extension granted,0,2,0.0,1.2,0.352,-1.507,0.0,True,learned_avoid
start WABOprocedure,registration date publication,0,2,0.0,1.2,0.352,-1.507,0.0,True,learned_avoid
start WABOprocedure,phase decision sent,0,2,0.0,1.2,0.352,-1.507,0.0,True,learned_avoid
start WABOprocedure,retrieve missing data,0,2,0.0,1.2,0.352,-1.507,0.0,True,learned_avoid
start WABOprocedure,register submission date request,0,2,0.0,1.2,0.352,-1.507,0.0,True,learned_avoid
start WABOprocedure,phase application receptive,0,2,0.0,1.2,0.352,-1.507,0.0,True,learned_avoid
start WABOprocedure,enter senddate acknowledgement,0,2,0.0,1.2,0.352,-1.507,0.0,True,learned_avoid
start WABOprocedure,phase archived case,0,2,0.0,1.2,0.352,-1.507,0.0,True,learned_avoid
start WABOprocedure,phase advice known,0,2,0.0,1.2,0.352,-1.507,0.0,True,learned_avoid
start WABOprocedure,no permit needed or only notification needed,0,2,0.0,1.2,0.352,-1.507,0.0,True,learned_avoid
start WABOprocedure,term for supplying missing data,0,2,0.0,1.2,0.352,-1.507,0.0,True,learned_avoid
start WABOprocedure,enter senddate draft decision,0,2,0.0,1.2,0.352,-1.507,0.0,True,learned_avoid
start WABOprocedure,enter senddate decision suspension,0,2,0.0,1.2,0.352,-1.507,0.0,True,learned_avoid
start WABOprocedure,start decision phase decision permitting sent,0,2,0.0,1.2,0.352,-1.507,0.0,True,learned_avoid
start WABOprocedure,subcases completeness completed,0,2,0.0,1.2,0.352,-1.507,0.0,True,learned_avoid
start WABOprocedure,enter date decision procedure term extension,0,2,0.0,1.2,0.352,-1.507,0.0,True,learned_avoid
start WABOprocedure,stop all running subcases 2b,0,2,0.0,1.2,0.352,-1.507,0.0,True,learned_avoid
start WABOprocedure,set decision phase decision permitting decided,0,2,0.0,1.2,0.352,-1.507,0.0,True,learned_avoid
start WABOprocedure,start WABOprocedure,0,2,0.0,1.2,0.352,-1.507,0.0,True,learned_avoid
start WABOprocedure,by law,0,2,0.0,1.2,0.352,-1.507,0.0,True,learned_avoid
start WABOprocedure,register deadline,0,2,0.0,1.2,0.352,-1.507,0.0,True,learned_avoid
start WABOprocedure,date for inspection MER,0,2,0.0,1.2,0.352,-1.507,0.0,True,learned_avoid
start WABOprocedure,creating decision suspension art. 33 WABO,0,2,0.0,1.2,0.352,-1.507,0.0,True,learned_avoid
start WABOprocedure,create subcases content,0,2,0.0,1.2,0.352,-1.507,0.0,True,learned_avoid
start WABOprocedure,create publication document,0,2,0.0,1.2,0.352,-1.507,0.0,True,learned_avoid
start WABOprocedure,create subcases completeness,0,2,0.0,1.2,0.352,-1.507,0.0,True,learned_avoid
start WABOprocedure,treat subcases content,0,2,0.0,1.2,0.352,-1.507,0.0,True,learned_avoid
message change status,grounds for refusal,0,1,0.0,2.4,0.35,-1.514,0.0,True,learned_avoid
message change status,transcript decision environmental permit to stakeholders,0,1,0.0,2.4,0.35,-1.514,0.0,True,learned_avoid
message change status,assessment of content completed,0,1,0.0,2.4,0.35,-1.514,0.0,True,learned_avoid
message change status,phase draft decision made,0,1,0.0,2.4,0.35,-1.514,0.0,True,learned_avoid
phase asked additional information,stop suspended completeness subcases,0,3,0.0,2.9,0.346,-1.529,0.0,True,learned_avoid
phase asked additional information,enter senddate decision environmental permit,0,3,0.0,2.9,0.346,-1.529,0.0,True,learned_avoid
phase asked additional information,resume completeness subcases,0,3,0.0,2.9,0.346,-1.529,0.0,True,learned_avoid
phase asked additional information,retrieve missing data,0,3,0.0,2.9,0.346,-1.529,0.0,True,learned_avoid
phase asked additional information,calculate provisional charges,0,3,0.0,2.9,0.346,-1.529,0.0,True,learned_avoid
phase asked additional information,creating decision permanently suspended,0,3,0.0,2.9,0.346,-1.529,0.0,True,learned_avoid
send design decision to stakeholders,register date environmental permit decision,0,1,0.0,1.1,0.341,-1.554,0.0,True,learned_avoid
send design decision to stakeholders,completed subcases content,0,1,0.0,1.1,0.341,-1.554,0.0,True,learned_avoid
send design decision to stakeholders,publish official draft decision,0,1,0.0,1.1,0.341,-1.554,0.0,True,learned_avoid
send design decision to stakeholders,registration date publication,0,1,0.0,1.1,0.341,-1.554,0.0,True,learned_avoid
send design decision to stakeholders,open draft decision for inspection,0,1,0.0,1.1,0.341,-1.554,0.0,True,learned_avoid
send design decision to stakeholders,resume completeness subcases,0,1,0.0,1.1,0.341,-1.554,0.0,True,learned_avoid
send design decision to stakeholders,set decision phase: draft decision permitted sent,0,1,0.0,1.1,0.341,-1.554,0.0,True,learned_avoid
send design decision to stakeholders,set decision phase: draft decision for inspection,0,1,0.0,1.1,0.341,-1.554,0.0,True,learned_avoid
send design decision to stakeholders,extend procedure term,0,1,0.0,1.1,0.341,-1.554,0.0,True,learned_avoid
send design decision to stakeholders,date draft decision for inspection,0,1,0.0,1.1,0.341,-1.554,0.0,True,learned_avoid
send design decision to stakeholders,generate draft decision environmental permit,0,1,0.0,1.1,0.341,-1.554,0.0,True,learned_avoid
send design decision to stakeholders,perspective on draft decision environmental permit received,0,1,0.0,1.1,0.341,-1.554,0.0,True,learned_avoid
send design decision to stakeholders,create draft environtmental permit,0,1,0.0,1.1,0.341,-1.554,0.0,True,learned_avoid
record date of decision environmental permit,submit decision,0,3,0.0,2.3,0.338,-1.563,0.0,True,learned_avoid
record date of decision environmental permit,phase application receptive,0,3,0.0,2.3,0.338,-1.563,0.0,True,learned_avoid
record date of decision environmental permit,creating environmental permit decision,0,3,0.0,2.3,0.338,-1.563,0.0,True,learned_avoid
record date of decision environmental permit,create continuation letter,0,3,0.0,2.3,0.338,-1.563,0.0,True,learned_avoid
record date of decision environmental permit,enter senddate acknowledgement,0,3,0.0,2.3,0.338,-1.563,0.0,True,learned_avoid
record date of decision environmental permit,forward to the competent authority,0,3,0.0,2.3,0.338,-1.563,0.0,True,learned_avoid
record date of decision environmental permit,phase advice known,0,3,0.0,2.3,0.338,-1.563,0.0,True,learned_avoid
record date of decision environmental permit,treat subcases completeness,0,3,0.0,2.3,0.338,-1.563,0.0,True,learned_avoid
record date of decision environmental permit,set decision phase decision permitting decided,0,3,0.0,2.3,0.338,-1.563,0.0,True,learned_avoid
record date of decision environmental permit,treat subcases content,0,3,0.0,2.3,0.338,-1.563,0.0,True,learned_avoid
decision permanently suspended,enter senddate retrieve missing data,0,1,0.0,10.0,0.333,-1.585,0.0,True,learned_avoid
decision permanently suspended,creating decision permanently suspended,0,1,0.0,10.0,0.333,-1.585,0.0,True,learned_avoid
extension not allowed,phase concept draft decision ready,0,3,0.0,100.0,0.333,-1.585,0.0,True,learned_avoid
request advice through OLO,procedure change,0,1,0.0,100.0,0.333,-1.585,0.0,True,learned_avoid
phase procedure extended,phase archived case,0,4,0.0,8.2,0.333,-1.585,0.0,True,learned_avoid
term to perspective,create publication document,0,2,0.0,100.0,0.333,-1.585,0.0,True,learned_avoid
request updated plan again,term for submitting updated plan,0,3,0.0,100.0,0.333,-1.585,0.0,True,learned_avoid
treat subcases submit draft decision,subcases submit draft decision completed,0,8,0.0,100.0,0.333,-1.585,0.0,True,learned_avoid
message change competent authority,request to competent authority,0,4,0.0,100.0,0.333,-1.585,0.0,True,learned_avoid
appealed to higher court,contested decision affected,0,6,0.0,100.0,0.333,-1.585,0.0,True,learned_avoid
set decision phase decision permitting published,objection lodged against decision,0,3,0.0,100.0,0.333,-1.585,0.0,True,learned_avoid
contacting applicant,enter senddate party permitted,0,2,0.0,100.0,0.333,-1.585,0.0,True,learned_avoid
treat subcase preliminary injunction,subcase preliminary injunction completed,0,5,0.0,100.0,0.333,-1.585,0.0,True,learned_avoid
change authorized,set decision phase decision permitting decided,0,2,0.0,100.0,0.333,-1.585,0.0,True,learned_avoid
phase procedure extended,phase asked additional information,0,4,0.0,8.2,0.333,-1.585,0.0,True,learned_avoid
phase further information requested,phase advice known,0,1,0.0,100.0,0.333,-1.585,0.0,True,learned_avoid
treating subcase designation GS,enter senddate decision,0,3,0.0,100.0,0.333,-1.585,0.0,True,learned_avoid
enter senddate suspension,enter date termination request received,0,2,0.0,100.0,0.333,-1.585,0.0,True,learned_avoid
send acknowledgement further information,request further information,0,3,0.0,100.0,0.333,-1.585,0.0,True,learned_avoid
enter enddate suspension art. 35 WABO,enter enddate suspension art. 33 WABO,0,6,0.0,100.0,0.333,-1.585,0.0,True,learned_avoid
enter date request extension,enter senddate updated plan,0,4,0.0,100.0,0.333,-1.585,0.0,True,learned_avoid
subcases submit draft decision completed,enrich draft decision,0,8,0.0,100.0,0.333,-1.585,0.0,True,learned_avoid
handle perspective in system,perspective regarding draft founded,0,5,0.0,100.0,0.333,-1.585,0.0,True,learned_avoid
stop process after terminate on request,request complete,0,2,0.0,100.0,0.333,-1.585,0.0,True,learned_avoid
create information request,further information received,0,3,0.0,100.0,0.333,-1.585,0.0,True,learned_avoid
subcase designation GS completed,treat subcase perspective,0,3,0.0,100.0,0.333,-1.585,0.0,True,learned_avoid
send message OLO status decision,enter senddate decision,0,2,0.0,100.0,0.333,-1.585,0.0,True,learned_avoid
send confirmation suspension,enter date request received,0,2,0.0,100.0,0.333,-1.585,0.0,True,learned_avoid
no permit required for application,register deadline,0,2,0.0,100.0,0.333,-1.585,0.0,True,learned_avoid
procedure change after completeness,phase advice known,0,5,0.0,5.9,0.331,-1.596,0.0,True,learned_avoid
procedure change after completeness,phase application receptive,0,5,0.0,5.9,0.331,-1.596,0.0,True,learned_avoid
procedure change after completeness,phase asked additional information,0,5,0.0,5.9,0.331,-1.596,0.0,True,learned_avoid
extend procedure term,reason for suspension found,0,5,0.0,3.2,0.329,-1.603,0.0,True,learned_avoid
extend procedure term,set decision status,0,5,0.0,3.2,0.329,-1.603,0.0,True,learned_avoid
extend procedure term,phase advice known,0,5,0.0,3.2,0.329,-1.603,0.0,True,learned_avoid
phase decision ready,transcript decision environmental permit to stakeholders,0,2,0.0,1.3,0.327,-1.612,0.0,True,learned_avoid
phase decision ready,enter senddate acknowledgement,0,2,0.0,1.3,0.327,-1.612,0.0,True,learned_avoid
phase decision ready,start decision phase decision permitting sent,0,2,0.0,1.3,0.327,-1.612,0.0,True,learned_avoid
phase decision ready,enter senddate draft decision,0,2,0.0,1.3,0.327,-1.612,0.0,True,learned_avoid
phase decision ready,set decision phase decision permitting decided,0,2,0.0,1.3,0.327,-1.612,0.0,True,learned_avoid
phase decision ready,register deadline,0,2,0.0,1.3,0.327,-1.612,0.0,True,learned_avoid
phase decision ready,received OLO documents,0,2,0.0,1.3,0.327,-1.612,0.0,True,learned_avoid
phase decision ready,phase procedure resumed,0,2,0.0,1.3,0.327,-1.612,0.0,True,learned_avoid
phase decision ready,phase draft decision ready,0,2,0.0,1.3,0.327,-1.612,0.0,True,learned_avoid
phase decision ready,create monitoring case,0,2,0.0,1.3,0.327,-1.612,0.0,True,learned_avoid
phase decision ready,change authorized,0,2,0.0,1.3,0.327,-1.612,0.0,True,learned_avoid
phase decision ready,retrieve missing data,0,2,0.0,1.3,0.327,-1.612,0.0,True,learned_avoid
phase decision ready,set decision phase: suspension cancelled,0,2,0.0,1.3,0.327,-1.612,0.0,True,learned_avoid
phase decision ready,subcases completed present decision,0,2,0.0,1.3,0.327,-1.612,0.0,True,learned_avoid
phase decision ready,subcases completeness completed,0,2,0.0,1.3,0.327,-1.612,0.0,True,learned_avoid
phase decision ready,phase application received,0,2,0.0,1.3,0.327,-1.612,0.0,True,learned_avoid
phase decision ready,phase concept decision ready,0,2,0.0,1.3,0.327,-1.612,0.0,True,learned_avoid
phase decision ready,enter receipt of additional data,0,2,0.0,1.3,0.327,-1.612,0.0,True,learned_avoid
phase decision ready,close case,0,2,0.0,1.3,0.327,-1.612,0.0,True,learned_avoid
phase decision ready,phase additional information received,0,2,0.0,1.3,0.327,-1.612,0.0,True,learned_avoid
phase decision ready,registration date publication,0,2,0.0,1.3,0.327,-1.612,0.0,True,learned_avoid
phase application receptive,phase additional information received,0,3,0.0,1.7,0.325,-1.622,0.0,True,learned_avoid
phase application receptive,resume completeness subcases,0,3,0.0,1.7,0.325,-1.622,0.0,True,learned_avoid
phase application receptive,send confirmation receipt,0,3,0.0,1.7,0.325,-1.622,0.0,True,learned_avoid
phase application receptive,set decision phase: draft decision permitted sent,0,3,0.0,1.7,0.325,-1.622,0.0,True,learned_avoid
phase application receptive,subcase art. 33 WABO completed,0,3,0.0,1.7,0.325,-1.622,0.0,True,learned_avoid
phase application receptive,generate publication document decision environmental permit,0,3,0.0,1.7,0.325,-1.622,0.0,True,learned_avoid
phase application receptive,submit draft decision,0,3,0.0,1.7,0.325,-1.622,0.0,True,learned_avoid
phase application receptive,suspend term,0,3,0.0,1.7,0.325,-1.622,0.0,True,learned_avoid
phase application receptive,create decision procedure term extension,0,3,0.0,1.7,0.325,-1.622,0.0,True,learned_avoid
phase application receptive,phase updated plan requested,0,3,0.0,1.7,0.325,-1.622,0.0,True,learned_avoid
phase application receptive,phase procedure resumed,0,3,0.0,1.7,0.325,-1.622,0.0,True,learned_avoid
phase application receptive,generating decision environmental permit,0,3,0.0,1.7,0.325,-1.622,0.0,True,learned_avoid
phase application receptive,terminate on request,0,3,0.0,1.7,0.325,-1.622,0.0,True,learned_avoid
reason for suspension found,publish,0,2,0.0,7.7,0.321,-1.638,0.0,True,learned_avoid
reason for suspension found,register suspension by competent authority,0,2,0.0,7.7,0.321,-1.638,0.0,True,learned_avoid
phase procedure term suspended,enter date decision procedure term extension,0,2,0.0,7.4,0.314,-1.67,0.0,True,learned_avoid
phase procedure term suspended,updated plan received,0,2,0.0,7.4,0.314,-1.67,0.0,True,learned_avoid
phase procedure term suspended,send confirmation suspension,0,2,0.0,7.4,0.314,-1.67,0.0,True,learned_avoid
cancel BAG objects research,register deadline,0,3,0.0,60.0,0.314,-1.67,0.0,True,learned_avoid
phase procedure term suspended,submit decision,0,2,0.0,7.4,0.314,-1.67,0.0,True,learned_avoid
final VVGB applications,treat subcase perspective,0,1,0.0,2.6,0.31,-1.691,0.0,True,learned_avoid
final VVGB applications,phase draft decision made,0,1,0.0,2.6,0.31,-1.691,0.0,True,learned_avoid
final VVGB applications,treat subcase final VVGB,0,1,0.0,2.6,0.31,-1.691,0.0,True,learned_avoid
objection to permanent suspension received,read publication date field,0,3,0.0,15.0,0.308,-1.698,0.0,True,learned_avoid
procedure change,generating decision environmental permit,0,3,0.0,1.7,0.307,-1.702,0.0,True,learned_avoid
procedure change,record date of decision environmental permit,0,3,0.0,1.7,0.307,-1.702,0.0,True,learned_avoid
procedure change,register date environmental permit decision,0,3,0.0,1.7,0.307,-1.702,0.0,True,learned_avoid
procedure change,start decision phase decision permitting sent,0,3,0.0,1.7,0.307,-1.702,0.0,True,learned_avoid
procedure change,set decision status,0,3,0.0,1.7,0.307,-1.702,0.0,True,learned_avoid
procedure change,inform BAG administrator,0,3,0.0,1.7,0.307,-1.702,0.0,True,learned_avoid
procedure change,creating environmental permit decision,0,3,0.0,1.7,0.307,-1.702,0.0,True,learned_avoid
procedure change,create procedure confirmation,0,3,0.0,1.7,0.307,-1.702,0.0,True,learned_avoid
procedure change,subcases completeness completed,0,3,0.0,1.7,0.307,-1.702,0.0,True,learned_avoid
procedure change,no permit needed or only notification needed,0,3,0.0,1.7,0.307,-1.702,0.0,True,learned_avoid
procedure change,send letter in progress,0,3,0.0,1.7,0.307,-1.702,0.0,True,learned_avoid
subcases completeness completed,enter senddate continuation,0,7,0.0,3.5,0.307,-1.702,0.0,True,learned_avoid
reception through OLO,registrer date of publishing received request,0,3,0.0,12.5,0.304,-1.716,0.0,True,learned_avoid
reception through OLO,phase application received,0,3,0.0,12.5,0.304,-1.716,0.0,True,learned_avoid
reception through OLO,enter senddate procedure confirmation,0,3,0.0,12.5,0.304,-1.716,0.0,True,learned_avoid
close case,enter senddate decision permanent suspension,7,3,1.2,3.8,0.301,-1.733,-0.013,True,learned_avoid
enrich draft decision,create subcases content,0,1,0.0,2.3,0.299,-1.742,0.0,True,learned_avoid
enrich draft decision,phase concept draft decision ready,0,1,0.0,2.3,0.299,-1.742,0.0,True,learned_avoid
enrich draft decision,procedure change after completeness,0,1,0.0,2.3,0.299,-1.742,0.0,True,learned_avoid
enrich draft decision,phase draft decision ready,0,1,0.0,2.3,0.299,-1.742,0.0,True,learned_avoid
enrich draft decision,enrich draft decision,0,1,0.0,2.3,0.299,-1.742,0.0,True,learned_avoid
no permit needed or only notification needed,create subcases completeness,0,7,0.0,5.5,0.298,-1.745,0.0,True,learned_avoid
no permit needed or only notification needed,create letter no permit or only notification required,0,7,0.0,5.5,0.298,-1.745,0.0,True,learned_avoid
submit draft decision,create subcases submit draft decision,0,8,0.0,10.3,0.298,-1.747,0.0,True,learned_avoid
create letter requesting missing data,phase application received,0,2,0.0,8.3,0.297,-1.752,0.0,True,learned_avoid
create letter requesting missing data,term for supplying missing data,0,2,0.0,8.3,0.297,-1.752,0.0,True,learned_avoid
create letter requesting missing data,regular procedure without MER,0,2,0.0,8.3,0.297,-1.752,0.0,True,learned_avoid
terminate on request,enter senddate decision environmental permit,0,2,0.0,1.2,0.296,-1.757,0.0,True,learned_avoid
terminate on request,MER present in supplement,0,2,0.0,1.2,0.296,-1.757,0.0,True,learned_avoid
terminate on request,extend procedure term,0,2,0.0,1.2,0.296,-1.757,0.0,True,learned_avoid
terminate on request,enter senddate retrieve missing data,0,2,0.0,1.2,0.296,-1.757,0.0,True,learned_avoid
terminate on request,generating decision environmental permit,0,2,0.0,1.2,0.296,-1.757,0.0,True,learned_avoid
terminate on request,receive additional information,0,2,0.0,1.2,0.296,-1.757,0.0,True,learned_avoid
terminate on request,enter objectionterm,0,2,0.0,1.2,0.296,-1.757,0.0,True,learned_avoid
terminate on request,enter receipt of additional data,0,2,0.0,1.2,0.296,-1.757,0.0,True,learned_avoid
terminate on request,create decision terminate on request,0,2,0.0,1.2,0.296,-1.757,0.0,True,learned_avoid
terminate on request,decision date prior to decision,0,2,0.0,1.2,0.296,-1.757,0.0,True,learned_avoid
terminate on request,cancel case,0,2,0.0,1.2,0.296,-1.757,0.0,True,learned_avoid
terminate on request,enter date decision procedure term extension,0,2,0.0,1.2,0.296,-1.757,0.0,True,learned_avoid
terminate on request,term for supplying missing data,0,2,0.0,1.2,0.296,-1.757,0.0,True,learned_avoid
terminate on request,subcases completeness completed,0,2,0.0,1.2,0.296,-1.757,0.0,True,learned_avoid
terminate on request,multiple components selected,0,2,0.0,1.2,0.296,-1.757,0.0,True,learned_avoid
terminate on request,objection to extension procedure term receptive,0,2,0.0,1.2,0.296,-1.757,0.0,True,learned_avoid
terminate on request,phase procedure prematurely terminated,0,2,0.0,1.2,0.296,-1.757,0.0,True,learned_avoid
terminate on request,phased application,0,2,0.0,1.2,0.296,-1.757,0.0,True,learned_avoid
terminate on request,request further information,0,2,0.0,1.2,0.296,-1.757,0.0,True,learned_avoid
terminate on request,suspend term,0,2,0.0,1.2,0.296,-1.757,0.0,True,learned_avoid
terminate on request,applicant is stakeholder,0,2,0.0,1.2,0.296,-1.757,0.0,True,learned_avoid
terminate on request,article 34  WABO applies,0,2,0.0,1.2,0.296,-1.757,0.0,True,learned_avoid
terminate on request,request complete,0,2,0.0,1.2,0.296,-1.757,0.0,True,learned_avoid
terminate on request,regular procedure applies,0,2,0.0,1.2,0.296,-1.757,0.0,True,learned_avoid
terminate on request,no permit needed or only notification needed,0,2,0.0,1.2,0.296,-1.757,0.0,True,learned_avoid
terminate on request,publish,0,2,0.0,1.2,0.296,-1.757,0.0,True,learned_avoid
terminate on request,enter senddate acknowledgement,0,2,0.0,1.2,0.296,-1.757,0.0,True,learned_avoid
terminate on request,OLO messaging active,0,2,0.0,1.2,0.296,-1.757,0.0,True,learned_avoid
create subcases completeness,register objection and appeal periods,0,3,0.0,2.3,0.296,-1.758,0.0,True,learned_avoid
create subcases completeness,phase application receptive,0,3,0.0,2.3,0.296,-1.758,0.0,True,learned_avoid
create subcases completeness,WAW permit aspect,0,3,0.0,2.3,0.296,-1.758,0.0,True,learned_avoid
create subcases completeness,send confirmation receipt,0,3,0.0,2.3,0.296,-1.758,0.0,True,learned_avoid
create subcases completeness,treat subcases content,0,3,0.0,2.3,0.296,-1.758,0.0,True,learned_avoid
create subcases completeness,start decision phase decision permitting sent,0,3,0.0,2.3,0.296,-1.758,0.0,True,learned_avoid
register objection and appeal periods,enter senddate decision environmental permit,0,1,0.0,0.9,0.291,-1.782,0.0,True,learned_avoid
register objection and appeal periods,updated plan received,0,1,0.0,0.9,0.291,-1.782,0.0,True,learned_avoid
register objection and appeal periods,ask stakeholders views,1,4,0.8,3.7,0.291,-1.782,-0.249,True,learned_avoid
register objection and appeal periods,completed subcases content,0,1,0.0,0.9,0.291,-1.782,0.0,True,learned_avoid
register objection and appeal periods,registration date publication,0,1,0.0,0.9,0.291,-1.782,0.0,True,learned_avoid
register objection and appeal periods,calculate final charges,0,1,0.0,0.9,0.291,-1.782,0.0,True,learned_avoid
register objection and appeal periods,coordination of application,0,1,0.0,0.9,0.291,-1.782,0.0,True,learned_avoid
register objection and appeal periods,registrer date of publishing received request,0,1,0.0,0.9,0.291,-1.782,0.0,True,learned_avoid
register objection and appeal periods,record date of decision environmental permit,0,1,0.0,0.9,0.291,-1.782,0.0,True,learned_avoid
read publication date field,register objection and appeal periods,0,7,0.0,7.5,0.29,-1.786,0.0,True,learned_avoid
set decision phase: draft decision permitted sent,phase decision ready,0,2,0.0,4.4,0.289,-1.791,0.0,True,learned_avoid
set decision phase: draft decision permitted sent,start WABOprocedure,0,2,0.0,4.4,0.289,-1.791,0.0,True,learned_avoid
set decision phase: draft decision permitted sent,date draft decision for inspection,0,2,0.0,4.4,0.289,-1.791,0.0,True,learned_avoid
set decision phase: draft decision permitted sent,set decision status,0,2,0.0,4.4,0.289,-1.791,0.0,True,learned_avoid
set decision phase: draft decision permitted sent,set decision phase: draft decision for inspection,0,2,0.0,4.4,0.289,-1.791,0.0,True,learned_avoid
set decision phase: draft decision permitted sent,phase advice known,0,2,0.0,4.4,0.289,-1.791,0.0,True,learned_avoid
set decision phase: draft decision permitted sent,perspective on draft decision environmental permit received,0,2,0.0,4.4,0.289,-1.791,0.0,True,learned_avoid
set decision phase: draft decision permitted sent,treat subcase perspective,0,2,0.0,4.4,0.289,-1.791,0.0,True,learned_avoid
set decision phase: draft decision permitted sent,enter date draft decisionenvironmental permit,0,2,0.0,4.4,0.289,-1.791,0.0,True,learned_avoid
decision date prior to decision,submit draft decision,0,2,0.0,1.6,0.288,-1.797,0.0,True,learned_avoid
decision date prior to decision,enter senddate draft decision,0,2,0.0,1.6,0.288,-1.797,0.0,True,learned_avoid
decision date prior to decision,create cover letter permanent suspension,0,2,0.0,1.6,0.288,-1.797,0.0,True,learned_avoid
decision date prior to decision,create monitoring case oversight,0,2,0.0,1.6,0.288,-1.797,0.0,True,learned_avoid
decision date prior to decision,received OLO documents,0,2,0.0,1.6,0.288,-1.797,0.0,True,learned_avoid
decision date prior to decision,enter senddate decision suspension,0,2,0.0,1.6,0.288,-1.797,0.0,True,learned_avoid
decision date prior to decision,updated plan received,0,2,0.0,1.6,0.288,-1.797,0.0,True,learned_avoid
decision date prior to decision,coordination of application,0,2,0.0,1.6,0.288,-1.797,0.0,True,learned_avoid
decision date prior to decision,completed subcases content,0,2,0.0,1.6,0.288,-1.797,0.0,True,learned_avoid
decision date prior to decision,enter date publication decision environmental permit,0,2,0.0,1.6,0.288,-1.797,0.0,True,learned_avoid
decision date prior to decision,updated plan after review,0,2,0.0,1.6,0.288,-1.797,0.0,True,learned_avoid
decision date prior to decision,send confirmation receipt,0,2,0.0,1.6,0.288,-1.797,0.0,True,learned_avoid
decision date prior to decision,terminate on request,0,2,0.0,1.6,0.288,-1.797,0.0,True,learned_avoid
decision date prior to decision,MER present in supplement,0,2,0.0,1.6,0.288,-1.797,0.0,True,learned_avoid
decision date prior to decision,OLO messaging active,0,2,0.0,1.6,0.288,-1.797,0.0,True,learned_avoid
decision date prior to decision,record date of decision no permit required,0,2,0.0,1.6,0.288,-1.797,0.0,True,learned_avoid
decision date prior to decision,send decision suspension,0,2,0.0,1.6,0.288,-1.797,0.0,True,learned_avoid
decision date prior to decision,perspective regarding draft founded,0,2,0.0,1.6,0.288,-1.797,0.0,True,learned_avoid
decision date prior to decision,phase activity no permit required,0,2,0.0,1.6,0.288,-1.797,0.0,True,learned_avoid
decision date prior to decision,enter senddate procedure term extension,0,2,0.0,1.6,0.288,-1.797,0.0,True,learned_avoid
decision date prior to decision,no permit needed or only notification needed,0,2,0.0,1.6,0.288,-1.797,0.0,True,learned_avoid
decision date prior to decision,record date of decision environmental permit,0,2,0.0,1.6,0.288,-1.797,0.0,True,learned_avoid
enter date advice on treatment of environmental permit,enter senddate draft decision,0,2,0.0,2.4,0.287,-1.799,0.0,True,learned_avoid
enter date advice on treatment of environmental permit,decided on draft decision environmental permit,0,2,0.0,2.4,0.287,-1.799,0.0,True,learned_avoid
enter date advice on treatment of environmental permit,create cover letter draft decision,0,2,0.0,2.4,0.287,-1.799,0.0,True,learned_avoid
enter date advice on treatment of environmental permit,register date environmental permit decision,0,2,0.0,2.4,0.287,-1.799,0.0,True,learned_avoid
enter date advice on treatment of environmental permit,phase concept draft decision ready,0,2,0.0,2.4,0.287,-1.799,0.0,True,learned_avoid
enter date advice on treatment of environmental permit,enrich draft decision environmental permit,0,2,0.0,2.4,0.287,-1.799,0.0,True,learned_avoid
enter date advice on treatment of environmental permit,reception through OLO,0,2,0.0,2.4,0.287,-1.799,0.0,True,learned_avoid
create message terminate request,phase procedure prematurely terminated,0,1,0.0,8.3,0.287,-1.799,0.0,True,learned_avoid
create message terminate request,phase case handled,0,1,0.0,8.3,0.287,-1.799,0.0,True,learned_avoid
create message terminate request,message terminate request,0,1,0.0,8.3,0.287,-1.799,0.0,True,learned_avoid
enter date advice on treatment of environmental permit,date decision for inspection,0,2,0.0,2.4,0.287,-1.799,0.0,True,learned_avoid
enter date advice on treatment of environmental permit,set decision phase: draft decision for inspection,0,2,0.0,2.4,0.287,-1.799,0.0,True,learned_avoid
enter date advice on treatment of environmental permit,entering senddate draft decision environmental permit,0,2,0.0,2.4,0.287,-1.799,0.0,True,learned_avoid
enter date advice on treatment of environmental permit,extend procedure term,0,2,0.0,2.4,0.287,-1.799,0.0,True,learned_avoid
enter date advice on treatment of environmental permit,start decisionphase draft decision - permitting decided,0,2,0.0,2.4,0.287,-1.799,0.0,True,learned_avoid
enter date advice on treatment of environmental permit,send confirmation receipt,0,2,0.0,2.4,0.287,-1.799,0.0,True,learned_avoid
phase archived case,creating environmental permit decision,0,3,0.0,3.4,0.284,-1.815,0.0,True,learned_avoid
phase archived case,set decision phase decision permitting decided,0,3,0.0,3.4,0.284,-1.815,0.0,True,learned_avoid
phase archived case,set decision phase decision no permit required sent,0,3,0.0,3.4,0.284,-1.815,0.0,True,learned_avoid
phase archived case,stop all running subcases 2b,0,3,0.0,3.4,0.284,-1.815,0.0,True,learned_avoid
phase archived case,received OLO documents,0,3,0.0,3.4,0.284,-1.815,0.0,True,learned_avoid
phase archived case,enter senddate decision environmental permit,0,3,0.0,3.4,0.284,-1.815,0.0,True,learned_avoid
phase archived case,registration date publication,0,3,0.0,3.4,0.284,-1.815,0.0,True,learned_avoid
phase archived case,phase additional information received,0,3,0.0,3.4,0.284,-1.815,0.0,True,learned_avoid
phase archived case,enter date decision permanent suspension,0,3,0.0,3.4,0.284,-1.815,0.0,True,learned_avoid
phase archived case,enter senddate request termination,0,3,0.0,3.4,0.284,-1.815,0.0,True,learned_avoid
set decision phase decision permitting decided,start decisionphase draft decision - permitting decided,0,4,0.0,2.7,0.281,-1.831,0.0,True,learned_avoid
set decision phase decision permitting decided,subcases completeness completed,0,4,0.0,2.7,0.281,-1.831,0.0,True,learned_avoid
set decision phase decision permitting decided,read publication date field,0,4,0.0,2.7,0.281,-1.831,0.0,True,learned_avoid
set decision phase decision permitting decided,treat subcases content,0,4,0.0,2.7,0.281,-1.831,0.0,True,learned_avoid
procedure change after completeness,treat subcases content,0,6,0.0,7.1,0.28,-1.837,0.0,True,learned_avoid
create monitoring case,treat subcases content,0,5,0.0,12.2,0.279,-1.839,0.0,True,learned_avoid
create monitoring case,register objection and appeal periods,0,5,0.0,12.2,0.279,-1.839,0.0,True,learned_avoid
extend procedure term,enter senddate procedure term extension,0,6,0.0,3.8,0.279,-1.844,0.0,True,learned_avoid
extend procedure term,create cover letter extend procedure term,0,6,0.0,3.8,0.279,-1.844,0.0,True,learned_avoid
register deadline,appeal logded,0,3,0.0,1.9,0.278,-1.848,0.0,True,learned_avoid
register deadline,register objection and appeal periods,0,3,0.0,1.9,0.278,-1.848,0.0,True,learned_avoid
register deadline,register date decision terminate on request,0,3,0.0,1.9,0.278,-1.848,0.0,True,learned_avoid
register deadline,record date of decision environmental permit,0,3,0.0,1.9,0.278,-1.848,0.0,True,learned_avoid
register deadline,phase decision sent,0,3,0.0,1.9,0.278,-1.848,0.0,True,learned_avoid
register deadline,phase archived case,0,3,0.0,1.9,0.278,-1.848,0.0,True,learned_avoid
register deadline,phase application received,0,3,0.0,1.9,0.278,-1.848,0.0,True,learned_avoid
register deadline,enter senddate request termination,0,3,0.0,1.9,0.278,-1.848,0.0,True,learned_avoid
register deadline,cancel BAG objects research,0,3,0.0,1.9,0.278,-1.848,0.0,True,learned_avoid
register deadline,retrieve missing data,0,3,0.0,1.9,0.278,-1.848,0.0,True,learned_avoid
register deadline,terminate on request,0,3,0.0,1.9,0.278,-1.848,0.0,True,learned_avoid
register deadline,enter senddate decision environmental permit,0,3,0.0,1.9,0.278,-1.848,0.0,True,learned_avoid
register deadline,set phase decision revoked,0,3,0.0,1.9,0.278,-1.848,0.0,True,learned_avoid
register deadline,enter date publication decision environmental permit,0,3,0.0,1.9,0.278,-1.848,0.0,True,learned_avoid
register deadline,create monitoring case,0,3,0.0,1.9,0.278,-1.848,0.0,True,learned_avoid
register deadline,decision terminate on request,0,3,0.0,1.9,0.278,-1.848,0.0,True,learned_avoid
send suspension by competent authority,WAW permit aspect,0,3,0.0,21.4,0.276,-1.856,0.0,True,learned_avoid
send suspension by competent authority,enter senddate suspension by competent authority,0,3,0.0,21.4,0.276,-1.856,0.0,True,learned_avoid
register receipt updated plan,terminate on request,0,2,0.0,8.0,0.276,-1.859,0.0,True,learned_avoid
register receipt updated plan,phase updated plan received,0,2,0.0,8.0,0.276,-1.859,0.0,True,learned_avoid
register receipt updated plan,submit draft decision,0,2,0.0,8.0,0.276,-1.859,0.0,True,learned_avoid
completed subcases content,request updated plan,0,4,0.0,2.0,0.275,-1.86,0.0,True,learned_avoid
completed subcases content,submit draft decision,0,4,0.0,2.0,0.275,-1.86,0.0,True,learned_avoid
completed subcases content,subcase art. 33 WABO completed,0,4,0.0,2.0,0.275,-1.86,0.0,True,learned_avoid
completed subcases content,phase draft decision ready,0,4,0.0,2.0,0.275,-1.86,0.0,True,learned_avoid
completed subcases content,enter date decision procedure term extension,0,4,0.0,2.0,0.275,-1.86,0.0,True,learned_avoid
completed subcases content,suspension ground applicable,0,4,0.0,2.0,0.275,-1.86,0.0,True,learned_avoid
completed subcases content,treat subcases content,0,4,0.0,2.0,0.275,-1.86,0.0,True,learned_avoid
phase procedure extended,phase application receptive,0,5,0.0,10.2,0.273,-1.874,0.0,True,learned_avoid
start date suspension competent authority,continuation term to decision,0,3,0.0,30.0,0.273,-1.874,0.0,True,learned_avoid
phase procedure extended,create subcases completeness,0,5,0.0,10.2,0.273,-1.874,0.0,True,learned_avoid
phase procedure extended,create decision procedure term extension,0,5,0.0,10.2,0.273,-1.874,0.0,True,learned_avoid
phase procedure extended,phase additional information received,0,5,0.0,10.2,0.273,-1.874,0.0,True,learned_avoid
inform BAG administrator,terminate on request,0,2,0.0,1.8,0.27,-1.887,0.0,True,learned_avoid
inform BAG administrator,enter date draft decisionenvironmental permit,0,2,0.0,1.8,0.27,-1.887,0.0,True,learned_avoid
inform BAG administrator,send confirmation receipt,0,2,0.0,1.8,0.27,-1.887,0.0,True,learned_avoid
inform BAG administrator,subcases completeness completed,0,2,0.0,1.8,0.27,-1.887,0.0,True,learned_avoid
inform BAG administrator,enter senddate procedure confirmation,0,2,0.0,1.8,0.27,-1.887,0.0,True,learned_avoid
inform BAG administrator,no permit needed or only notification needed,0,2,0.0,1.8,0.27,-1.887,0.0,True,learned_avoid
inform BAG administrator,dismiss under mandate,0,2,0.0,1.8,0.27,-1.887,0.0,True,learned_avoid
inform BAG administrator,final VVGB applications,0,2,0.0,1.8,0.27,-1.887,0.0,True,learned_avoid
inform BAG administrator,forward to the competent authority,0,2,0.0,1.8,0.27,-1.887,0.0,True,learned_avoid
inform BAG administrator,treat subcases content,0,2,0.0,1.8,0.27,-1.887,0.0,True,learned_avoid
inform BAG administrator,grounds for refusal,0,2,0.0,1.8,0.27,-1.887,0.0,True,learned_avoid
phase asked additional information,record date of decision environmental permit,0,4,0.0,3.8,0.269,-1.892,0.0,True,learned_avoid
phase asked additional information,enter senddate decision procedure term extension,0,4,0.0,3.8,0.269,-1.892,0.0,True,learned_avoid
phase application received,start phased application,0,3,0.0,1.5,0.268,-1.897,0.0,True,learned_avoid
phase application received,record date of decision environmental permit,0,3,0.0,1.5,0.268,-1.897,0.0,True,learned_avoid
phase application received,phase decision taken,0,3,0.0,1.5,0.268,-1.897,0.0,True,learned_avoid
phase application received,phase advice known,0,3,0.0,1.5,0.268,-1.897,0.0,True,learned_avoid
phase application received,enter senddate decision,0,3,0.0,1.5,0.268,-1.897,0.0,True,learned_avoid
phase application received,create subcases completeness,0,3,0.0,1.5,0.268,-1.897,0.0,True,learned_avoid
phase application received,copy decision to extend procedure to stakeholders,0,3,0.0,1.5,0.268,-1.897,0.0,True,learned_avoid
phase application received,enter enddate of suspension,0,3,0.0,1.5,0.268,-1.897,0.0,True,learned_avoid
phase application received,set decision phase decision permitting decided,0,3,0.0,1.5,0.268,-1.897,0.0,True,learned_avoid
phase application received,register deadline,0,3,0.0,1.5,0.268,-1.897,0.0,True,learned_avoid
phase application received,set decision phase suspension decided,0,3,0.0,1.5,0.268,-1.897,0.0,True,learned_avoid
phase application received,registration date publication,0,3,0.0,1.5,0.268,-1.897,0.0,True,learned_avoid
phase application received,WAW permit aspect,0,3,0.0,1.5,0.268,-1.897,0.0,True,learned_avoid
phase application received,investigate BAG objects,0,3,0.0,1.5,0.268,-1.897,0.0,True,learned_avoid
phase application received,enter date termination request received,0,3,0.0,1.5,0.268,-1.897,0.0,True,learned_avoid
phase application received,terminate on request,0,3,0.0,1.5,0.268,-1.897,0.0,True,learned_avoid
phase application received,treat subcases content,0,3,0.0,1.5,0.268,-1.897,0.0,True,learned_avoid
phase application received,extend procedure term,0,3,0.0,1.5,0.268,-1.897,0.0,True,learned_avoid
record date of decision environmental permit,generating decision environmental permit,0,4,0.0,3.1,0.263,-1.925,0.0,True,learned_avoid
record date of decision environmental permit,enter date draft decisionenvironmental permit,0,4,0.0,3.1,0.263,-1.925,0.0,True,learned_avoid
record date of decision environmental permit,registration date publication,0,4,0.0,3.1,0.263,-1.925,0.0,True,learned_avoid
record date of decision environmental permit,set decision status,0,4,0.0,3.1,0.263,-1.925,0.0,True,learned_avoid
record date of decision environmental permit,phase decision ready,0,4,0.0,3.1,0.263,-1.925,0.0,True,learned_avoid
record date of decision environmental permit,suspension ground applicable,0,4,0.0,3.1,0.263,-1.925,0.0,True,learned_avoid
record date of decision environmental permit,create publication document,0,4,0.0,3.1,0.263,-1.925,0.0,True,learned_avoid
record date of decision environmental permit,phase case handled,0,4,0.0,3.1,0.263,-1.925,0.0,True,learned_avoid
record date of decision environmental permit,submit draft decision,0,4,0.0,3.1,0.263,-1.925,0.0,True,learned_avoid
start decision phase permanent suspension sent,retrieve missing data,0,1,0.0,2.7,0.258,-1.956,0.0,True,learned_avoid
start decision phase permanent suspension sent,subcases completeness completed,0,1,0.0,2.7,0.258,-1.956,0.0,True,learned_avoid
start decision phase permanent suspension sent,phase asked additional information,0,1,0.0,2.7,0.258,-1.956,0.0,True,learned_avoid
start decision phase permanent suspension sent,enter date decision permanent suspension,0,1,0.0,2.7,0.258,-1.956,0.0,True,learned_avoid
start phased application,term 14 or 26 weeks,0,2,0.0,9.1,0.257,-1.959,0.0,True,learned_avoid
start phased application,set decision phase inspection of decision permitting,0,2,0.0,9.1,0.257,-1.959,0.0,True,learned_avoid
start phased application,send confirmation receipt,0,2,0.0,9.1,0.257,-1.959,0.0,True,learned_avoid
start phased application,set decision phase decision permitting decided,0,2,0.0,9.1,0.257,-1.959,0.0,True,learned_avoid
start phased application,create procedure confirmation,0,2,0.0,9.1,0.257,-1.959,0.0,True,learned_avoid
phase concept decision ready,assessment of content completed,1,3,1.9,9.4,0.256,-1.968,-0.154,True,learned_avoid
enter senddate decision permanent suspension,register submission date request,0,3,0.0,6.7,0.255,-1.972,0.0,True,learned_avoid
enter senddate decision permanent suspension,phase archived case,0,3,0.0,6.7,0.255,-1.972,0.0,True,learned_avoid
enter senddate decision permanent suspension,start decision phase permanently suspended decided,0,3,0.0,6.7,0.255,-1.972,0.0,True,learned_avoid
enter senddate decision permanent suspension,objection to permanent suspension in system,0,3,0.0,6.7,0.255,-1.972,0.0,True,learned_avoid
enter senddate decision permanent suspension,registration date publication,0,3,0.0,6.7,0.255,-1.972,0.0,True,learned_avoid
generate draft decision environmental permit,send design decision to stakeholders,0,7,0.0,7.9,0.254,-1.978,0.0,True,learned_avoid
phase application receptive,creating decision suspension 35 WABO,0,4,0.0,2.2,0.253,-1.985,0.0,True,learned_avoid
phase application receptive,treat subcase suspension art. 33 WABO,0,4,0.0,2.2,0.253,-1.985,0.0,True,learned_avoid
phase application receptive,enter enddate of suspension,0,4,0.0,2.2,0.253,-1.985,0.0,True,learned_avoid
phase application receptive,request updated plan,0,4,0.0,2.2,0.253,-1.985,0.0,True,learned_avoid
phase application receptive,enter date draft decisionenvironmental permit,0,4,0.0,2.2,0.253,-1.985,0.0,True,learned_avoid
phase application receptive,set decision phase suspension sent,0,4,0.0,2.2,0.253,-1.985,0.0,True,learned_avoid
perspective on draft decision environmental permit received,extend procedure term,0,2,0.0,3.8,0.252,-1.99,0.0,True,learned_avoid
perspective on draft decision environmental permit received,inform BAG administrator,0,2,0.0,3.8,0.252,-1.99,0.0,True,learned_avoid
perspective on draft decision environmental permit received,generating decision environmental permit,0,2,0.0,3.8,0.252,-1.99,0.0,True,learned_avoid
perspective on draft decision environmental permit received,enter senddate decision,0,2,0.0,3.8,0.252,-1.99,0.0,True,learned_avoid
perspective on draft decision environmental permit received,VVGB positive,0,2,0.0,3.8,0.252,-1.99,0.0,True,learned_avoid
perspective on draft decision environmental permit received,subcase perspective complete,0,2,0.0,3.8,0.252,-1.99,0.0,True,learned_avoid
start WABOprocedure,set decision status,0,3,0.0,1.8,0.251,-1.992,0.0,True,learned_avoid
start WABOprocedure,set decision phase suspension sent,0,3,0.0,1.8,0.251,-1.992,0.0,True,learned_avoid
start WABOprocedure,send confirmation receipt,0,3,0.0,1.8,0.251,-1.992,0.0,True,learned_avoid
start WABOprocedure,article 35 applies,0,3,0.0,1.8,0.251,-1.992,0.0,True,learned_avoid
start WABOprocedure,send procedure confirmation,0,3,0.0,1.8,0.251,-1.992,0.0,True,learned_avoid
start WABOprocedure,phase draft decision ready,0,3,0.0,1.8,0.251,-1.992,0.0,True,learned_avoid
start WABOprocedure,treat subcases completeness,0,3,0.0,1.8,0.251,-1.992,0.0,True,learned_avoid
start WABOprocedure,term for submitting updated plan,0,3,0.0,1.8,0.251,-1.992,0.0,True,learned_avoid
start WABOprocedure,entering senddate draft decision environmental permit,0,3,0.0,1.8,0.251,-1.992,0.0,True,learned_avoid
start WABOprocedure,phase application received,0,3,0.0,1.8,0.251,-1.992,0.0,True,learned_avoid
start WABOprocedure,receive additional information,0,3,0.0,1.8,0.251,-1.992,0.0,True,learned_avoid
start WABOprocedure,investigate BAG objects,0,3,0.0,1.8,0.251,-1.992,0.0,True,learned_avoid
initiative competent authority,publish,0,4,0.0,10.5,0.244,-2.032,0.0,True,learned_avoid
procedure change after completeness,start WABOprocedure,0,7,0.0,8.2,0.243,-2.044,0.0,True,learned_avoid
procedure change,register suspension by competent authority,0,4,0.0,2.3,0.239,-2.065,0.0,True,learned_avoid
procedure change,request further information,0,4,0.0,2.3,0.239,-2.065,0.0,True,learned_avoid
procedure change,start decision phase extension granted,0,4,0.0,2.3,0.239,-2.065,0.0,True,learned_avoid
procedure change,enter date draft decisionenvironmental permit,0,4,0.0,2.3,0.239,-2.065,0.0,True,learned_avoid
procedure change,suspend term,0,4,0.0,2.3,0.239,-2.065,0.0,True,learned_avoid
procedure change,registration receipt further information,0,4,0.0,2.3,0.239,-2.065,0.0,True,learned_avoid
procedure change,decision procedure term extension,0,4,0.0,2.3,0.239,-2.065,0.0,True,learned_avoid
procedure change,term for supplying missing data,0,4,0.0,2.3,0.239,-2.065,0.0,True,learned_avoid
resume completeness subcases,assessment of content completed,0,1,0.0,1.4,0.238,-2.073,0.0,True,learned_avoid
resume completeness subcases,phase archived case,0,1,0.0,1.4,0.238,-2.073,0.0,True,learned_avoid
resume completeness subcases,enter receipt of additional data,0,1,0.0,1.4,0.238,-2.073,0.0,True,learned_avoid
resume completeness subcases,enter date publication decision environmental permit,0,1,0.0,1.4,0.238,-2.073,0.0,True,learned_avoid
resume completeness subcases,create cover letter permanent suspension,0,1,0.0,1.4,0.238,-2.073,0.0,True,learned_avoid
resume completeness subcases,close case,0,1,0.0,1.4,0.238,-2.073,0.0,True,learned_avoid
resume completeness subcases,enter senddate draft decision,0,1,0.0,1.4,0.238,-2.073,0.0,True,learned_avoid
resume completeness subcases,generate draft decision environmental permit,0,1,0.0,1.4,0.238,-2.073,0.0,True,learned_avoid
resume completeness subcases,phase asked additional information,0,1,0.0,1.4,0.238,-2.073,0.0,True,learned_avoid
resume completeness subcases,enter date decision permanent suspension,0,1,0.0,1.4,0.238,-2.073,0.0,True,learned_avoid
resume completeness subcases,create draft environtmental permit,0,1,0.0,1.4,0.238,-2.073,0.0,True,learned_avoid
resume completeness subcases,grounds for refusal,0,1,0.0,1.4,0.238,-2.073,0.0,True,learned_avoid
resume completeness subcases,generating decision environmental permit,0,1,0.0,1.4,0.238,-2.073,0.0,True,learned_avoid
resume completeness subcases,phase decision sent,0,1,0.0,1.4,0.238,-2.073,0.0,True,learned_avoid
resume completeness subcases,phase application receptive,0,1,0.0,1.4,0.238,-2.073,0.0,True,learned_avoid
resume completeness subcases,send design decision to stakeholders,0,1,0.0,1.4,0.238,-2.073,0.0,True,learned_avoid
resume completeness subcases,record date of decision environmental permit,0,1,0.0,1.4,0.238,-2.073,0.0,True,learned_avoid
resume completeness subcases,read field phased application,0,1,0.0,1.4,0.238,-2.073,0.0,True,learned_avoid
resume completeness subcases,set decision phase decision permitting decided,0,1,0.0,1.4,0.238,-2.073,0.0,True,learned_avoid
resume completeness subcases,send message OLO-status in progress,0,1,0.0,1.4,0.238,-2.073,0.0,True,learned_avoid
resume completeness subcases,procedure change,0,1,0.0,1.4,0.238,-2.073,0.0,True,learned_avoid
resume completeness subcases,send confirmation receipt,0,1,0.0,1.4,0.238,-2.073,0.0,True,learned_avoid
resume completeness subcases,subcases completeness completed,0,1,0.0,1.4,0.238,-2.073,0.0,True,learned_avoid
resume completeness subcases,set decision status,0,1,0.0,1.4,0.238,-2.073,0.0,True,learned_avoid
resume completeness subcases,start decision phase decision permitting sent,0,1,0.0,1.4,0.238,-2.073,0.0,True,learned_avoid
resume completeness subcases,start decision phase extension granted,0,1,0.0,1.4,0.238,-2.073,0.0,True,learned_avoid
generating decision no permit required,read publication date field,0,2,0.0,8.0,0.237,-2.076,0.0,True,learned_avoid
generating decision no permit required,phase activity no permit required,0,2,0.0,8.0,0.237,-2.076,0.0,True,learned_avoid
generating decision no permit required,enter senddate letter no permit required,0,2,0.0,8.0,0.237,-2.076,0.0,True,learned_avoid
generating decision no permit required,set decision status,0,2,0.0,8.0,0.237,-2.076,0.0,True,learned_avoid
generating decision no permit required,set decision phase decision no permit required sent,0,2,0.0,8.0,0.237,-2.076,0.0,True,learned_avoid
generating decision no permit required,creating cover letter no permit required,0,2,0.0,8.0,0.237,-2.076,0.0,True,learned_avoid
reception through OLO,forward to the competent authority,0,4,0.0,16.7,0.237,-2.079,0.0,True,learned_avoid
phase decision ready,set decision phase inspection of decision permitting,0,3,0.0,1.9,0.234,-2.097,0.0,True,learned_avoid
phase decision ready,treat subcases completeness,0,3,0.0,1.9,0.234,-2.097,0.0,True,learned_avoid
phase decision ready,treat subcase suspension art. 33 WABO,0,3,0.0,1.9,0.234,-2.097,0.0,True,learned_avoid
phase decision ready,send confirmation receipt,0,3,0.0,1.9,0.234,-2.097,0.0,True,learned_avoid
phase decision ready,subcase art. 33 WABO completed,0,3,0.0,1.9,0.234,-2.097,0.0,True,learned_avoid
phase decision ready,creating environmental permit decision,0,3,0.0,1.9,0.234,-2.097,0.0,True,learned_avoid
phase decision ready,register objection and appeal periods,0,3,0.0,1.9,0.234,-2.097,0.0,True,learned_avoid
phase decision ready,phase concept draft decision ready,0,3,0.0,1.9,0.234,-2.097,0.0,True,learned_avoid
phase decision ready,register submission date request,0,3,0.0,1.9,0.234,-2.097,0.0,True,learned_avoid
phase decision ready,phase decision sent,0,3,0.0,1.9,0.234,-2.097,0.0,True,learned_avoid
phase decision ready,phase archived case,0,3,0.0,1.9,0.234,-2.097,0.0,True,learned_avoid
phase decision ready,phase decision taken,0,3,0.0,1.9,0.234,-2.097,0.0,True,learned_avoid
phase decision ready,entering senddate draft decision environmental permit,0,3,0.0,1.9,0.234,-2.097,0.0,True,learned_avoid
phase decision ready,create decision procedure term extension,0,3,0.0,1.9,0.234,-2.097,0.0,True,learned_avoid
phase decision ready,continuation term to decision,0,3,0.0,1.9,0.234,-2.097,0.0,True,learned_avoid
phase decision ready,set decision status,0,3,0.0,1.9,0.234,-2.097,0.0,True,learned_avoid
phase decision ready,start WABOprocedure,0,3,0.0,1.9,0.234,-2.097,0.0,True,learned_avoid
stop all running subcases 2b,set decision phase decision permitting decided,0,2,0.0,2.9,0.23,-2.119,0.0,True,learned_avoid
stop all running subcases 2b,enter senddate decision environmental permit,0,2,0.0,2.9,0.23,-2.119,0.0,True,learned_avoid
stop all running subcases 2b,treat subcases completeness,0,2,0.0,2.9,0.23,-2.119,0.0,True,learned_avoid
stop all running subcases 2b,enter senddate letter no permit required,0,2,0.0,2.9,0.23,-2.119,0.0,True,learned_avoid
stop all running subcases 2b,enter senddate decision suspension,0,2,0.0,2.9,0.23,-2.119,0.0,True,learned_avoid
stop all running subcases 2b,record date of decision no permit required,0,2,0.0,2.9,0.23,-2.119,0.0,True,learned_avoid
stop all running subcases 2b,creating environmental permit decision,0,2,0.0,2.9,0.23,-2.119,0.0,True,learned_avoid
stop all running subcases 2b,create monitoring case,0,2,0.0,2.9,0.23,-2.119,0.0,True,learned_avoid
stop all running subcases 2b,cancel case,0,2,0.0,2.9,0.23,-2.119,0.0,True,learned_avoid
stop all running subcases 2b,phase permanently suspended,0,2,0.0,2.9,0.23,-2.119,0.0,True,learned_avoid
stop all running subcases 2b,phase procedure prematurely terminated,0,2,0.0,2.9,0.23,-2.119,0.0,True,learned_avoid
stop all running subcases 2b,phase decision taken,0,2,0.0,2.9,0.23,-2.119,0.0,True,learned_avoid
stop all running subcases 2b,set decision phase decision no permit required sent,0,2,0.0,2.9,0.23,-2.119,0.0,True,learned_avoid
stop all running subcases 2b,phase decision sent,0,2,0.0,2.9,0.23,-2.119,0.0,True,learned_avoid
stop all running subcases 2b,transcript decision environmental permit to stakeholders,0,2,0.0,2.9,0.23,-2.119,0.0,True,learned_avoid
create subcases completeness,enter senddate retrieve missing data,0,4,0.0,3.0,0.23,-2.12,0.0,True,learned_avoid
create subcases completeness,create publication document,0,4,0.0,3.0,0.23,-2.12,0.0,True,learned_avoid
create subcases completeness,receive additional information,0,4,0.0,3.0,0.23,-2.12,0.0,True,learned_avoid
create subcases completeness,start decision phase permanently suspended decided,0,4,0.0,3.0,0.23,-2.12,0.0,True,learned_avoid
create subcases completeness,submit decision,0,4,0.0,3.0,0.23,-2.12,0.0,True,learned_avoid
create subcases completeness,treat subcases completeness,0,4,0.0,3.0,0.23,-2.12,0.0,True,learned_avoid
create subcases completeness,phase decision sent,0,4,0.0,3.0,0.23,-2.12,0.0,True,learned_avoid
create subcases completeness,phase additional information received,0,4,0.0,3.0,0.23,-2.12,0.0,True,learned_avoid
set decision phase decision permitting decided,send design decision to stakeholders,0,5,0.0,3.3,0.23,-2.121,0.0,True,learned_avoid
set decision phase decision permitting decided,phase decision taken,0,5,0.0,3.3,0.23,-2.121,0.0,True,learned_avoid
submit decision,phase perspective submitted,0,2,0.0,2.2,0.227,-2.141,0.0,True,learned_avoid
submit decision,send design decision to stakeholders,0,2,0.0,2.2,0.227,-2.141,0.0,True,learned_avoid
submit decision,create subcases completeness,0,2,0.0,2.2,0.227,-2.141,0.0,True,learned_avoid
submit decision,create publication document,0,2,0.0,2.2,0.227,-2.141,0.0,True,learned_avoid
submit decision,perspective from GS or VROM received,0,2,0.0,2.2,0.227,-2.141,0.0,True,learned_avoid
submit decision,procedure change,0,2,0.0,2.2,0.227,-2.141,0.0,True,learned_avoid
submit decision,enter senddate procedure confirmation,0,2,0.0,2.2,0.227,-2.141,0.0,True,learned_avoid
submit decision,read publication date field,0,2,0.0,2.2,0.227,-2.141,0.0,True,learned_avoid
submit decision,register objection and appeal periods,0,2,0.0,2.2,0.227,-2.141,0.0,True,learned_avoid
submit decision,start decision phase decision permitting sent,0,2,0.0,2.2,0.227,-2.141,0.0,True,learned_avoid
submit decision,set decision phase decision permitting decided,0,2,0.0,2.2,0.227,-2.141,0.0,True,learned_avoid
submit decision,send confirmation receipt,0,2,0.0,2.2,0.227,-2.141,0.0,True,learned_avoid
submit decision,creating environmental permit decision,0,2,0.0,2.2,0.227,-2.141,0.0,True,learned_avoid
submit decision,enter receipt of additional data,0,2,0.0,2.2,0.227,-2.141,0.0,True,learned_avoid
submit decision,OLO messaging active,0,2,0.0,2.2,0.227,-2.141,0.0,True,learned_avoid
submit decision,MER present in supplement,0,2,0.0,2.2,0.227,-2.141,0.0,True,learned_avoid
submit decision,assessment of content completed,0,2,0.0,2.2,0.227,-2.141,0.0,True,learned_avoid
phase additional information received,enter senddate draft decision,0,5,0.0,4.6,0.227,-2.141,0.0,True,learned_avoid
phase additional information received,enter receipt of additional data,0,5,0.0,4.6,0.227,-2.141,0.0,True,learned_avoid
submit decision,phase asked additional information,0,2,0.0,2.2,0.227,-2.141,0.0,True,learned_avoid
submit decision,request complete,0,2,0.0,2.2,0.227,-2.141,0.0,True,learned_avoid
submit decision,regular procedure without MER,0,2,0.0,2.2,0.227,-2.141,0.0,True,learned_avoid
submit decision,completed subcases content,0,2,0.0,2.2,0.227,-2.141,0.0,True,learned_avoid
submit decision,perspective on draft decision environmental permit received,0,2,0.0,2.2,0.227,-2.141,0.0,True,learned_avoid
submit decision,create subcases present decision,0,2,0.0,2.2,0.227,-2.141,0.0,True,learned_avoid
phase decision sent,enter date advice on treatment of environmental permit,0,2,0.0,1.7,0.226,-2.144,0.0,True,learned_avoid
phase decision sent,phase draft decision ready,0,2,0.0,1.7,0.226,-2.144,0.0,True,learned_avoid
phase decision sent,enter date publication decision environmental permit,0,2,0.0,1.7,0.226,-2.144,0.0,True,learned_avoid
phase decision sent,objection lodged against decision,0,2,0.0,1.7,0.226,-2.144,0.0,True,learned_avoid
phase decision sent,phase case handled,0,2,0.0,1.7,0.226,-2.144,0.0,True,learned_avoid
phase decision sent,phase application receptive,0,2,0.0,1.7,0.226,-2.144,0.0,True,learned_avoid
phase decision sent,generating decision environmental permit,0,2,0.0,1.7,0.226,-2.144,0.0,True,learned_avoid
phase decision sent,phase decision ready,0,2,0.0,1.7,0.226,-2.144,0.0,True,learned_avoid
phase decision sent,phase advice known,0,2,0.0,1.7,0.226,-2.144,0.0,True,learned_avoid
phase decision sent,register deadline,0,2,0.0,1.7,0.226,-2.144,0.0,True,learned_avoid
phase decision sent,received OLO documents,0,2,0.0,1.7,0.226,-2.144,0.0,True,learned_avoid
phase decision sent,enter senddate decision,0,2,0.0,1.7,0.226,-2.144,0.0,True,learned_avoid
phase decision sent,create monitoring case,0,2,0.0,1.7,0.226,-2.144,0.0,True,learned_avoid
phase decision sent,enter senddate acknowledgement,0,2,0.0,1.7,0.226,-2.144,0.0,True,learned_avoid
phase decision sent,subcases completeness completed,0,2,0.0,1.7,0.226,-2.144,0.0,True,learned_avoid
phase decision sent,subcase perspective complete,0,2,0.0,1.7,0.226,-2.144,0.0,True,learned_avoid
phase decision sent,registration date publication,0,2,0.0,1.7,0.226,-2.144,0.0,True,learned_avoid
completed subcases content,set decision phase no permit required decided,0,5,0.0,2.5,0.225,-2.15,0.0,True,learned_avoid
completed subcases content,send decision suspension,0,5,0.0,2.5,0.225,-2.15,0.0,True,learned_avoid
completed subcases content,phase decision sent,0,5,0.0,2.5,0.225,-2.15,0.0,True,learned_avoid
completed subcases content,inform BAG administrator,0,5,0.0,2.5,0.225,-2.15,0.0,True,learned_avoid
completed subcases content,treat subcase suspension art. 33 WABO,0,5,0.0,2.5,0.225,-2.15,0.0,True,learned_avoid
phase procedure term suspended,set decision status,0,3,0.0,11.1,0.224,-2.155,0.0,True,learned_avoid
phase procedure term suspended,start date suspension competent authority,0,3,0.0,11.1,0.224,-2.155,0.0,True,learned_avoid
phase procedure term suspended,send suspension by competent authority,0,3,0.0,11.1,0.224,-2.155,0.0,True,learned_avoid
phase case handled,register deadline,0,2,0.0,2.6,0.223,-2.167,0.0,True,learned_avoid
phase case handled,registration date publication,0,2,0.0,2.6,0.223,-2.167,0.0,True,learned_avoid
phase case handled,enter senddate letter no permit required,0,2,0.0,2.6,0.223,-2.167,0.0,True,learned_avoid
phase case handled,phase procedure prematurely terminated,0,2,0.0,2.6,0.223,-2.167,0.0,True,learned_avoid
phase case handled,enter senddate decision,0,2,0.0,2.6,0.223,-2.167,0.0,True,learned_avoid
phase case handled,transcript decision environmental permit to stakeholders,0,2,0.0,2.6,0.223,-2.167,0.0,True,learned_avoid
phase case handled,date decision for inspection,0,2,0.0,2.6,0.223,-2.167,0.0,True,learned_avoid
phase case handled,close case,0,2,0.0,2.6,0.223,-2.167,0.0,True,learned_avoid
phase case handled,enter senddate decision environmental permit,0,2,0.0,2.6,0.223,-2.167,0.0,True,learned_avoid
phase case handled,cancel case,0,2,0.0,2.6,0.223,-2.167,0.0,True,learned_avoid
phase case handled,creating environmental permit decision,0,2,0.0,2.6,0.223,-2.167,0.0,True,learned_avoid
phase archived case,transcript decision environmental permit to stakeholders,0,4,0.0,4.5,0.221,-2.178,0.0,True,learned_avoid
phase archived case,send design decision to stakeholders,0,4,0.0,4.5,0.221,-2.178,0.0,True,learned_avoid
phase archived case,start decision phase permanently suspended decided,0,4,0.0,4.5,0.221,-2.178,0.0,True,learned_avoid
phase archived case,treat subcases content,0,4,0.0,4.5,0.221,-2.178,0.0,True,learned_avoid
phase archived case,close case,0,4,0.0,4.5,0.221,-2.178,0.0,True,learned_avoid
phase asked additional information,phase advice known,0,5,0.0,4.8,0.22,-2.181,0.0,True,learned_avoid
phase asked additional information,enter senddate draft decision,0,5,0.0,4.8,0.22,-2.181,0.0,True,learned_avoid
phase asked additional information,completed subcases content,0,5,0.0,4.8,0.22,-2.181,0.0,True,learned_avoid
register deadline,send design decision to stakeholders,0,4,0.0,2.5,0.216,-2.21,0.0,True,learned_avoid
register deadline,start decision phase permanently suspended decided,0,4,0.0,2.5,0.216,-2.21,0.0,True,learned_avoid
register deadline,enter senddate decision,0,4,0.0,2.5,0.216,-2.21,0.0,True,learned_avoid
register deadline,create publication document,0,4,0.0,2.5,0.216,-2.21,0.0,True,learned_avoid
register deadline,close case,0,4,0.0,2.5,0.216,-2.21,0.0,True,learned_avoid
register deadline,register date environmental permit decision,0,4,0.0,2.5,0.216,-2.21,0.0,True,learned_avoid
register deadline,registration date publication,0,4,0.0,2.5,0.216,-2.21,0.0,True,learned_avoid
record date of decision environmental permit,objection lodged against decision,0,5,0.0,3.8,0.215,-2.215,0.0,True,learned_avoid
start date suspension competent authority,date continuation term to decision,0,4,0.0,40.0,0.212,-2.237,0.0,True,learned_avoid
create letter requesting missing data,phased application,0,3,0.0,12.5,0.212,-2.237,0.0,True,learned_avoid
terminate on request,updated plan received,0,3,0.0,1.8,0.211,-2.242,0.0,True,learned_avoid
phase procedure term resumed,transcript decision environmental permit to stakeholders,0,2,0.0,11.1,0.211,-2.242,0.0,True,learned_avoid
terminate on request,refusal after suspension,0,3,0.0,1.8,0.211,-2.242,0.0,True,learned_avoid
terminate on request,calculate provisional charges,0,3,0.0,1.8,0.211,-2.242,0.0,True,learned_avoid
terminate on request,assessment of content completed,0,3,0.0,1.8,0.211,-2.242,0.0,True,learned_avoid
terminate on request,enter date termination request received,0,3,0.0,1.8,0.211,-2.242,0.0,True,learned_avoid
terminate on request,decided on draft decision environmental permit,0,3,0.0,1.8,0.211,-2.242,0.0,True,learned_avoid
terminate on request,create subcases completeness,0,3,0.0,1.8,0.211,-2.242,0.0,True,learned_avoid
terminate on request,completed subcases content,0,3,0.0,1.8,0.211,-2.242,0.0,True,learned_avoid
terminate on request,forward to the competent authority,0,3,0.0,1.8,0.211,-2.242,0.0,True,learned_avoid
terminate on request,treat subcases content,0,3,0.0,1.8,0.211,-2.242,0.0,True,learned_avoid
terminate on request,send procedure confirmation,0,3,0.0,1.8,0.211,-2.242,0.0,True,learned_avoid
terminate on request,regular procedure without MER,0,3,0.0,1.8,0.211,-2.242,0.0,True,learned_avoid
terminate on request,register date environmental permit decision,0,3,0.0,1.8,0.211,-2.242,0.0,True,learned_avoid
terminate on request,treat subcases completeness,0,3,0.0,1.8,0.211,-2.242,0.0,True,learned_avoid
terminate on request,read publication date field,0,3,0.0,1.8,0.211,-2.242,0.0,True,learned_avoid
phase procedure term resumed,terminate on request,0,2,0.0,11.1,0.211,-2.242,0.0,True,learned_avoid
phase procedure term resumed,generating decision environmental permit,0,2,0.0,11.1,0.211,-2.242,0.0,True,learned_avoid
terminate on request,final VVGB applications,0,3,0.0,1.8,0.211,-2.242,0.0,True,learned_avoid
creating environmental permit decision,treat subcases content,0,1,0.0,0.5,0.211,-2.245,0.0,True,learned_avoid
creating environmental permit decision,phase concept draft decision ready,0,1,0.0,0.5,0.211,-2.245,0.0,True,learned_avoid
creating environmental permit decision,phase procedure resumed,0,1,0.0,0.5,0.211,-2.245,0.0,True,learned_avoid
creating environmental permit decision,send procedure confirmation,0,1,0.0,0.5,0.211,-2.245,0.0,True,learned_avoid
creating environmental permit decision,resume completeness subcases,0,1,0.0,0.5,0.211,-2.245,0.0,True,learned_avoid
creating environmental permit decision,retrieve missing data,0,1,0.0,0.5,0.211,-2.245,0.0,True,learned_avoid
creating environmental permit decision,enter senddate draft decision,0,1,0.0,0.5,0.211,-2.245,0.0,True,learned_avoid
creating environmental permit decision,enter senddate decision environmental permit,0,1,0.0,0.5,0.211,-2.245,0.0,True,learned_avoid
creating environmental permit decision,send design decision to stakeholders,0,1,0.0,0.5,0.211,-2.245,0.0,True,learned_avoid
creating environmental permit decision,create decision procedure term extension,0,1,0.0,0.5,0.211,-2.245,0.0,True,learned_avoid
creating environmental permit decision,close case,0,1,0.0,0.5,0.211,-2.245,0.0,True,learned_avoid
creating environmental permit decision,set decision phase decision permitting decided,0,1,0.0,0.5,0.211,-2.245,0.0,True,learned_avoid
creating environmental permit decision,start date suspension competent authority,0,1,0.0,0.5,0.211,-2.245,0.0,True,learned_avoid
creating environmental permit decision,decision extension procedure term irrevocable,0,1,0.0,0.5,0.211,-2.245,0.0,True,learned_avoid
creating environmental permit decision,suspend term,0,1,0.0,0.5,0.211,-2.245,0.0,True,learned_avoid
creating environmental permit decision,enter date decision procedure term extension,0,1,0.0,0.5,0.211,-2.245,0.0,True,learned_avoid
creating environmental permit decision,registrer date of publishing received request,0,1,0.0,0.5,0.211,-2.245,0.0,True,learned_avoid
creating environmental permit decision,treat subcase suspension art. 33 WABO,0,1,0.0,0.5,0.211,-2.245,0.0,True,learned_avoid
message change status,set phase,0,2,0.0,4.9,0.21,-2.251,0.0,True,learned_avoid
message change status,mesage request VVGB,0,2,0.0,4.9,0.21,-2.251,0.0,True,learned_avoid
message change status,create draft environtmental permit,0,2,0.0,4.9,0.21,-2.251,0.0,True,learned_avoid
phase application received,generating decision no permit required,0,4,0.0,2.1,0.209,-2.26,0.0,True,learned_avoid
phase application received,creating environmental permit decision,0,4,0.0,2.1,0.209,-2.26,0.0,True,learned_avoid
phase application received,suspension ground applicable,0,4,0.0,2.1,0.209,-2.26,0.0,True,learned_avoid
phase application received,enter senddate procedure confirmation,0,4,0.0,2.1,0.209,-2.26,0.0,True,learned_avoid
phase application received,registrer date of publishing received request,0,4,0.0,2.1,0.209,-2.26,0.0,True,learned_avoid
phase application received,inform BAG administrator,0,4,0.0,2.1,0.209,-2.26,0.0,True,learned_avoid
phase application received,request complete,0,4,0.0,2.1,0.209,-2.26,0.0,True,learned_avoid
phase application received,start decision phase decision permitting sent,0,4,0.0,2.1,0.209,-2.26,0.0,True,learned_avoid
phase application received,enter senddate acknowledgement,0,4,0.0,2.1,0.209,-2.26,0.0,True,learned_avoid
phase application receptive,enter senddate decision environmental permit,0,5,0.0,2.8,0.207,-2.274,0.0,True,learned_avoid
set decision phase: draft decision permitted sent,read publication date field,0,3,0.0,6.7,0.206,-2.277,0.0,True,learned_avoid
set decision phase: draft decision permitted sent,enter senddate draft decision,0,3,0.0,6.7,0.206,-2.277,0.0,True,learned_avoid
set decision phase: draft decision permitted sent,generate draft decision environmental permit,0,3,0.0,6.7,0.206,-2.277,0.0,True,learned_avoid
decision date prior to decision,set decision status,0,3,0.0,2.4,0.206,-2.282,0.0,True,learned_avoid
decision date prior to decision,create subcases completeness,0,3,0.0,2.4,0.206,-2.282,0.0,True,learned_avoid
decision date prior to decision,phase decision taken,0,3,0.0,2.4,0.206,-2.282,0.0,True,learned_avoid
decision date prior to decision,enter senddate decision permanent suspension,0,3,0.0,2.4,0.206,-2.282,0.0,True,learned_avoid
enter date advice on treatment of environmental permit,date draft decision for inspection,0,3,0.0,3.5,0.205,-2.284,0.0,True,learned_avoid
enter date advice on treatment of environmental permit,open draft decision for inspection,0,3,0.0,3.5,0.205,-2.284,0.0,True,learned_avoid
enter date advice on treatment of environmental permit,set decision status,0,3,0.0,3.5,0.205,-2.284,0.0,True,learned_avoid
enter date advice on treatment of environmental permit,enter senddate procedure confirmation,0,3,0.0,3.5,0.205,-2.284,0.0,True,learned_avoid
enter date advice on treatment of environmental permit,enter date advice on treatment of environmental permit,0,3,0.0,3.5,0.205,-2.284,0.0,True,learned_avoid
send design decision to stakeholders,enter date draft decisionenvironmental permit,0,2,0.0,2.2,0.204,-2.291,0.0,True,learned_avoid
send design decision to stakeholders,record date of decision environmental permit,0,2,0.0,2.2,0.204,-2.291,0.0,True,learned_avoid
send design decision to stakeholders,read field phased application,0,2,0.0,2.2,0.204,-2.291,0.0,True,learned_avoid
send design decision to stakeholders,phase draft decision made,0,2,0.0,2.2,0.204,-2.291,0.0,True,learned_avoid
send design decision to stakeholders,start decisionphase draft decision - permitting decided,0,2,0.0,2.2,0.204,-2.291,0.0,True,learned_avoid
send design decision to stakeholders,enter senddate decision environmental permit,0,2,0.0,2.2,0.204,-2.291,0.0,True,learned_avoid
send design decision to stakeholders,entering senddate draft decision environmental permit,0,2,0.0,2.2,0.204,-2.291,0.0,True,learned_avoid
send design decision to stakeholders,treat subcase final VVGB,0,2,0.0,2.2,0.204,-2.291,0.0,True,learned_avoid
send design decision to stakeholders,phase draft decision sent,0,2,0.0,2.2,0.204,-2.291,0.0,True,learned_avoid
send design decision to stakeholders,phase perspective submitted,0,2,0.0,2.2,0.204,-2.291,0.0,True,learned_avoid
send design decision to stakeholders,phase updated plan requested,0,2,0.0,2.2,0.204,-2.291,0.0,True,learned_avoid
send design decision to stakeholders,publication date draft decision,0,2,0.0,2.2,0.204,-2.291,0.0,True,learned_avoid
send design decision to stakeholders,transcript decision environmental permit to stakeholders,0,2,0.0,2.2,0.204,-2.291,0.0,True,learned_avoid
start decision phase permanently suspended decided,set decision status,0,4,0.0,10.3,0.204,-2.292,0.0,True,learned_avoid
start decision phase permanently suspended decided,phase case handled,0,4,0.0,10.3,0.204,-2.292,0.0,True,learned_avoid
start decision phase permanently suspended decided,phase permanently suspended,0,4,0.0,10.3,0.204,-2.292,0.0,True,learned_avoid
initiative competent authority,forward to the competent authority,0,5,0.0,13.2,0.2,-2.322,0.0,True,learned_avoid
decision permanently suspended,enter date decision permanent suspension,0,2,0.0,20.0,0.2,-2.322,0.0,True,learned_avoid
decision permanently suspended,enter objection term permanent suspension,0,2,0.0,20.0,0.2,-2.322,0.0,True,learned_avoid
decision permanently suspended,objection to permanent suspension received,0,2,0.0,20.0,0.2,-2.322,0.0,True,learned_avoid
decision permanently suspended,enter senddate decision permanent suspension,0,2,0.0,20.0,0.2,-2.322,0.0,True,learned_avoid
phase concept decision ready,register objection and appeal periods,0,1,0.0,3.1,0.199,-2.331,0.0,True,learned_avoid
phase concept decision ready,transcript decision environmental permit to stakeholders,0,1,0.0,3.1,0.199,-2.331,0.0,True,learned_avoid
register receipt updated plan,create subcases submit draft decision,0,3,0.0,12.0,0.197,-2.344,0.0,True,learned_avoid
register receipt updated plan,treat subcases reassessment plan,0,3,0.0,12.0,0.197,-2.344,0.0,True,learned_avoid
register receipt updated plan,procedure change,0,3,0.0,12.0,0.197,-2.344,0.0,True,learned_avoid
send confirmation receipt,grounds for refusal,0,1,0.0,0.6,0.196,-2.352,0.0,True,learned_avoid
send confirmation receipt,generating decision environmental permit,0,1,0.0,0.6,0.196,-2.352,0.0,True,learned_avoid
send confirmation receipt,phase decision sent,0,1,0.0,0.6,0.196,-2.352,0.0,True,learned_avoid
send confirmation receipt,received OLO documents,0,1,0.0,0.6,0.196,-2.352,0.0,True,learned_avoid
send confirmation receipt,assessment of content completed,0,1,0.0,0.6,0.196,-2.352,0.0,True,learned_avoid
send confirmation receipt,ask stakeholders views,0,1,0.0,0.6,0.196,-2.352,0.0,True,learned_avoid
send confirmation receipt,OLO messaging active,0,1,0.0,0.6,0.196,-2.352,0.0,True,learned_avoid
send confirmation receipt,applicant is stakeholder,0,1,0.0,0.6,0.196,-2.352,0.0,True,learned_avoid
send confirmation receipt,send letter in progress,0,1,0.0,0.6,0.196,-2.352,0.0,True,learned_avoid
send confirmation receipt,read field phased application,0,1,0.0,0.6,0.196,-2.352,0.0,True,learned_avoid
send confirmation receipt,phase advice known,0,1,0.0,0.6,0.196,-2.352,0.0,True,learned_avoid
send confirmation receipt,phase asked additional information,0,1,0.0,0.6,0.196,-2.352,0.0,True,learned_avoid
send confirmation receipt,start decision phase decision permitting sent,0,1,0.0,0.6,0.196,-2.352,0.0,True,learned_avoid
send confirmation receipt,updated plan received,0,1,0.0,0.6,0.196,-2.352,0.0,True,learned_avoid
send confirmation receipt,treat subcases content,0,1,0.0,0.6,0.196,-2.352,0.0,True,learned_avoid
send confirmation receipt,registrer date of publishing received request,0,1,0.0,0.6,0.196,-2.352,0.0,True,learned_avoid
send confirmation receipt,resume completeness subcases,0,1,0.0,0.6,0.196,-2.352,0.0,True,learned_avoid
send confirmation receipt,publish,0,1,0.0,0.6,0.196,-2.352,0.0,True,learned_avoid
send confirmation receipt,terminate on request,0,1,0.0,0.6,0.196,-2.352,0.0,True,learned_avoid
send confirmation receipt,start decision phase extension granted,0,1,0.0,0.6,0.196,-2.352,0.0,True,learned_avoid
send confirmation receipt,enter receipt of additional data,0,1,0.0,0.6,0.196,-2.352,0.0,True,learned_avoid
send confirmation receipt,message terminate request,0,1,0.0,0.6,0.196,-2.352,0.0,True,learned_avoid
send confirmation receipt,enter senddate decision permanent suspension,0,1,0.0,0.6,0.196,-2.352,0.0,True,learned_avoid
send confirmation receipt,date draft decision for inspection,0,1,0.0,0.6,0.196,-2.352,0.0,True,learned_avoid
send confirmation receipt,create draft environtmental permit,0,1,0.0,0.6,0.196,-2.352,0.0,True,learned_avoid
send confirmation receipt,create publication document,0,1,0.0,0.6,0.196,-2.352,0.0,True,learned_avoid
procedure change,further information received,0,5,0.0,2.8,0.196,-2.354,0.0,True,learned_avoid
procedure change,create publication document,0,5,0.0,2.8,0.196,-2.354,0.0,True,learned_avoid
procedure change,send confirmation receipt additional data,0,5,0.0,2.8,0.196,-2.354,0.0,True,learned_avoid
start WABOprocedure,start phased application,0,4,0.0,2.4,0.195,-2.355,0.0,True,learned_avoid
start WABOprocedure,enter receipt of additional data,0,4,0.0,2.4,0.195,-2.355,0.0,True,learned_avoid
start WABOprocedure,create draft environtmental permit,0,4,0.0,2.4,0.195,-2.355,0.0,True,learned_avoid
start WABOprocedure,phase asked additional information,0,4,0.0,2.4,0.195,-2.355,0.0,True,learned_avoid
start WABOprocedure,extend procedure term,0,4,0.0,2.4,0.195,-2.355,0.0,True,learned_avoid
start WABOprocedure,creating environmental permit decision,0,4,0.0,2.4,0.195,-2.355,0.0,True,learned_avoid
inform BAG administrator,calculate provisional charges,0,3,0.0,2.7,0.193,-2.373,0.0,True,learned_avoid
inform BAG administrator,send procedure confirmation,0,3,0.0,2.7,0.193,-2.373,0.0,True,learned_avoid
inform BAG administrator,perspective on draft decision environmental permit received,0,3,0.0,2.7,0.193,-2.373,0.0,True,learned_avoid
inform BAG administrator,phased application,0,3,0.0,2.7,0.193,-2.373,0.0,True,learned_avoid
inform BAG administrator,retrieve missing data,0,3,0.0,2.7,0.193,-2.373,0.0,True,learned_avoid
inform BAG administrator,register date environmental permit decision,0,3,0.0,2.7,0.193,-2.373,0.0,True,learned_avoid
inform BAG administrator,receive additional information,0,3,0.0,2.7,0.193,-2.373,0.0,True,learned_avoid
inform BAG administrator,date draft decision for inspection,0,3,0.0,2.7,0.193,-2.373,0.0,True,learned_avoid
inform BAG administrator,activities regular procedure,0,3,0.0,2.7,0.193,-2.373,0.0,True,learned_avoid
inform BAG administrator,treat subcases completeness,0,3,0.0,2.7,0.193,-2.373,0.0,True,learned_avoid
create subcases completeness,create letter requesting missing data,0,5,0.0,3.8,0.188,-2.41,0.0,True,learned_avoid
create subcases completeness,start decision phase permanent suspension sent,0,5,0.0,3.8,0.188,-2.41,0.0,True,learned_avoid
create subcases completeness,extend procedure term,0,5,0.0,3.8,0.188,-2.41,0.0,True,learned_avoid
enter senddate letter to stakeholders,enter senddate acknowledgement,11,2,3.3,15.4,0.186,-2.425,-0.136,True,learned_avoid
final VVGB applications,updated plan after perspective,0,2,0.0,5.1,0.186,-2.428,0.0,True,learned_avoid
final VVGB applications,subcase final VVGB completed,0,2,0.0,5.1,0.186,-2.428,0.0,True,learned_avoid
final VVGB applications,date draft decision for inspection,0,2,0.0,5.1,0.186,-2.428,0.0,True,learned_avoid
final VVGB applications,calculate provisional charges,0,2,0.0,5.1,0.186,-2.428,0.0,True,learned_avoid
final VVGB applications,hearing about draft,0,2,0.0,5.1,0.186,-2.428,0.0,True,learned_avoid
final VVGB applications,send confirmation receipt,0,2,0.0,5.1,0.186,-2.428,0.0,True,learned_avoid
final VVGB applications,suspension ground applicable,0,2,0.0,5.1,0.186,-2.428,0.0,True,learned_avoid
register submission date request,create procedure confirmation,0,3,0.0,0.8,0.185,-2.432,0.0,True,learned_avoid
register submission date request,OLO messaging active,0,3,0.0,0.8,0.185,-2.432,0.0,True,learned_avoid
register submission date request,send procedure confirmation,0,3,0.0,0.8,0.185,-2.432,0.0,True,learned_avoid
register submission date request,enter senddate confirmation request,0,3,0.0,0.8,0.185,-2.432,0.0,True,learned_avoid
register submission date request,send confirmation receipt,0,3,0.0,0.8,0.185,-2.432,0.0,True,learned_avoid
register submission date request,enter date draft decisionenvironmental permit,0,3,0.0,0.8,0.185,-2.432,0.0,True,learned_avoid
register submission date request,phase application received,0,3,0.0,0.8,0.185,-2.432,0.0,True,learned_avoid
register submission date request,set decision phase: draft decision permitted sent,0,3,0.0,0.8,0.185,-2.432,0.0,True,learned_avoid
register submission date request,record date of decision environmental permit,0,3,0.0,0.8,0.185,-2.432,0.0,True,learned_avoid
phase updated plan received,submit decision,0,1,0.0,2.2,0.184,-2.443,0.0,True,learned_avoid
phase updated plan received,phase advice known,0,1,0.0,2.2,0.184,-2.443,0.0,True,learned_avoid
phase updated plan received,phase decision ready,0,1,0.0,2.2,0.184,-2.443,0.0,True,learned_avoid
phase updated plan received,grounds for refusal,0,1,0.0,2.2,0.184,-2.443,0.0,True,learned_avoid
phase updated plan received,assessment of content completed,0,1,0.0,2.2,0.184,-2.443,0.0,True,learned_avoid
phase updated plan received,article 34  WABO applies,0,1,0.0,2.2,0.184,-2.443,0.0,True,learned_avoid
phase updated plan received,investigate BAG objects,0,1,0.0,2.2,0.184,-2.443,0.0,True,learned_avoid
start phased application,enter senddate acknowledgement,0,3,0.0,13.6,0.184,-2.445,0.0,True,learned_avoid
record date of decision environmental permit,phase archived case,0,6,0.0,4.6,0.182,-2.456,0.0,True,learned_avoid
record date of decision environmental permit,stop all running subcases 2b,0,6,0.0,4.6,0.182,-2.456,0.0,True,learned_avoid
phase decision ready,calculate final charges,0,4,0.0,2.5,0.182,-2.46,0.0,True,learned_avoid
phase decision ready,record date of decision environmental permit,0,4,0.0,2.5,0.182,-2.46,0.0,True,learned_avoid
phase decision ready,stop all running subcases 2b,0,4,0.0,2.5,0.182,-2.46,0.0,True,learned_avoid
phase decision ready,set decision phase: draft decision for inspection,0,4,0.0,2.5,0.182,-2.46,0.0,True,learned_avoid
phase decision ready,generating decision environmental permit,0,4,0.0,2.5,0.182,-2.46,0.0,True,learned_avoid
phase decision ready,objection lodged against decision,0,4,0.0,2.5,0.182,-2.46,0.0,True,learned_avoid
phase decision ready,phase case handled,0,4,0.0,2.5,0.182,-2.46,0.0,True,learned_avoid
phase decision ready,completed subcases content,0,4,0.0,2.5,0.182,-2.46,0.0,True,learned_avoid
phase decision ready,enter date publication decision environmental permit,0,4,0.0,2.5,0.182,-2.46,0.0,True,learned_avoid
phase decision ready,treat subcase final VVGB,0,4,0.0,2.5,0.182,-2.46,0.0,True,learned_avoid
phase archived case,enter senddate decision permanent suspension,0,5,0.0,5.7,0.181,-2.468,0.0,True,learned_avoid
perspective on draft decision environmental permit received,perspective regarding draft founded,0,3,0.0,5.7,0.18,-2.475,0.0,True,learned_avoid
perspective on draft decision environmental permit received,by law,0,3,0.0,5.7,0.18,-2.475,0.0,True,learned_avoid
perspective on draft decision environmental permit received,terminate on request,0,3,0.0,5.7,0.18,-2.475,0.0,True,learned_avoid
perspective on draft decision environmental permit received,coordination of application,0,3,0.0,5.7,0.18,-2.475,0.0,True,learned_avoid
perspective on draft decision environmental permit received,read publication date field,0,3,0.0,5.7,0.18,-2.475,0.0,True,learned_avoid
perspective on draft decision environmental permit received,enter date publication decision environmental permit,0,3,0.0,5.7,0.18,-2.475,0.0,True,learned_avoid
perspective on draft decision environmental permit received,subcase final VVGB completed,0,3,0.0,5.7,0.18,-2.475,0.0,True,learned_avoid
enrich draft decision,publish official draft decision,0,2,0.0,4.7,0.179,-2.479,0.0,True,learned_avoid
enrich draft decision,enrich draft decision environmental permit,0,2,0.0,4.7,0.179,-2.479,0.0,True,learned_avoid
enrich draft decision,request complete,0,2,0.0,4.7,0.179,-2.479,0.0,True,learned_avoid
reason for suspension found,procedure change,0,4,0.0,15.4,0.178,-2.486,0.0,True,learned_avoid
register deadline,phase decision ready,0,5,0.0,3.2,0.177,-2.5,0.0,True,learned_avoid
register deadline,set decision phase inspection of decision permitting,0,5,0.0,3.2,0.177,-2.5,0.0,True,learned_avoid
phase procedure term suspended,date continuation term to decision,0,4,0.0,14.8,0.175,-2.518,0.0,True,learned_avoid
register objection and appeal periods,set decision phase decision permitting decided,0,2,0.0,1.8,0.175,-2.519,0.0,True,learned_avoid
register objection and appeal periods,start decision phase decision permitting sent,0,2,0.0,1.8,0.175,-2.519,0.0,True,learned_avoid
register objection and appeal periods,request complete,0,2,0.0,1.8,0.175,-2.519,0.0,True,learned_avoid
register objection and appeal periods,send letter in progress,0,2,0.0,1.8,0.175,-2.519,0.0,True,learned_avoid
register objection and appeal periods,phase advice known,0,2,0.0,1.8,0.175,-2.519,0.0,True,learned_avoid
register objection and appeal periods,creating cover letter decision,0,2,0.0,1.8,0.175,-2.519,0.0,True,learned_avoid
register objection and appeal periods,create subcases completeness,0,2,0.0,1.8,0.175,-2.519,0.0,True,learned_avoid
register objection and appeal periods,procedure change,0,2,0.0,1.8,0.175,-2.519,0.0,True,learned_avoid
register objection and appeal periods,grounds for refusal,0,2,0.0,1.8,0.175,-2.519,0.0,True,learned_avoid
register objection and appeal periods,send confirmation receipt additional data,0,2,0.0,1.8,0.175,-2.519,0.0,True,learned_avoid
create message terminate request,terminate on request,0,2,0.0,16.7,0.172,-2.536,0.0,True,learned_avoid
create message terminate request,send letter in progress,0,2,0.0,16.7,0.172,-2.536,0.0,True,learned_avoid
create message terminate request,publish,0,2,0.0,16.7,0.172,-2.536,0.0,True,learned_avoid
phase application received,phase decision ready,0,5,0.0,2.6,0.171,-2.549,0.0,True,learned_avoid
phase application received,send letter in progress,0,5,0.0,2.6,0.171,-2.549,0.0,True,learned_avoid
phase application received,calculate provisional charges,0,5,0.0,2.6,0.171,-2.549,0.0,True,learned_avoid
phase application received,assessment of content completed,0,5,0.0,2.6,0.171,-2.549,0.0,True,learned_avoid
phase application received,set decision status,0,5,0.0,2.6,0.171,-2.549,0.0,True,learned_avoid
phase application received,generating decision environmental permit,0,5,0.0,2.6,0.171,-2.549,0.0,True,learned_avoid
phase application received,initiative competent authority,0,5,0.0,2.6,0.171,-2.549,0.0,True,learned_avoid
VVGB positive,perspective regarding draft founded,0,1,0.0,4.8,0.169,-2.568,0.0,True,learned_avoid
VVGB positive,phase perspective submitted,0,1,0.0,4.8,0.169,-2.568,0.0,True,learned_avoid
VVGB positive,updated plan after perspective,0,1,0.0,4.8,0.169,-2.568,0.0,True,learned_avoid
procedure change,register number of days extension period,0,6,0.0,3.4,0.166,-2.595,0.0,True,learned_avoid
stop all running subcases 2b,enter senddate decision,0,3,0.0,4.4,0.164,-2.604,0.0,True,learned_avoid
stop all running subcases 2b,set decision status,0,3,0.0,4.4,0.164,-2.604,0.0,True,learned_avoid
stop all running subcases 2b,enter date advice on treatment of environmental permit,0,3,0.0,4.4,0.164,-2.604,0.0,True,learned_avoid
stop all running subcases 2b,phase activity no permit required,0,3,0.0,4.4,0.164,-2.604,0.0,True,learned_avoid
terminate on request,registrer date of publishing received request,0,4,0.0,2.5,0.164,-2.605,0.0,True,learned_avoid
terminate on request,investigate BAG objects,0,4,0.0,2.5,0.164,-2.605,0.0,True,learned_avoid
terminate on request,partly permit application,0,4,0.0,2.5,0.164,-2.605,0.0,True,learned_avoid
terminate on request,start WABOprocedure,0,4,0.0,2.5,0.164,-2.605,0.0,True,learned_avoid
terminate on request,creating environmental permit decision,0,4,0.0,2.5,0.164,-2.605,0.0,True,learned_avoid
set phase decision revoked,generate publication document decision environmental permit,0,1,0.0,11.1,0.162,-2.622,0.0,True,learned_avoid
set phase decision revoked,message change status,0,1,0.0,11.1,0.162,-2.622,0.0,True,learned_avoid
enter senddate decision permanent suspension,received OLO documents,0,5,0.0,11.1,0.162,-2.624,0.0,True,learned_avoid
submit decision,start WABOprocedure,0,3,0.0,3.2,0.162,-2.627,0.0,True,learned_avoid
submit decision,registration date publication,0,3,0.0,3.2,0.162,-2.627,0.0,True,learned_avoid
submit decision,updated plan received,0,3,0.0,3.2,0.162,-2.627,0.0,True,learned_avoid
submit decision,enter senddate decision environmental permit,0,3,0.0,3.2,0.162,-2.627,0.0,True,learned_avoid
submit decision,calculate final charges,0,3,0.0,3.2,0.162,-2.627,0.0,True,learned_avoid
submit decision,phase updated plan received,0,3,0.0,3.2,0.162,-2.627,0.0,True,learned_avoid
submit decision,phase concept decision ready,0,3,0.0,3.2,0.162,-2.627,0.0,True,learned_avoid
phase decision sent,generate draft decision environmental permit,0,3,0.0,2.5,0.162,-2.629,0.0,True,learned_avoid
phase decision sent,enter senddate draft decision,0,3,0.0,2.5,0.162,-2.629,0.0,True,learned_avoid
phase decision sent,treat subcases completeness,0,3,0.0,2.5,0.162,-2.629,0.0,True,learned_avoid
phase decision sent,completed subcases content,0,3,0.0,2.5,0.162,-2.629,0.0,True,learned_avoid
phase decision sent,phase archived case,0,3,0.0,2.5,0.162,-2.629,0.0,True,learned_avoid
phase decision sent,resume completeness subcases,0,3,0.0,2.5,0.162,-2.629,0.0,True,learned_avoid
phase decision sent,enter senddate decision environmental permit,0,3,0.0,2.5,0.162,-2.629,0.0,True,learned_avoid
phase decision sent,create publication document,0,3,0.0,2.5,0.162,-2.629,0.0,True,learned_avoid
phase decision sent,record date of decision environmental permit,0,3,0.0,2.5,0.162,-2.629,0.0,True,learned_avoid
phase decision sent,read publication date field,0,3,0.0,2.5,0.162,-2.629,0.0,True,learned_avoid
phase decision sent,enter date draft decisionenvironmental permit,0,3,0.0,2.5,0.162,-2.629,0.0,True,learned_avoid
phase decision sent,set decision phase inspection of decision permitting,0,3,0.0,2.5,0.162,-2.629,0.0,True,learned_avoid
phase decision sent,set decision status,0,3,0.0,2.5,0.162,-2.629,0.0,True,learned_avoid
phase decision sent,treating subcase designation GS,0,3,0.0,2.5,0.162,-2.629,0.0,True,learned_avoid
set decision phase: draft decision permitted sent,send design decision to stakeholders,0,4,0.0,8.9,0.16,-2.639,0.0,True,learned_avoid
send confirmation receipt,initiative competent authority,1,5,0.3,2.8,0.16,-2.642,-0.222,True,learned_avoid
decision date prior to decision,subcase art. 33 WABO completed,0,4,0.0,3.2,0.16,-2.645,0.0,True,learned_avoid
decision date prior to decision,forward to the competent authority,0,4,0.0,3.2,0.16,-2.645,0.0,True,learned_avoid
decision date prior to decision,register deadline,0,4,0.0,3.2,0.16,-2.645,0.0,True,learned_avoid
decision date prior to decision,enter receipt of additional data,0,4,0.0,3.2,0.16,-2.645,0.0,True,learned_avoid
decision date prior to decision,create decision procedure term extension,0,4,0.0,3.2,0.16,-2.645,0.0,True,learned_avoid
enter date advice on treatment of environmental permit,phase draft decision ready,0,4,0.0,4.7,0.16,-2.647,0.0,True,learned_avoid
enter date advice on treatment of environmental permit,create publication document,0,4,0.0,4.7,0.16,-2.647,0.0,True,learned_avoid
enter date advice on treatment of environmental permit,registration date publication,0,4,0.0,4.7,0.16,-2.647,0.0,True,learned_avoid
enter date advice on treatment of environmental permit,phase application received,0,4,0.0,4.7,0.16,-2.647,0.0,True,learned_avoid
enter date advice on treatment of environmental permit,register submission date request,0,4,0.0,4.7,0.16,-2.647,0.0,True,learned_avoid
enter date advice on treatment of environmental permit,treat subcases completeness,0,4,0.0,4.7,0.16,-2.647,0.0,True,learned_avoid
create subcases completeness,create decision no permit required,0,6,0.0,4.5,0.159,-2.651,0.0,True,learned_avoid
phase case handled,phase archived case,0,3,0.0,3.8,0.159,-2.652,0.0,True,learned_avoid
phase case handled,stop all running subcases 2b,0,3,0.0,3.8,0.159,-2.652,0.0,True,learned_avoid
phase case handled,record date of decision environmental permit,0,3,0.0,3.8,0.159,-2.652,0.0,True,learned_avoid
phase case handled,decision keep permanently suspended,0,3,0.0,3.8,0.159,-2.652,0.0,True,learned_avoid
phase case handled,message terminate request,0,3,0.0,3.8,0.159,-2.652,0.0,True,learned_avoid
phase case handled,set decision status,0,3,0.0,3.8,0.159,-2.652,0.0,True,learned_avoid
phase case handled,completed subcases content,0,3,0.0,3.8,0.159,-2.652,0.0,True,learned_avoid
phase case handled,phase decision sent,0,3,0.0,3.8,0.159,-2.652,0.0,True,learned_avoid
phase case handled,phase decision ready,0,3,0.0,3.8,0.159,-2.652,0.0,True,learned_avoid
phase case handled,phase decision taken,0,3,0.0,3.8,0.159,-2.652,0.0,True,learned_avoid
create cover letter extend procedure term,article 34  WABO applies,0,1,0.0,3.3,0.158,-2.665,0.0,True,learned_avoid
create cover letter extend procedure term,set decision status,0,1,0.0,3.3,0.158,-2.665,0.0,True,learned_avoid
create cover letter extend procedure term,creating decision procedure term extension,0,1,0.0,3.3,0.158,-2.665,0.0,True,learned_avoid
create cover letter extend procedure term,send confirmation receipt additional data,0,1,0.0,3.3,0.158,-2.665,0.0,True,learned_avoid
create cover letter extend procedure term,receive additional information,0,1,0.0,3.3,0.158,-2.665,0.0,True,learned_avoid
create cover letter extend procedure term,procedure change,0,1,0.0,3.3,0.158,-2.665,0.0,True,learned_avoid
create cover letter extend procedure term,enter senddate procedure term extension,0,1,0.0,3.3,0.158,-2.665,0.0,True,learned_avoid
create cover letter extend procedure term,ask stakeholders views,0,1,0.0,3.3,0.158,-2.665,0.0,True,learned_avoid
create cover letter extend procedure term,grounds for refusal,0,1,0.0,3.3,0.158,-2.665,0.0,True,learned_avoid
create cover letter extend procedure term,MER present in supplement,0,1,0.0,3.3,0.158,-2.665,0.0,True,learned_avoid
create cover letter extend procedure term,start decision phase extension granted,0,1,0.0,3.3,0.158,-2.665,0.0,True,learned_avoid
create cover letter extend procedure term,suspend term,0,1,0.0,3.3,0.158,-2.665,0.0,True,learned_avoid
create cover letter extend procedure term,procedure change after completeness,0,1,0.0,3.3,0.158,-2.665,0.0,True,learned_avoid
create cover letter extend procedure term,phase procedure extended,0,1,0.0,3.3,0.158,-2.665,0.0,True,learned_avoid
start decision phase permanent suspension sent,receive additional information,0,2,0.0,5.4,0.155,-2.693,0.0,True,learned_avoid
start decision phase permanent suspension sent,register deadline,0,2,0.0,5.4,0.155,-2.693,0.0,True,learned_avoid
start decision phase permanent suspension sent,start decision phase permanently suspended decided,0,2,0.0,5.4,0.155,-2.693,0.0,True,learned_avoid
start decision phase permanent suspension sent,phase case handled,0,2,0.0,5.4,0.155,-2.693,0.0,True,learned_avoid
start decision phase permanent suspension sent,read publication date field,0,2,0.0,5.4,0.155,-2.693,0.0,True,learned_avoid
phase procedure term resumed,set decision phase decision permitting decided,0,3,0.0,16.7,0.151,-2.727,0.0,True,learned_avoid
inform BAG administrator,handle perspective in system,0,4,0.0,3.6,0.15,-2.735,0.0,True,learned_avoid
inform BAG administrator,investigate BAG objects,0,4,0.0,3.6,0.15,-2.735,0.0,True,learned_avoid
inform BAG administrator,date for inspection MER,0,4,0.0,3.6,0.15,-2.735,0.0,True,learned_avoid
inform BAG administrator,enter senddate acknowledgement,0,4,0.0,3.6,0.15,-2.735,0.0,True,learned_avoid
inform BAG administrator,create publication document,0,4,0.0,3.6,0.15,-2.735,0.0,True,learned_avoid
inform BAG administrator,create subcases completeness,0,4,0.0,3.6,0.15,-2.735,0.0,True,learned_avoid
inform BAG administrator,regular procedure without MER,0,4,0.0,3.6,0.15,-2.735,0.0,True,learned_avoid
inform BAG administrator,WAW permit aspect,0,4,0.0,3.6,0.15,-2.735,0.0,True,learned_avoid
inform BAG administrator,phase application received,0,4,0.0,3.6,0.15,-2.735,0.0,True,learned_avoid
inform BAG administrator,create procedure confirmation,0,4,0.0,3.6,0.15,-2.735,0.0,True,learned_avoid
message change status,enter date draft decisionenvironmental permit,0,3,0.0,7.3,0.15,-2.736,0.0,True,learned_avoid
message change status,creating environmental permit decision,0,3,0.0,7.3,0.15,-2.736,0.0,True,learned_avoid
message change status,enter senddate decision environmental permit,0,3,0.0,7.3,0.15,-2.736,0.0,True,learned_avoid
register deadline,enter senddate letter no permit or only notification required,0,6,0.0,3.8,0.15,-2.741,0.0,True,learned_avoid
register deadline,enter senddate draft decision,0,6,0.0,3.8,0.15,-2.741,0.0,True,learned_avoid
phase forwarded to competent authority,register deadline,9,3,9.0,60.0,0.149,-2.751,-0.013,True,learned_avoid
initiative competent authority,phase procedure prematurely terminated,0,7,0.0,18.4,0.147,-2.769,0.0,True,learned_avoid
send design decision to stakeholders,set decision phase decision permitting decided,0,3,0.0,3.2,0.146,-2.776,0.0,True,learned_avoid
send design decision to stakeholders,enter date advice on treatment of environmental permit,0,3,0.0,3.2,0.146,-2.776,0.0,True,learned_avoid
send design decision to stakeholders,registrer date of publishing received request,0,3,0.0,3.2,0.146,-2.776,0.0,True,learned_avoid
send design decision to stakeholders,enter senddate draft decision,0,3,0.0,3.2,0.146,-2.776,0.0,True,learned_avoid
send design decision to stakeholders,phase concept draft decision ready,0,3,0.0,3.2,0.146,-2.776,0.0,True,learned_avoid
completed subcases content,assessment of content completed,0,8,0.0,3.9,0.146,-2.778,0.0,True,learned_avoid
phase application received,read field phased application,0,6,0.0,3.1,0.145,-2.79,0.0,True,learned_avoid
phase application received,phase application receptive,0,6,0.0,3.1,0.145,-2.79,0.0,True,learned_avoid
register submission date request,completed subcases content,0,4,0.0,1.1,0.144,-2.795,0.0,True,learned_avoid
register submission date request,creating environmental permit decision,0,4,0.0,1.1,0.144,-2.795,0.0,True,learned_avoid
register submission date request,send letter in progress,0,4,0.0,1.1,0.144,-2.795,0.0,True,learned_avoid
register submission date request,set decision phase suspension decided,0,4,0.0,1.1,0.144,-2.795,0.0,True,learned_avoid
register submission date request,start decision phase decision permitting sent,0,4,0.0,1.1,0.144,-2.795,0.0,True,learned_avoid
procedure change,assessment of content completed,0,7,0.0,4.0,0.143,-2.802,0.0,True,learned_avoid
resume completeness subcases,received OLO documents,0,2,0.0,2.9,0.143,-2.81,0.0,True,learned_avoid
resume completeness subcases,phase permanently suspended,0,2,0.0,2.9,0.143,-2.81,0.0,True,learned_avoid
resume completeness subcases,decision date prior to decision,0,2,0.0,2.9,0.143,-2.81,0.0,True,learned_avoid
resume completeness subcases,creating decision permanently suspended,0,2,0.0,2.9,0.143,-2.81,0.0,True,learned_avoid
resume completeness subcases,enter senddate decision environmental permit,0,2,0.0,2.9,0.143,-2.81,0.0,True,learned_avoid
resume completeness subcases,extend procedure term,0,2,0.0,2.9,0.143,-2.81,0.0,True,learned_avoid
resume completeness subcases,submit decision,0,2,0.0,2.9,0.143,-2.81,0.0,True,learned_avoid
resume completeness subcases,article 34  WABO applies,0,2,0.0,2.9,0.143,-2.81,0.0,True,learned_avoid
resume completeness subcases,retrieve missing data,0,2,0.0,2.9,0.143,-2.81,0.0,True,learned_avoid
start decision phase permanently suspended decided,request complete,0,6,0.0,15.4,0.141,-2.823,0.0,True,learned_avoid
close case,set phase,2,2,0.3,2.5,0.14,-2.833,-0.076,True,learned_avoid
perspective on draft decision environmental permit received,phase perspective submitted,0,4,0.0,7.5,0.14,-2.838,0.0,True,learned_avoid
terminate on request,registration date publication,0,5,0.0,3.1,0.135,-2.894,0.0,True,learned_avoid
final VVGB applications,perspective from GS or VROM received,0,3,0.0,7.7,0.133,-2.913,0.0,True,learned_avoid
generating decision no permit required,close case,0,4,0.0,16.0,0.132,-2.924,0.0,True,learned_avoid
decision date prior to decision,creating decision permanently suspended,0,5,0.0,4.0,0.131,-2.934,0.0,True,learned_avoid
enter date advice on treatment of environmental permit,register objection and appeal periods,0,5,0.0,5.9,0.131,-2.936,0.0,True,learned_avoid
enter date advice on treatment of environmental permit,register deadline,0,5,0.0,5.9,0.131,-2.936,0.0,True,learned_avoid
initiative competent authority,create procedure confirmation,0,8,0.0,21.1,0.129,-2.95,0.0,True,learned_avoid
enrich draft decision,create subcases completeness,0,3,0.0,7.0,0.128,-2.964,0.0,True,learned_avoid
enrich draft decision,open draft decision for inspection,0,3,0.0,7.0,0.128,-2.964,0.0,True,learned_avoid
enrich draft decision,create cover letter draft decision,0,3,0.0,7.0,0.128,-2.964,0.0,True,learned_avoid
enrich draft decision,procedure change,0,3,0.0,7.0,0.128,-2.964,0.0,True,learned_avoid
enrich draft decision,subcases completeness completed,0,3,0.0,7.0,0.128,-2.964,0.0,True,learned_avoid
stop all running subcases 2b,register deadline,0,4,0.0,5.9,0.128,-2.967,0.0,True,learned_avoid
stop all running subcases 2b,phase application receptive,0,4,0.0,5.9,0.128,-2.967,0.0,True,learned_avoid
creating environmental permit decision,message change status,0,2,0.0,1.0,0.127,-2.982,0.0,True,learned_avoid
creating environmental permit decision,start decision phase decision permitting sent,0,2,0.0,1.0,0.127,-2.982,0.0,True,learned_avoid
creating environmental permit decision,enter date publication decision environmental permit,0,2,0.0,1.0,0.127,-2.982,0.0,True,learned_avoid
creating environmental permit decision,phase application receptive,0,2,0.0,1.0,0.127,-2.982,0.0,True,learned_avoid
creating environmental permit decision,enter receipt of additional data,0,2,0.0,1.0,0.127,-2.982,0.0,True,learned_avoid
creating environmental permit decision,received OLO documents,0,2,0.0,1.0,0.127,-2.982,0.0,True,learned_avoid
creating environmental permit decision,enter publication date draft decision,0,2,0.0,1.0,0.127,-2.982,0.0,True,learned_avoid
creating environmental permit decision,treat subcases completeness,0,2,0.0,1.0,0.127,-2.982,0.0,True,learned_avoid
creating environmental permit decision,subcase final VVGB completed,0,2,0.0,1.0,0.127,-2.982,0.0,True,learned_avoid
creating environmental permit decision,registration date publication,0,2,0.0,1.0,0.127,-2.982,0.0,True,learned_avoid
creating environmental permit decision,creating decision suspension art. 33 WABO,0,2,0.0,1.0,0.127,-2.982,0.0,True,learned_avoid
creating environmental permit decision,register date environmental permit decision,0,2,0.0,1.0,0.127,-2.982,0.0,True,learned_avoid
creating environmental permit decision,calculate final charges,0,2,0.0,1.0,0.127,-2.982,0.0,True,learned_avoid
creating environmental permit decision,create publication document,0,2,0.0,1.0,0.127,-2.982,0.0,True,learned_avoid
creating environmental permit decision,enter senddate acknowledgement,0,2,0.0,1.0,0.127,-2.982,0.0,True,learned_avoid
creating environmental permit decision,set decision status,0,2,0.0,1.0,0.127,-2.982,0.0,True,learned_avoid
creating environmental permit decision,investigate BAG objects,0,2,0.0,1.0,0.127,-2.982,0.0,True,learned_avoid
creating environmental permit decision,subcases completeness completed,0,2,0.0,1.0,0.127,-2.982,0.0,True,learned_avoid
creating environmental permit decision,subcase perspective complete,0,2,0.0,1.0,0.127,-2.982,0.0,True,learned_avoid
creating environmental permit decision,completed subcases content,0,2,0.0,1.0,0.127,-2.982,0.0,True,learned_avoid
creating environmental permit decision,start WABOprocedure,0,2,0.0,1.0,0.127,-2.982,0.0,True,learned_avoid
creating environmental permit decision,generating decision environmental permit,0,2,0.0,1.0,0.127,-2.982,0.0,True,learned_avoid
submit decision,create subcases content,0,4,0.0,4.3,0.126,-2.989,0.0,True,learned_avoid
phase decision ready,enter publication date draft decision,0,6,0.0,3.8,0.126,-2.99,0.0,True,learned_avoid
phase decision sent,assessment of content completed,0,4,0.0,3.3,0.126,-2.992,0.0,True,learned_avoid
phase decision sent,start WABOprocedure,0,4,0.0,3.3,0.126,-2.992,0.0,True,learned_avoid
phase decision sent,phase decision taken,0,4,0.0,3.3,0.126,-2.992,0.0,True,learned_avoid
phase decision sent,phase perspective submitted,0,4,0.0,3.3,0.126,-2.992,0.0,True,learned_avoid
phase decision sent,enter publication date draft decision,0,4,0.0,3.3,0.126,-2.992,0.0,True,learned_avoid
phase decision sent,creating environmental permit decision,0,4,0.0,3.3,0.126,-2.992,0.0,True,learned_avoid
phase decision sent,start decision phase decision permitting sent,0,4,0.0,3.3,0.126,-2.992,0.0,True,learned_avoid
phase application received,phase additional information received,0,7,0.0,3.6,0.125,-2.997,0.0,True,learned_avoid
register objection and appeal periods,transcript decision environmental permit to stakeholders,0,3,0.0,2.8,0.125,-3.004,0.0,True,learned_avoid
register objection and appeal periods,create monitoring case oversight,0,3,0.0,2.8,0.125,-3.004,0.0,True,learned_avoid
register objection and appeal periods,register deadline,0,3,0.0,2.8,0.125,-3.004,0.0,True,learned_avoid
phase case handled,enter date publication decision environmental permit,0,4,0.0,5.1,0.124,-3.015,0.0,True,learned_avoid
phase case handled,start decision phase decision permitting sent,0,4,0.0,5.1,0.124,-3.015,0.0,True,learned_avoid
reason for suspension found,enter date decision procedure term extension,0,6,0.0,23.1,0.124,-3.017,0.0,True,learned_avoid
create message terminate request,read publication date field,0,3,0.0,25.0,0.123,-3.021,0.0,True,learned_avoid
inform BAG administrator,open draft decision for inspection,0,5,0.0,4.5,0.123,-3.025,0.0,True,learned_avoid
phase concept decision ready,phase advice known,0,2,0.0,6.2,0.119,-3.068,0.0,True,learned_avoid
phase concept decision ready,suspend term,0,2,0.0,6.2,0.119,-3.068,0.0,True,learned_avoid
phase concept decision ready,set decision status,0,2,0.0,6.2,0.119,-3.068,0.0,True,learned_avoid
phase concept decision ready,phase decision ready,0,2,0.0,6.2,0.119,-3.068,0.0,True,learned_avoid
register submission date request,phase asked additional information,0,5,0.0,1.4,0.118,-3.084,0.0,True,learned_avoid
register submission date request,phase application receptive,0,5,0.0,1.4,0.118,-3.084,0.0,True,learned_avoid
register submission date request,enter senddate decision suspension,0,5,0.0,1.4,0.118,-3.084,0.0,True,learned_avoid
register submission date request,entering senddate draft decision environmental permit,0,5,0.0,1.4,0.118,-3.084,0.0,True,learned_avoid
register submission date request,publish,0,5,0.0,1.4,0.118,-3.084,0.0,True,learned_avoid
register submission date request,read field phased application,0,5,0.0,1.4,0.118,-3.084,0.0,True,learned_avoid
register submission date request,registration date publication,0,5,0.0,1.4,0.118,-3.084,0.0,True,learned_avoid
register submission date request,enter senddate decision environmental permit,0,5,0.0,1.4,0.118,-3.084,0.0,True,learned_avoid
register submission date request,enter senddate updated plan,0,5,0.0,1.4,0.118,-3.084,0.0,True,learned_avoid
register submission date request,enter senddate letter no permit or only notification required,0,5,0.0,1.4,0.118,-3.084,0.0,True,learned_avoid
register submission date request,set decision phase suspension sent,0,5,0.0,1.4,0.118,-3.084,0.0,True,learned_avoid
register submission date request,no permit needed or only notification needed,0,5,0.0,1.4,0.118,-3.084,0.0,True,learned_avoid
send confirmation receipt,forward to the competent authority,0,2,0.0,1.1,0.118,-3.089,0.0,True,learned_avoid
send confirmation receipt,extend procedure term,0,2,0.0,1.1,0.118,-3.089,0.0,True,learned_avoid
send confirmation receipt,inform BAG administrator,0,2,0.0,1.1,0.118,-3.089,0.0,True,learned_avoid
send confirmation receipt,enter senddate updated plan,0,2,0.0,1.1,0.118,-3.089,0.0,True,learned_avoid
send confirmation receipt,register submission date request,0,2,0.0,1.1,0.118,-3.089,0.0,True,learned_avoid
send confirmation receipt,register number of days extension period,0,2,0.0,1.1,0.118,-3.089,0.0,True,learned_avoid
send confirmation receipt,set decision phase: suspension cancelled,0,2,0.0,1.1,0.118,-3.089,0.0,True,learned_avoid
send confirmation receipt,retrieve missing data,0,2,0.0,1.1,0.118,-3.089,0.0,True,learned_avoid
send confirmation receipt,generating decision no permit required,0,2,0.0,1.1,0.118,-3.089,0.0,True,learned_avoid
send confirmation receipt,calculate provisional charges,0,2,0.0,1.1,0.118,-3.089,0.0,True,learned_avoid
send confirmation receipt,create procedure confirmation,0,2,0.0,1.1,0.118,-3.089,0.0,True,learned_avoid
send confirmation receipt,transcript decision environmental permit to stakeholders,0,2,0.0,1.1,0.118,-3.089,0.0,True,learned_avoid
send confirmation receipt,record date of decision environmental permit,0,2,0.0,1.1,0.118,-3.089,0.0,True,learned_avoid
send confirmation receipt,enter senddate procedure confirmation,0,2,0.0,1.1,0.118,-3.089,0.0,True,learned_avoid
send confirmation receipt,enter date decision procedure term extension,0,2,0.0,1.1,0.118,-3.089,0.0,True,learned_avoid
send confirmation receipt,enter senddate letter to stakeholders,0,2,0.0,1.1,0.118,-3.089,0.0,True,learned_avoid
send confirmation receipt,enter senddate letter no permit or only notification required,0,2,0.0,1.1,0.118,-3.089,0.0,True,learned_avoid
send confirmation receipt,create letter no permit or only notification required,0,2,0.0,1.1,0.118,-3.089,0.0,True,learned_avoid
send confirmation receipt,enter date termination request received,0,2,0.0,1.1,0.118,-3.089,0.0,True,learned_avoid
send confirmation receipt,create decision no permit required,0,2,0.0,1.1,0.118,-3.089,0.0,True,learned_avoid
send confirmation receipt,objection lodged against decision,0,2,0.0,1.1,0.118,-3.089,0.0,True,learned_avoid
send confirmation receipt,no permit needed or only notification needed,0,2,0.0,1.1,0.118,-3.089,0.0,True,learned_avoid
send confirmation receipt,phase decision taken,0,2,0.0,1.1,0.118,-3.089,0.0,True,learned_avoid
send confirmation receipt,phase decision ready,0,2,0.0,1.1,0.118,-3.089,0.0,True,learned_avoid
send confirmation receipt,enter date request received,0,2,0.0,1.1,0.118,-3.089,0.0,True,learned_avoid
send confirmation receipt,phase application receptive,0,2,0.0,1.1,0.118,-3.089,0.0,True,learned_avoid
send confirmation receipt,phase case handled,0,2,0.0,1.1,0.118,-3.089,0.0,True,learned_avoid
start WABOprocedure,request updated plan,0,7,0.0,4.3,0.117,-3.092,0.0,True,learned_avoid
message change status,open draft decision for inspection,0,4,0.0,9.8,0.117,-3.099,0.0,True,learned_avoid
message change status,register deadline,0,4,0.0,9.8,0.117,-3.099,0.0,True,learned_avoid
message change status,treat subcase final VVGB,0,4,0.0,9.8,0.117,-3.099,0.0,True,learned_avoid
message change status,generate publication document decision environmental permit,0,4,0.0,9.8,0.117,-3.099,0.0,True,learned_avoid
message change status,inform BAG administrator,0,4,0.0,9.8,0.117,-3.099,0.0,True,learned_avoid
initiative competent authority,enter date termination request received,0,9,0.0,23.7,0.116,-3.11,0.0,True,learned_avoid
terminate on request,decision procedure term extension,0,6,0.0,3.7,0.114,-3.135,0.0,True,learned_avoid
send design decision to stakeholders,set decision status,0,4,0.0,4.3,0.114,-3.139,0.0,True,learned_avoid
send design decision to stakeholders,phase decision sent,0,4,0.0,4.3,0.114,-3.139,0.0,True,learned_avoid
send design decision to stakeholders,phase asked additional information,0,4,0.0,4.3,0.114,-3.139,0.0,True,learned_avoid
send design decision to stakeholders,phase advice known,0,4,0.0,4.3,0.114,-3.139,0.0,True,learned_avoid
send design decision to stakeholders,register submission date request,0,4,0.0,4.3,0.114,-3.139,0.0,True,learned_avoid
start decision phase permanent suspension sent,stop all running subcases 2b,0,3,0.0,8.1,0.11,-3.178,0.0,True,learned_avoid
start decision phase permanent suspension sent,enter senddate decision permanent suspension,0,3,0.0,8.1,0.11,-3.178,0.0,True,learned_avoid
start decision phase permanent suspension sent,close case,0,3,0.0,8.1,0.11,-3.178,0.0,True,learned_avoid
phase updated plan received,send continuation letter,0,2,0.0,4.4,0.11,-3.18,0.0,True,learned_avoid
phase updated plan received,phase draft decision ready,0,2,0.0,4.4,0.11,-3.18,0.0,True,learned_avoid
phase updated plan received,enter senddate decision,0,2,0.0,4.4,0.11,-3.18,0.0,True,learned_avoid
phase updated plan received,register receipt updated plan,0,2,0.0,4.4,0.11,-3.18,0.0,True,learned_avoid
phase updated plan received,completed subcases content,0,2,0.0,4.4,0.11,-3.18,0.0,True,learned_avoid
phase updated plan received,send confirmation receipt,0,2,0.0,4.4,0.11,-3.18,0.0,True,learned_avoid
phase updated plan received,generating decision environmental permit,0,2,0.0,4.4,0.11,-3.18,0.0,True,learned_avoid
perspective from GS or VROM received,phase perspective submitted,0,3,0.0,9.4,0.109,-3.194,0.0,True,learned_avoid
generating decision no permit required,record date of decision no permit required,0,5,0.0,20.0,0.108,-3.213,0.0,True,learned_avoid
enter enddate suspension art. 33 WABO,set decision phase suspension sent,0,1,0.0,3.8,0.107,-3.223,0.0,True,learned_avoid
enter enddate suspension art. 33 WABO,regular procedure without MER,0,1,0.0,3.8,0.107,-3.223,0.0,True,learned_avoid
enter enddate suspension art. 33 WABO,subcase art. 33 WABO completed,0,1,0.0,3.8,0.107,-3.223,0.0,True,learned_avoid
enter enddate suspension art. 33 WABO,send confirmation receipt,0,1,0.0,3.8,0.107,-3.223,0.0,True,learned_avoid
enter enddate suspension art. 33 WABO,phased application,0,1,0.0,3.8,0.107,-3.223,0.0,True,learned_avoid
enter enddate suspension art. 33 WABO,enter enddate of suspension,0,1,0.0,3.8,0.107,-3.223,0.0,True,learned_avoid
reason for suspension found,enter receipt of additional data,0,7,0.0,26.9,0.107,-3.223,0.0,True,learned_avoid
enter enddate suspension art. 33 WABO,forward to the competent authority,0,1,0.0,3.8,0.107,-3.223,0.0,True,learned_avoid
final VVGB applications,phase concept draft decision ready,0,4,0.0,10.3,0.103,-3.276,0.0,True,learned_avoid
resume completeness subcases,phase additional information received,0,3,0.0,4.3,0.102,-3.296,0.0,True,learned_avoid
resume completeness subcases,MER present in supplement,0,3,0.0,4.3,0.102,-3.296,0.0,True,learned_avoid
resume completeness subcases,phase concept draft decision ready,0,3,0.0,4.3,0.102,-3.296,0.0,True,learned_avoid
resume completeness subcases,start WABOprocedure,0,3,0.0,4.3,0.102,-3.296,0.0,True,learned_avoid
resume completeness subcases,phase decision ready,0,3,0.0,4.3,0.102,-3.296,0.0,True,learned_avoid
resume completeness subcases,start decisionphase draft decision - permitting decided,0,3,0.0,4.3,0.102,-3.296,0.0,True,learned_avoid
VVGB positive,suspension ground applicable,0,2,0.0,9.5,0.101,-3.305,0.0,True,learned_avoid
register submission date request,enter senddate retrieve missing data,0,6,0.0,1.7,0.1,-3.325,0.0,True,learned_avoid
register submission date request,enter senddate suspension by competent authority,0,6,0.0,1.7,0.1,-3.325,0.0,True,learned_avoid
register submission date request,generating decision environmental permit,0,6,0.0,1.7,0.1,-3.325,0.0,True,learned_avoid
register submission date request,enter senddate letter to competent authority,0,6,0.0,1.7,0.1,-3.325,0.0,True,learned_avoid
register submission date request,registrer date of publishing received request,0,6,0.0,1.7,0.1,-3.325,0.0,True,learned_avoid
register submission date request,cancel case,0,6,0.0,1.7,0.1,-3.325,0.0,True,learned_avoid
register submission date request,set decision status,0,6,0.0,1.7,0.1,-3.325,0.0,True,learned_avoid
register submission date request,decision date prior to decision,0,6,0.0,1.7,0.1,-3.325,0.0,True,learned_avoid
register submission date request,inform BAG administrator,0,6,0.0,1.7,0.1,-3.325,0.0,True,learned_avoid
enrich draft decision,create draft environtmental permit,0,4,0.0,9.3,0.1,-3.327,0.0,True,learned_avoid
enrich draft decision,phase draft decision made,0,4,0.0,9.3,0.1,-3.327,0.0,True,learned_avoid
enrich draft decision,generate draft decision environmental permit,0,4,0.0,9.3,0.1,-3.327,0.0,True,learned_avoid
enrich draft decision,completed subcases content,0,4,0.0,9.3,0.1,-3.327,0.0,True,learned_avoid
set phase decision revoked,register deadline,0,2,0.0,22.2,0.097,-3.359,0.0,True,learned_avoid
set phase decision revoked,transcript decision environmental permit to stakeholders,0,2,0.0,22.2,0.097,-3.359,0.0,True,learned_avoid
set phase decision revoked,mutation BAG carry objects,0,2,0.0,22.2,0.097,-3.359,0.0,True,learned_avoid
register objection and appeal periods,assessment of content completed,0,4,0.0,3.7,0.097,-3.367,0.0,True,learned_avoid
register objection and appeal periods,phase decision ready,0,4,0.0,3.7,0.097,-3.367,0.0,True,learned_avoid
register objection and appeal periods,enter senddate decision,0,4,0.0,3.7,0.097,-3.367,0.0,True,learned_avoid
register objection and appeal periods,register date environmental permit decision,0,4,0.0,3.7,0.097,-3.367,0.0,True,learned_avoid
register objection and appeal periods,regular procedure without MER,0,4,0.0,3.7,0.097,-3.367,0.0,True,learned_avoid
register objection and appeal periods,creating environmental permit decision,0,4,0.0,3.7,0.097,-3.367,0.0,True,learned_avoid
register objection and appeal periods,refusal after suspension,0,4,0.0,3.7,0.097,-3.367,0.0,True,learned_avoid
phase procedure term resumed,enter senddate continuation,0,5,0.0,27.8,0.096,-3.379,0.0,True,learned_avoid
create cover letter extend procedure term,retrieve missing data,0,2,0.0,6.7,0.095,-3.402,0.0,True,learned_avoid
create cover letter extend procedure term,register number of days extension period,0,2,0.0,6.7,0.095,-3.402,0.0,True,learned_avoid
create cover letter extend procedure term,create letter requesting missing data,0,2,0.0,6.7,0.095,-3.402,0.0,True,learned_avoid
create cover letter extend procedure term,forward to the competent authority,0,2,0.0,6.7,0.095,-3.402,0.0,True,learned_avoid
create cover letter extend procedure term,phase application receptive,0,2,0.0,6.7,0.095,-3.402,0.0,True,learned_avoid
create cover letter extend procedure term,extend procedure term,0,2,0.0,6.7,0.095,-3.402,0.0,True,learned_avoid
send design decision to stakeholders,start decision phase decision permitting sent,0,5,0.0,5.4,0.093,-3.428,0.0,True,learned_avoid
send design decision to stakeholders,set decision phase inspection of decision permitting,0,5,0.0,5.4,0.093,-3.428,0.0,True,learned_avoid
creating environmental permit decision,enter senddate decision suspension,0,3,0.0,1.5,0.09,-3.467,0.0,True,learned_avoid
creating environmental permit decision,publication date draft decision,0,3,0.0,1.5,0.09,-3.467,0.0,True,learned_avoid
creating environmental permit decision,phase perspective submitted,0,3,0.0,1.5,0.09,-3.467,0.0,True,learned_avoid
creating environmental permit decision,phase updated plan received,0,3,0.0,1.5,0.09,-3.467,0.0,True,learned_avoid
creating environmental permit decision,phase decision ready,0,3,0.0,1.5,0.09,-3.467,0.0,True,learned_avoid
creating environmental permit decision,register number of days extension period,0,3,0.0,1.5,0.09,-3.467,0.0,True,learned_avoid
creating environmental permit decision,register objection and appeal periods,0,3,0.0,1.5,0.09,-3.467,0.0,True,learned_avoid
creating environmental permit decision,create monitoring case,0,3,0.0,1.5,0.09,-3.467,0.0,True,learned_avoid
creating environmental permit decision,creating decision procedure term extension,0,3,0.0,1.5,0.09,-3.467,0.0,True,learned_avoid
creating environmental permit decision,register deadline,0,3,0.0,1.5,0.09,-3.467,0.0,True,learned_avoid
creating environmental permit decision,register submission date request,0,3,0.0,1.5,0.09,-3.467,0.0,True,learned_avoid
creating environmental permit decision,transcript decision environmental permit to stakeholders,0,3,0.0,1.5,0.09,-3.467,0.0,True,learned_avoid
creating environmental permit decision,subcase art. 33 WABO completed,0,3,0.0,1.5,0.09,-3.467,0.0,True,learned_avoid
creating environmental permit decision,send decision suspension,0,3,0.0,1.5,0.09,-3.467,0.0,True,learned_avoid
creating environmental permit decision,send confirmation receipt,0,3,0.0,1.5,0.09,-3.467,0.0,True,learned_avoid
creating environmental permit decision,enter date draft decisionenvironmental permit,0,3,0.0,1.5,0.09,-3.467,0.0,True,learned_avoid
creating environmental permit decision,record date of decision environmental permit,0,3,0.0,1.5,0.09,-3.467,0.0,True,learned_avoid
creating environmental permit decision,read publication date field,0,3,0.0,1.5,0.09,-3.467,0.0,True,learned_avoid
creating environmental permit decision,generate draft decision environmental permit,0,3,0.0,1.5,0.09,-3.467,0.0,True,learned_avoid
creating environmental permit decision,treat subcase final VVGB,0,3,0.0,1.5,0.09,-3.467,0.0,True,learned_avoid
creating environmental permit decision,generate publication document decision environmental permit,0,3,0.0,1.5,0.09,-3.467,0.0,True,learned_avoid
creating environmental permit decision,decision date prior to decision,0,3,0.0,1.5,0.09,-3.467,0.0,True,learned_avoid
creating environmental permit decision,date decision for inspection,0,3,0.0,1.5,0.09,-3.467,0.0,True,learned_avoid
cancel case,phase application received,0,1,0.0,3.2,0.089,-3.496,0.0,True,learned_avoid
register submission date request,enter date termination request received,0,7,0.0,1.9,0.086,-3.532,0.0,True,learned_avoid
register submission date request,register date environmental permit decision,0,7,0.0,1.9,0.086,-3.532,0.0,True,learned_avoid
register submission date request,procedure change,0,7,0.0,1.9,0.086,-3.532,0.0,True,learned_avoid
register submission date request,enter senddate decision procedure term extension,0,7,0.0,1.9,0.086,-3.532,0.0,True,learned_avoid
register submission date request,phase case handled,0,7,0.0,1.9,0.086,-3.532,0.0,True,learned_avoid
register submission date request,enter receipt of additional data,0,7,0.0,1.9,0.086,-3.532,0.0,True,learned_avoid
start decision phase permanent suspension sent,create cover letter permanent suspension,0,4,0.0,10.8,0.086,-3.541,0.0,True,learned_avoid
start decision phase permanent suspension sent,set decision status,0,4,0.0,10.8,0.086,-3.541,0.0,True,learned_avoid
phase concept decision ready,create subcases present decision,0,3,0.0,9.4,0.085,-3.553,0.0,True,learned_avoid
phase concept decision ready,phase decision sent,0,3,0.0,9.4,0.085,-3.553,0.0,True,learned_avoid
perspective from GS or VROM received,subcase perspective complete,0,4,0.0,12.5,0.085,-3.557,0.0,True,learned_avoid
final VVGB applications,register date environmental permit decision,0,5,0.0,12.8,0.084,-3.565,0.0,True,learned_avoid
send confirmation receipt,register deadline,0,3,0.0,1.7,0.084,-3.575,0.0,True,learned_avoid
send confirmation receipt,enter senddate acknowledgement,0,3,0.0,1.7,0.084,-3.575,0.0,True,learned_avoid
send confirmation receipt,phase updated plan requested,0,3,0.0,1.7,0.084,-3.575,0.0,True,learned_avoid
send confirmation receipt,procedure change,0,3,0.0,1.7,0.084,-3.575,0.0,True,learned_avoid
send confirmation receipt,subcases completeness completed,0,3,0.0,1.7,0.084,-3.575,0.0,True,learned_avoid
send confirmation receipt,register date environmental permit decision,0,3,0.0,1.7,0.084,-3.575,0.0,True,learned_avoid
send confirmation receipt,start phased application,0,3,0.0,1.7,0.084,-3.575,0.0,True,learned_avoid
send confirmation receipt,create subcases content,0,3,0.0,1.7,0.084,-3.575,0.0,True,learned_avoid
send confirmation receipt,treat subcases completeness,0,3,0.0,1.7,0.084,-3.575,0.0,True,learned_avoid
send confirmation receipt,completed subcases content,0,3,0.0,1.7,0.084,-3.575,0.0,True,learned_avoid
send confirmation receipt,enter date publication decision environmental permit,0,3,0.0,1.7,0.084,-3.575,0.0,True,learned_avoid
send confirmation receipt,set decision status,0,3,0.0,1.7,0.084,-3.575,0.0,True,learned_avoid
send confirmation receipt,enter senddate retrieve missing data,0,3,0.0,1.7,0.084,-3.575,0.0,True,learned_avoid
send confirmation receipt,phase updated plan received,0,3,0.0,1.7,0.084,-3.575,0.0,True,learned_avoid
register objection and appeal periods,read publication date field,0,5,0.0,4.6,0.079,-3.656,0.0,True,learned_avoid
register objection and appeal periods,phase decision sent,0,5,0.0,4.6,0.079,-3.656,0.0,True,learned_avoid
register objection and appeal periods,create publication document,0,5,0.0,4.6,0.079,-3.656,0.0,True,learned_avoid
register objection and appeal periods,set decision status,0,5,0.0,4.6,0.079,-3.656,0.0,True,learned_avoid
register objection and appeal periods,decision date prior to decision,0,5,0.0,4.6,0.079,-3.656,0.0,True,learned_avoid
phase updated plan received,enter date termination request received,0,3,0.0,6.7,0.079,-3.666,0.0,True,learned_avoid
phase updated plan received,procedure change,0,3,0.0,6.7,0.079,-3.666,0.0,True,learned_avoid
phase updated plan received,treat subcases content,0,3,0.0,6.7,0.079,-3.666,0.0,True,learned_avoid
phase updated plan received,creating environmental permit decision,0,3,0.0,6.7,0.079,-3.666,0.0,True,learned_avoid
register submission date request,create subcases completeness,0,8,0.0,2.2,0.076,-3.712,0.0,True,learned_avoid
register submission date request,MER present,0,8,0.0,2.2,0.076,-3.712,0.0,True,learned_avoid
register submission date request,enter senddate acknowledgement,0,8,0.0,2.2,0.076,-3.712,0.0,True,learned_avoid
register submission date request,forward to the competent authority,0,8,0.0,2.2,0.076,-3.712,0.0,True,learned_avoid
register submission date request,applicant is stakeholder,0,8,0.0,2.2,0.076,-3.712,0.0,True,learned_avoid
register submission date request,start WABOprocedure,0,8,0.0,2.2,0.076,-3.712,0.0,True,learned_avoid
register submission date request,set decision phase decision permitting decided,0,8,0.0,2.2,0.076,-3.712,0.0,True,learned_avoid
register submission date request,phase decision taken,0,8,0.0,2.2,0.076,-3.712,0.0,True,learned_avoid
register submission date request,date draft decision for inspection,0,8,0.0,2.2,0.076,-3.712,0.0,True,learned_avoid
register submission date request,calculate provisional charges,0,8,0.0,2.2,0.076,-3.712,0.0,True,learned_avoid
register submission date request,register deadline,0,8,0.0,2.2,0.076,-3.712,0.0,True,learned_avoid
register submission date request,term for supplying missing data,0,8,0.0,2.2,0.076,-3.712,0.0,True,learned_avoid
register submission date request,application submitted through OLO,0,8,0.0,2.2,0.076,-3.712,0.0,True,learned_avoid
set decision phase unlicensed irrevocable,register deadline,0,4,0.0,21.1,0.076,-3.717,0.0,True,learned_avoid
set decision phase unlicensed irrevocable,enter senddate letter no permit required,0,4,0.0,21.1,0.076,-3.717,0.0,True,learned_avoid
creating environmental permit decision,set decision phase inspection of decision permitting,0,4,0.0,2.0,0.07,-3.83,0.0,True,learned_avoid
creating environmental permit decision,enrich draft decision environmental permit,0,4,0.0,2.0,0.07,-3.83,0.0,True,learned_avoid
creating environmental permit decision,assessment of content completed,0,4,0.0,2.0,0.07,-3.83,0.0,True,learned_avoid
creating environmental permit decision,phase asked additional information,0,4,0.0,2.0,0.07,-3.83,0.0,True,learned_avoid
creating environmental permit decision,phase archived case,0,4,0.0,2.0,0.07,-3.83,0.0,True,learned_avoid
creating environmental permit decision,set decision phase suspension sent,0,4,0.0,2.0,0.07,-3.83,0.0,True,learned_avoid
creating environmental permit decision,treat subcases present decision,0,4,0.0,2.0,0.07,-3.83,0.0,True,learned_avoid
creating environmental permit decision,treat subcase perspective,0,4,0.0,2.0,0.07,-3.83,0.0,True,learned_avoid
creating environmental permit decision,treat appeal subcase,0,4,0.0,2.0,0.07,-3.83,0.0,True,learned_avoid
start decision phase permanent suspension sent,phase permanently suspended,0,5,0.0,13.5,0.07,-3.831,0.0,True,learned_avoid
register submission date request,enter senddate procedure confirmation,0,9,0.0,2.5,0.068,-3.873,0.0,True,learned_avoid
send design decision to stakeholders,phase draft decision ready,0,7,0.0,7.5,0.068,-3.876,0.0,True,learned_avoid
phase concept decision ready,generating decision environmental permit,0,4,0.0,12.5,0.066,-3.916,0.0,True,learned_avoid
phase concept decision ready,creating environmental permit decision,0,4,0.0,12.5,0.066,-3.916,0.0,True,learned_avoid
phase concept decision ready,treat subcases present decision,0,4,0.0,12.5,0.066,-3.916,0.0,True,learned_avoid
send confirmation receipt,set decision phase decision permitting decided,0,4,0.0,2.2,0.065,-3.937,0.0,True,learned_avoid
send confirmation receipt,send procedure confirmation,0,4,0.0,2.2,0.065,-3.937,0.0,True,learned_avoid
send confirmation receipt,enter date decision permanent suspension,0,4,0.0,2.2,0.065,-3.937,0.0,True,learned_avoid
send confirmation receipt,phase application received,0,4,0.0,2.2,0.065,-3.937,0.0,True,learned_avoid
send confirmation receipt,enter senddate decision,0,4,0.0,2.2,0.065,-3.937,0.0,True,learned_avoid
send confirmation receipt,regular procedure without MER,0,4,0.0,2.2,0.065,-3.937,0.0,True,learned_avoid
send confirmation receipt,by law,0,4,0.0,2.2,0.065,-3.937,0.0,True,learned_avoid
resume completeness subcases,completed subcases content,0,5,0.0,7.2,0.065,-3.948,0.0,True,learned_avoid
enter enddate suspension art. 33 WABO,decision date prior to decision,0,2,0.0,7.7,0.064,-3.96,0.0,True,learned_avoid
enter enddate suspension art. 33 WABO,register objection and appeal periods,0,2,0.0,7.7,0.064,-3.96,0.0,True,learned_avoid
enter enddate suspension art. 33 WABO,record date of decision environmental permit,0,2,0.0,7.7,0.064,-3.96,0.0,True,learned_avoid
enter enddate suspension art. 33 WABO,submit decision,0,2,0.0,7.7,0.064,-3.96,0.0,True,learned_avoid
final VVGB applications,phase perspective submitted,0,7,0.0,17.9,0.062,-4.013,0.0,True,learned_avoid
phase updated plan received,create subcases content,0,4,0.0,8.9,0.061,-4.028,0.0,True,learned_avoid
phase updated plan received,start decision phase extension granted,0,4,0.0,8.9,0.061,-4.028,0.0,True,learned_avoid
phase updated plan received,set decision status,0,4,0.0,8.9,0.061,-4.028,0.0,True,learned_avoid
creating cover letter decision,send letter in progress,0,1,0.0,1.8,0.06,-4.064,0.0,True,learned_avoid
creating cover letter decision,send confirmation receipt additional data,0,1,0.0,1.8,0.06,-4.064,0.0,True,learned_avoid
creating cover letter decision,perspective on draft decision environmental permit received,0,1,0.0,1.8,0.06,-4.064,0.0,True,learned_avoid
creating cover letter decision,phase additional information received,0,1,0.0,1.8,0.06,-4.064,0.0,True,learned_avoid
creating cover letter decision,read publication date field,0,1,0.0,1.8,0.06,-4.064,0.0,True,learned_avoid
creating cover letter decision,continue or abort mutation BAG objects,0,1,0.0,1.8,0.06,-4.064,0.0,True,learned_avoid
creating cover letter decision,by law,0,1,0.0,1.8,0.06,-4.064,0.0,True,learned_avoid
creating cover letter decision,forward to the competent authority,0,1,0.0,1.8,0.06,-4.064,0.0,True,learned_avoid
creating cover letter decision,set decision phase inspection of decision permitting,0,1,0.0,1.8,0.06,-4.064,0.0,True,learned_avoid
creating cover letter decision,perspective regarding draft founded,0,1,0.0,1.8,0.06,-4.064,0.0,True,learned_avoid
creating cover letter decision,create procedure confirmation,0,1,0.0,1.8,0.06,-4.064,0.0,True,learned_avoid
creating cover letter decision,create publication document,0,1,0.0,1.8,0.06,-4.064,0.0,True,learned_avoid
creating cover letter decision,enter publication date draft decision,0,1,0.0,1.8,0.06,-4.064,0.0,True,learned_avoid
creating cover letter decision,phase decision taken,0,1,0.0,1.8,0.06,-4.064,0.0,True,learned_avoid
creating cover letter decision,phase decision sent,0,1,0.0,1.8,0.06,-4.064,0.0,True,learned_avoid
creating cover letter decision,set decision status,0,1,0.0,1.8,0.06,-4.064,0.0,True,learned_avoid
creating cover letter decision,registration date publication,0,1,0.0,1.8,0.06,-4.064,0.0,True,learned_avoid
creating cover letter decision,register submission date request,0,1,0.0,1.8,0.06,-4.064,0.0,True,learned_avoid
creating cover letter decision,start WABOprocedure,0,1,0.0,1.8,0.06,-4.064,0.0,True,learned_avoid
creating cover letter decision,suspension ground applicable,0,1,0.0,1.8,0.06,-4.064,0.0,True,learned_avoid
creating cover letter decision,start decision phase decision permitting sent,0,1,0.0,1.8,0.06,-4.064,0.0,True,learned_avoid
creating cover letter decision,send procedure confirmation,0,1,0.0,1.8,0.06,-4.064,0.0,True,learned_avoid
creating cover letter decision,regular procedure without MER,0,1,0.0,1.8,0.06,-4.064,0.0,True,learned_avoid
creating cover letter decision,request complete,0,1,0.0,1.8,0.06,-4.064,0.0,True,learned_avoid
creating cover letter decision,phase application receptive,0,1,0.0,1.8,0.06,-4.064,0.0,True,learned_avoid
creating cover letter decision,phase decision ready,0,1,0.0,1.8,0.06,-4.064,0.0,True,learned_avoid
creating cover letter decision,publish,0,1,0.0,1.8,0.06,-4.064,0.0,True,learned_avoid
register objection and appeal periods,generating decision environmental permit,0,7,0.0,6.4,0.058,-4.104,0.0,True,learned_avoid
register objection and appeal periods,create subcases content,0,7,0.0,6.4,0.058,-4.104,0.0,True,learned_avoid
creating environmental permit decision,enter enddate suspension art. 35 WABO,0,5,0.0,2.5,0.058,-4.119,0.0,True,learned_avoid
creating environmental permit decision,phase concept decision ready,0,5,0.0,2.5,0.058,-4.119,0.0,True,learned_avoid
creating environmental permit decision,enter senddate request termination,0,5,0.0,2.5,0.058,-4.119,0.0,True,learned_avoid
creating environmental permit decision,extend procedure term,0,5,0.0,2.5,0.058,-4.119,0.0,True,learned_avoid
register submission date request,subcases completeness completed,0,11,0.0,3.0,0.056,-4.148,0.0,True,learned_avoid
send confirmation receipt,enter date advice on treatment of environmental permit,0,5,0.0,2.8,0.053,-4.227,0.0,True,learned_avoid
send confirmation receipt,decision date prior to decision,0,5,0.0,2.8,0.053,-4.227,0.0,True,learned_avoid
send confirmation receipt,enter senddate decision environmental permit,0,5,0.0,2.8,0.053,-4.227,0.0,True,learned_avoid
cancel case,terminate on request,0,2,0.0,6.5,0.053,-4.233,0.0,True,learned_avoid
cancel case,stop all running subcases 2b,0,2,0.0,6.5,0.053,-4.233,0.0,True,learned_avoid
create cover letter extend procedure term,create decision procedure term extension,0,4,0.0,13.3,0.053,-4.25,0.0,True,learned_avoid
register submission date request,request complete,0,12,0.0,3.3,0.052,-4.269,0.0,True,learned_avoid
perspective from GS or VROM received,hearing about draft,0,7,0.0,21.9,0.051,-4.294,0.0,True,learned_avoid
enter senddate continuation,continuation term to decision,1,3,0.4,9.4,0.05,-4.327,-0.391,True,learned_avoid
refusal after suspension,by law,0,3,0.0,10.7,0.049,-4.341,0.0,True,learned_avoid
creating environmental permit decision,request for preliminary injunction received,0,6,0.0,3.0,0.049,-4.36,0.0,True,learned_avoid
close case,enter date publication decision environmental permit,0,1,0.0,1.2,0.047,-4.418,0.0,True,learned_avoid
close case,set decision status,0,1,0.0,1.2,0.047,-4.418,0.0,True,learned_avoid
close case,set decision phase inspection of decision permitting,0,1,0.0,1.2,0.047,-4.418,0.0,True,learned_avoid
close case,create decision no permit required,0,1,0.0,1.2,0.047,-4.418,0.0,True,learned_avoid
close case,stop all running subcases 2b,0,1,0.0,1.2,0.047,-4.418,0.0,True,learned_avoid
close case,date decision for inspection,0,1,0.0,1.2,0.047,-4.418,0.0,True,learned_avoid
close case,decision keep permanently suspended,0,1,0.0,1.2,0.047,-4.418,0.0,True,learned_avoid
close case,enter senddate decision no permit required,0,1,0.0,1.2,0.047,-4.418,0.0,True,learned_avoid
close case,enter senddate decision,0,1,0.0,1.2,0.047,-4.418,0.0,True,learned_avoid
close case,enter senddate confirmation request,0,1,0.0,1.2,0.047,-4.418,0.0,True,learned_avoid
close case,registration date publication,0,1,0.0,1.2,0.047,-4.418,0.0,True,learned_avoid
close case,set phase decision revoked,0,1,0.0,1.2,0.047,-4.418,0.0,True,learned_avoid
close case,phase archived case,0,1,0.0,1.2,0.047,-4.418,0.0,True,learned_avoid
close case,register deadline,1,4,0.2,5.0,0.047,-4.418,-0.022,True,learned_avoid
close case,generating decision environmental permit,0,1,0.0,1.2,0.047,-4.418,0.0,True,learned_avoid
close case,phase case handled,0,1,0.0,1.2,0.047,-4.418,0.0,True,learned_avoid
close case,phase procedure prematurely terminated,0,1,0.0,1.2,0.047,-4.418,0.0,True,learned_avoid
close case,record date of decision environmental permit,0,1,0.0,1.2,0.047,-4.418,0.0,True,learned_avoid
close case,record date of decision no permit required,0,1,0.0,1.2,0.047,-4.418,0.0,True,learned_avoid
close case,enter senddate request termination,0,1,0.0,1.2,0.047,-4.418,0.0,True,learned_avoid
close case,generate draft decision environmental permit,0,1,0.0,1.2,0.047,-4.418,0.0,True,learned_avoid
VVGB positive,treat subcase final VVGB,0,5,0.0,23.8,0.046,-4.443,0.0,True,learned_avoid
VVGB positive,treat subcase perspective,0,5,0.0,23.8,0.046,-4.443,0.0,True,learned_avoid
enter enddate suspension art. 33 WABO,set decision phase decision permitting decided,0,3,0.0,11.5,0.046,-4.446,0.0,True,learned_avoid
enter enddate suspension art. 33 WABO,receive additional information,0,3,0.0,11.5,0.046,-4.446,0.0,True,learned_avoid
enter enddate suspension art. 33 WABO,perspective on draft decision environmental permit received,0,3,0.0,11.5,0.046,-4.446,0.0,True,learned_avoid
send confirmation receipt,registration date publication,0,6,0.0,3.4,0.045,-4.468,0.0,True,learned_avoid
register submission date request,regular procedure without MER,0,14,0.0,3.9,0.045,-4.483,0.0,True,learned_avoid
creating environmental permit decision,phase advice known,0,7,0.0,3.4,0.042,-4.567,0.0,True,learned_avoid
perspective from GS or VROM received,perspective from GS or VROM received,0,9,0.0,28.1,0.04,-4.635,0.0,True,learned_avoid
enter senddate continuation,no permit needed or only notification needed,0,1,0.0,3.1,0.039,-4.689,0.0,True,learned_avoid
cancel case,enter date termination request received,0,3,0.0,9.7,0.038,-4.719,0.0,True,learned_avoid
creating cover letter decision,enter senddate procedure term extension,0,2,0.0,3.5,0.036,-4.801,0.0,True,learned_avoid
creating cover letter decision,enter receipt of additional data,0,2,0.0,3.5,0.036,-4.801,0.0,True,learned_avoid
creating cover letter decision,objection lodged against decision,0,2,0.0,3.5,0.036,-4.801,0.0,True,learned_avoid
creating cover letter decision,objections and preliminary injunction in system,0,2,0.0,3.5,0.036,-4.801,0.0,True,learned_avoid
creating cover letter decision,creating environmental permit decision,0,2,0.0,3.5,0.036,-4.801,0.0,True,learned_avoid
creating cover letter decision,no permit needed or only notification needed,0,2,0.0,3.5,0.036,-4.801,0.0,True,learned_avoid
creating cover letter decision,record date of decision environmental permit,0,2,0.0,3.5,0.036,-4.801,0.0,True,learned_avoid
creating cover letter decision,updated plan received,0,2,0.0,3.5,0.036,-4.801,0.0,True,learned_avoid
creating cover letter decision,OLO messaging active,0,2,0.0,3.5,0.036,-4.801,0.0,True,learned_avoid
creating cover letter decision,phase advice known,0,2,0.0,3.5,0.036,-4.801,0.0,True,learned_avoid
creating cover letter decision,procedure change after completeness,0,2,0.0,3.5,0.036,-4.801,0.0,True,learned_avoid
creating cover letter decision,appeal logded,0,2,0.0,3.5,0.036,-4.801,0.0,True,learned_avoid
creating cover letter decision,send design decision to stakeholders,0,2,0.0,3.5,0.036,-4.801,0.0,True,learned_avoid
creating cover letter decision,terminate on request,0,2,0.0,3.5,0.036,-4.801,0.0,True,learned_avoid
creating cover letter decision,transcript decision environmental permit to stakeholders,0,2,0.0,3.5,0.036,-4.801,0.0,True,learned_avoid
cancel case,phase archived case,0,4,0.0,12.9,0.03,-5.081,0.0,True,learned_avoid
close case,enter date decision permanent suspension,0,2,0.0,2.5,0.028,-5.155,0.0,True,learned_avoid
close case,registrer date of publishing received request,0,2,0.0,2.5,0.028,-5.155,0.0,True,learned_avoid
close case,phase decision sent,0,2,0.0,2.5,0.028,-5.155,0.0,True,learned_avoid
close case,phase decision taken,0,2,0.0,2.5,0.028,-5.155,0.0,True,learned_avoid
close case,phase permanently suspended,0,2,0.0,2.5,0.028,-5.155,0.0,True,learned_avoid
close case,completed subcases content,0,2,0.0,2.5,0.028,-5.155,0.0,True,learned_avoid
close case,subcase permanent suspension completed,0,2,0.0,2.5,0.028,-5.155,0.0,True,learned_avoid
close case,set decision phase no permit required decided,0,2,0.0,2.5,0.028,-5.155,0.0,True,learned_avoid
close case,register date decision terminate on request,0,2,0.0,2.5,0.028,-5.155,0.0,True,learned_avoid
close case,phase decision ready,0,2,0.0,2.5,0.028,-5.155,0.0,True,learned_avoid
close case,phase advice known,0,2,0.0,2.5,0.028,-5.155,0.0,True,learned_avoid
continuation term to decision,send suspension by competent authority,0,1,0.0,4.3,0.024,-5.364,0.0,True,learned_avoid
continuation term to decision,create procedure confirmation,0,1,0.0,4.3,0.024,-5.364,0.0,True,learned_avoid
continuation term to decision,completed subcases content,0,1,0.0,4.3,0.024,-5.364,0.0,True,learned_avoid
continuation term to decision,receive additional information,0,1,0.0,4.3,0.024,-5.364,0.0,True,learned_avoid
continuation term to decision,send continuation letter,0,1,0.0,4.3,0.024,-5.364,0.0,True,learned_avoid
cancel case,phase procedure prematurely terminated,0,5,0.0,16.1,0.024,-5.371,0.0,True,learned_avoid
enter senddate continuation,enter senddate procedure confirmation,0,2,0.0,6.2,0.023,-5.426,0.0,True,learned_avoid
cancel case,send procedure confirmation,0,6,0.0,19.4,0.02,-5.612,0.0,True,learned_avoid
refusal after suspension,enter enddate of suspension,0,8,0.0,28.6,0.02,-5.621,0.0,True,learned_avoid
close case,cancel case,0,3,0.0,3.8,0.02,-5.64,0.0,True,learned_avoid
close case,creating decision permanently suspended,0,3,0.0,3.8,0.02,-5.64,0.0,True,learned_avoid
close case,message terminate request,0,3,0.0,3.8,0.02,-5.64,0.0,True,learned_avoid
close case,start decision phase decision permitting sent,0,3,0.0,3.8,0.02,-5.64,0.0,True,learned_avoid
close case,start decision phase permanent suspension sent,0,3,0.0,3.8,0.02,-5.64,0.0,True,learned_avoid
close case,read publication date field,0,3,0.0,3.8,0.02,-5.64,0.0,True,learned_avoid
close case,transcript decision environmental permit to stakeholders,0,3,0.0,3.8,0.02,-5.64,0.0,True,learned_avoid
enter senddate continuation,request complete,0,3,0.0,9.4,0.017,-5.912,0.0,True,learned_avoid
enter senddate continuation,enter senddate suspension by competent authority,0,3,0.0,9.4,0.017,-5.912,0.0,True,learned_avoid
close case,set decision phase decision permitting decided,0,4,0.0,5.0,0.016,-6.003,0.0,True,learned_avoid
close case,enter senddate acknowledgement,0,4,0.0,5.0,0.016,-6.003,0.0,True,learned_avoid
refusal after suspension,send decision suspension,0,11,0.0,39.3,0.015,-6.057,0.0,True,learned_avoid
continuation term to decision,article 34  WABO applies,0,2,0.0,8.7,0.015,-6.1,0.0,True,learned_avoid
continuation term to decision,create cover letter draft decision,0,2,0.0,8.7,0.015,-6.1,0.0,True,learned_avoid
continuation term to decision,create continuation letter,0,2,0.0,8.7,0.015,-6.1,0.0,True,learned_avoid
continuation term to decision,create subcases completeness,0,2,0.0,8.7,0.015,-6.1,0.0,True,learned_avoid
enter senddate letter to stakeholders,enter senddate letter to stakeholders,0,1,0.0,7.7,0.013,-6.212,0.0,True,learned_avoid
enter senddate letter to stakeholders,enter senddate letter to competent authority,0,1,0.0,7.7,0.013,-6.212,0.0,True,learned_avoid
enter senddate letter to stakeholders,request to competent authority,0,1,0.0,7.7,0.013,-6.212,0.0,True,learned_avoid
enter senddate continuation,send continuation letter,0,4,0.0,12.5,0.013,-6.274,0.0,True,learned_avoid
phase forwarded to competent authority,enter senddate letter to competent authority,0,2,0.0,40.0,0.011,-6.514,0.0,True,learned_avoid
enter senddate continuation,retrieve missing data,0,5,0.0,15.6,0.011,-6.564,0.0,True,learned_avoid
enter senddate continuation,subcases completeness completed,0,5,0.0,15.6,0.011,-6.564,0.0,True,learned_avoid
enter senddate continuation,procedure change,0,5,0.0,15.6,0.011,-6.564,0.0,True,learned_avoid
continuation term to decision,treat subcases completeness,0,3,0.0,13.0,0.01,-6.586,0.0,True,learned_avoid
forward transcript to stakeholders,request to competent authority,0,2,0.0,28.6,0.01,-6.6,0.0,True,learned_avoid
continuation term to decision,procedure change after completeness,0,4,0.0,17.4,0.008,-6.948,0.0,True,learned_avoid
enter senddate letter to stakeholders,phase forwarded to competent authority,0,2,0.0,15.4,0.008,-6.949,0.0,True,learned_avoid
forward transcript to stakeholders,enter senddate letter to stakeholders,0,3,0.0,42.9,0.007,-7.085,0.0,True,learned_avoid
request to competent authority,forward transcript to stakeholders,0,3,0.0,27.3,0.007,-7.206,0.0,True,learned_avoid
request to competent authority,enter senddate letter to competent authority,0,4,0.0,36.4,0.005,-7.568,0.0,True,learned_avoid
create forwarding copy,send send confirmation competent authority,0,4,0.0,57.1,0.003,-8.185,0.0,True,learned_avoid
article 35 applies,by law,0,1,0.0,11.1,0.003,-8.328,0.0,True,learned_avoid
article 35 applies,enter date decision suspension,0,1,0.0,11.1,0.003,-8.328,0.0,True,learned_avoid
article 35 applies,phase decision suspended,0,1,0.0,11.1,0.003,-8.328,0.0,True,learned_avoid
article 35 applies,send decision suspension,0,1,0.0,11.1,0.003,-8.328,0.0,True,learned_avoid
article 35 applies,create subcases completeness,0,2,0.0,22.2,0.002,-9.065,0.0,True,learned_avoid
article 35 applies,create publication document,0,2,0.0,22.2,0.002,-9.065,0.0,True,learned_avoid
article 33 applies,create subcases completeness,0,2,0.0,28.6,0.001,-9.419,0.0,True,learned_avoid
article 33 applies,phase decision suspended,0,2,0.0,28.6,0.001,-9.419,0.0,True,learned_avoid
article 33 applies,suspend term,0,2,0.0,28.6,0.001,-9.419,0.0,True,learned_avoid
