from_activity,to_activity,rl_count,random_count,rl_pct,random_pct,preference_ratio,log2_ratio,avg_reward_rl,in_real_log,transition_type
send confirmation receipt,retrieve missing data,2,0,100.0,0.0,163.0,7.349,0.25,True,learned_prefer
phase application receptive,start phased application,1,0,100.0,0.0,149.0,7.219,0.25,True,learned_prefer
register submission date request,close case,277,2,97.2,0.6,121.497,6.925,0.172,False,impossible
enter senddate acknowledgement,set decision phase suspension sent,6,0,100.0,0.0,111.0,6.794,0.25,True,learned_prefer
submit decision,treat subcases content,7,0,100.0,0.0,93.0,6.539,0.25,True,learned_prefer
terminate on request,set phase: phase permitting irrevocable,2,0,100.0,0.0,91.0,6.508,0.672,True,learned_prefer
transcript decision environmental permit to stakeholders,set phase: phase permitting irrevocable,13,0,100.0,0.0,81.0,6.34,0.89,True,learned_prefer
retrieve missing data,terminate on request,2,0,100.0,0.0,79.0,6.304,0.25,True,learned_prefer
phase additional information received,start decisionphase draft decision - permitting decided,6,0,100.0,0.0,61.0,5.931,0.25,True,learned_prefer
treat subcases content,transcript decision environmental permit to stakeholders,13,1,100.0,1.2,57.0,5.833,0.25,True,learned_prefer
procedure change,send confirmation receipt,1,1,100.0,1.3,51.0,5.672,0.25,True,learned_prefer
start decisionphase draft decision - permitting decided,creating cover letter decision,6,0,100.0,0.0,45.0,5.492,0.25,False,impossible
treat subcases completeness,set decision phase decision permitting decided,7,1,100.0,1.5,44.333,5.47,0.25,True,learned_prefer
creating cover letter decision,treat subcases content,6,0,100.0,0.0,43.0,5.426,0.25,True,learned_prefer
enter senddate procedure confirmation,send confirmation receipt,1,1,100.0,1.7,39.667,5.31,0.25,True,learned_prefer
set decision phase decision permitting decided,submit decision,7,1,100.0,1.9,36.333,5.183,0.25,True,learned_prefer
set decision phase suspension decided,phase application receptive,1,0,100.0,0.0,33.0,5.044,0.25,True,learned_prefer
creating decision suspension art. 33 WABO,phase additional information received,6,0,100.0,0.0,29.0,4.858,0.25,False,impossible
phase application received,treat subcases completeness,7,3,100.0,3.6,24.143,4.594,0.25,True,learned_prefer
set decision phase suspension sent,creating decision suspension art. 33 WABO,6,1,100.0,3.0,22.333,4.481,0.25,False,impossible
set decision status,phase activity no permit required,0,1,0.0,1.1,20.778,4.377,0.0,True,learned_prefer
set decision status,create decision procedure term extension,0,1,0.0,1.1,20.778,4.377,0.0,True,learned_prefer
set decision status,enter date advice on treatment of environmental permit,0,1,0.0,1.1,20.778,4.377,0.0,True,learned_prefer
set decision status,phase decision irrevocable,0,1,0.0,1.1,20.778,4.377,0.0,True,learned_prefer
set decision status,enter senddate decision permanent suspension,0,1,0.0,1.1,20.778,4.377,0.0,True,learned_prefer
set decision status,phase archived case,0,1,0.0,1.1,20.778,4.377,0.0,True,learned_prefer
set decision status,phase decision ready,0,1,0.0,1.1,20.778,4.377,0.0,True,learned_prefer
set decision status,enter senddate acknowledgement,0,1,0.0,1.1,20.778,4.377,0.0,False,impossible
set decision status,create cover letter permanent suspension,0,1,0.0,1.1,20.778,4.377,0.0,True,learned_prefer
set decision status,phase permanently suspended,0,1,0.0,1.1,20.778,4.377,0.0,True,learned_prefer
set decision status,enter senddate procedure term extension,0,1,0.0,1.1,20.778,4.377,0.0,True,learned_prefer
set decision status,create monitoring case oversight,0,1,0.0,1.1,20.778,4.377,0.0,True,learned_prefer
set decision status,send letter in progress,0,1,0.0,1.1,20.778,4.377,0.0,True,learned_prefer
set decision status,phase draft decision sent,0,1,0.0,1.1,20.778,4.377,0.0,True,learned_prefer
set decision status,record date of decision no permit required,0,1,0.0,1.1,20.778,4.377,0.0,False,impossible
set decision status,phase procedure aborted,0,1,0.0,1.1,20.778,4.377,0.0,True,learned_prefer
set decision status,start decision phase decision permitting sent,0,1,0.0,1.1,20.778,4.377,0.0,True,learned_prefer
set decision status,phase updated plan received,0,1,0.0,1.1,20.778,4.377,0.0,True,learned_prefer
set decision status,phase draft decision ready,0,1,0.0,1.1,20.778,4.377,0.0,True,learned_prefer
set decision status,phase objection filed,0,1,0.0,1.1,20.778,4.377,0.0,True,learned_prefer
set decision status,start decision phase permanent suspension sent,0,1,0.0,1.1,20.778,4.377,0.0,True,learned_prefer
set decision status,send confirmation receipt,0,1,0.0,1.1,20.778,4.377,0.0,True,learned_prefer
set decision status,refusal after suspension,0,1,0.0,1.1,20.778,4.377,0.0,True,learned_prefer
set decision status,register objection and appeal periods,0,1,0.0,1.1,20.778,4.377,0.0,True,learned_prefer
set decision status,publish official draft decision,0,1,0.0,1.1,20.778,4.377,0.0,True,learned_prefer
set decision status,terminate on request,0,1,0.0,1.1,20.778,4.377,0.0,True,learned_prefer
set decision status,phase draft decision made,0,1,0.0,1.1,20.778,4.377,0.0,True,learned_prefer
set decision status,enter date decision permanent suspension,0,1,0.0,1.1,20.778,4.377,0.0,True,learned_prefer
set decision status,stop all running subcases 2b,0,1,0.0,1.1,20.778,4.377,0.0,True,learned_prefer
set decision status,enrich draft decision,0,1,0.0,1.1,20.778,4.377,0.0,True,learned_prefer
set decision status,enter senddate decision suspension,0,1,0.0,1.1,20.778,4.377,0.0,True,learned_prefer
set decision status,enter senddate procedure confirmation,0,1,0.0,1.1,20.778,4.377,0.0,False,impossible
set decision status,phase perspective submitted,0,1,0.0,1.1,20.778,4.377,0.0,True,learned_prefer
set decision status,phase advice known,0,1,0.0,1.1,20.778,4.377,0.0,True,learned_prefer
set decision status,subcase art. 35 WABO completed,0,1,0.0,1.1,20.778,4.377,0.0,True,learned_prefer
set decision status,register submission date request,0,1,0.0,1.1,20.778,4.377,0.0,True,learned_prefer
set decision status,treat subcases content,0,1,0.0,1.1,20.778,4.377,0.0,True,learned_prefer
set decision status,treat subcases completeness,0,1,0.0,1.1,20.778,4.377,0.0,True,learned_prefer
completed subcases content,request updated plan,0,1,0.0,1.1,19.444,4.281,0.0,True,learned_prefer
completed subcases content,phase decision ready,0,1,0.0,1.1,19.444,4.281,0.0,True,learned_prefer
completed subcases content,register submission date request,0,1,0.0,1.1,19.444,4.281,0.0,True,learned_prefer
completed subcases content,registration date publication,0,1,0.0,1.1,19.444,4.281,0.0,True,learned_prefer
completed subcases content,read publication date field,0,1,0.0,1.1,19.444,4.281,0.0,True,learned_prefer
completed subcases content,register date environmental permit decision,0,1,0.0,1.1,19.444,4.281,0.0,True,learned_prefer
completed subcases content,phase advice known,0,1,0.0,1.1,19.444,4.281,0.0,True,learned_prefer
completed subcases content,grounds for refusal,0,1,0.0,1.1,19.444,4.281,0.0,True,learned_prefer
completed subcases content,generate draft decision environmental permit,0,1,0.0,1.1,19.444,4.281,0.0,True,learned_prefer
completed subcases content,extend procedure term,0,1,0.0,1.1,19.444,4.281,0.0,True,learned_prefer
completed subcases content,phase decision taken,0,1,0.0,1.1,19.444,4.281,0.0,True,learned_prefer
completed subcases content,entering senddate draft decision environmental permit,0,1,0.0,1.1,19.444,4.281,0.0,True,learned_prefer
completed subcases content,subcase art. 33 WABO completed,0,1,0.0,1.1,19.444,4.281,0.0,False,impossible
completed subcases content,enter date decision procedure term extension,0,1,0.0,1.1,19.444,4.281,0.0,True,learned_prefer
completed subcases content,enter senddate acknowledgement,0,1,0.0,1.1,19.444,4.281,0.0,False,impossible
completed subcases content,resume completeness subcases,0,1,0.0,1.1,19.444,4.281,0.0,True,learned_prefer
completed subcases content,send confirmation receipt,0,1,0.0,1.1,19.444,4.281,0.0,True,learned_prefer
completed subcases content,create monitoring case,0,1,0.0,1.1,19.444,4.281,0.0,True,learned_prefer
completed subcases content,create publication document,0,1,0.0,1.1,19.444,4.281,0.0,True,learned_prefer
completed subcases content,creating decision suspension art. 33 WABO,0,1,0.0,1.1,19.444,4.281,0.0,False,impossible
completed subcases content,subcases completeness completed,0,1,0.0,1.1,19.444,4.281,0.0,True,learned_prefer
completed subcases content,start WABOprocedure,0,1,0.0,1.1,19.444,4.281,0.0,True,learned_prefer
completed subcases content,terminate on request,0,1,0.0,1.1,19.444,4.281,0.0,True,learned_prefer
completed subcases content,treat subcase suspension art. 33 WABO,0,1,0.0,1.1,19.444,4.281,0.0,True,learned_prefer
completed subcases content,submit draft decision,0,1,0.0,1.1,19.444,4.281,0.0,False,impossible
completed subcases content,submit decision,0,1,0.0,1.1,19.444,4.281,0.0,True,learned_prefer
completed subcases content,create cover letter extend procedure term,0,1,0.0,1.1,19.444,4.281,0.0,False,impossible
completed subcases content,phase perspective submitted,0,1,0.0,1.1,19.444,4.281,0.0,True,learned_prefer
completed subcases content,continuation term to decision,0,1,0.0,1.1,19.444,4.281,0.0,True,learned_prefer
completed subcases content,article 34  WABO applies,0,1,0.0,1.1,19.444,4.281,0.0,True,learned_prefer
completed subcases content,create cover letter draft decision,0,1,0.0,1.1,19.444,4.281,0.0,True,learned_prefer
completed subcases content,applicant is stakeholder,0,1,0.0,1.1,19.444,4.281,0.0,True,learned_prefer
completed subcases content,phase updated plan requested,0,1,0.0,1.1,19.444,4.281,0.0,True,learned_prefer
completed subcases content,WAW permit aspect,0,1,0.0,1.1,19.444,4.281,0.0,True,learned_prefer
completed subcases content,phase decision sent,0,1,0.0,1.1,19.444,4.281,0.0,True,learned_prefer
completed subcases content,publish official draft decision,0,1,0.0,1.1,19.444,4.281,0.0,True,learned_prefer
completed subcases content,phase draft decision made,0,1,0.0,1.1,19.444,4.281,0.0,True,learned_prefer
completed subcases content,decision date prior to decision,0,1,0.0,1.1,19.444,4.281,0.0,True,learned_prefer
completed subcases content,set decision phase suspension sent,0,1,0.0,1.1,19.444,4.281,0.0,False,impossible
completed subcases content,register objection and appeal periods,0,1,0.0,1.1,19.444,4.281,0.0,True,learned_prefer
completed subcases content,start decision phase decision permitting sent,0,1,0.0,1.1,19.444,4.281,0.0,True,learned_prefer
procedure change,further information received,0,1,0.0,1.3,17.0,4.087,0.0,True,learned_prefer
procedure change,creating environmental permit decision,0,1,0.0,1.3,17.0,4.087,0.0,True,learned_prefer
procedure change,phase application received,0,1,0.0,1.3,17.0,4.087,0.0,True,learned_prefer
procedure change,no permit needed or only notification needed,0,1,0.0,1.3,17.0,4.087,0.0,True,learned_prefer
procedure change,phased application,0,1,0.0,1.3,17.0,4.087,0.0,True,learned_prefer
procedure change,assessment of content completed,0,1,0.0,1.3,17.0,4.087,0.0,True,learned_prefer
procedure change,record date of decision environmental permit,0,1,0.0,1.3,17.0,4.087,0.0,True,learned_prefer
procedure change,register suspension by competent authority,0,1,0.0,1.3,17.0,4.087,0.0,True,learned_prefer
procedure change,request updated plan,0,1,0.0,1.3,17.0,4.087,0.0,False,impossible
procedure change,retrieve missing data,0,1,0.0,1.3,17.0,4.087,0.0,True,learned_prefer
procedure change,register number of days extension period,0,1,0.0,1.3,17.0,4.087,0.0,True,learned_prefer
procedure change,phase asked additional information,0,1,0.0,1.3,17.0,4.087,0.0,True,learned_prefer
procedure change,transcript decision environmental permit to stakeholders,0,1,0.0,1.3,17.0,4.087,0.0,True,learned_prefer
procedure change,phase application receptive,0,1,0.0,1.3,17.0,4.087,0.0,True,learned_prefer
procedure change,entering senddate draft decision environmental permit,0,1,0.0,1.3,17.0,4.087,0.0,True,learned_prefer
procedure change,extend procedure term,0,1,0.0,1.3,17.0,4.087,0.0,True,learned_prefer
procedure change,create cover letter extend procedure term,0,1,0.0,1.3,17.0,4.087,0.0,True,learned_prefer
procedure change,create decision procedure term extension,0,1,0.0,1.3,17.0,4.087,0.0,True,learned_prefer
procedure change,forward to the competent authority,0,1,0.0,1.3,17.0,4.087,0.0,True,learned_prefer
procedure change,suspension ground applicable,0,1,0.0,1.3,17.0,4.087,0.0,True,learned_prefer
procedure change,inform BAG administrator,0,1,0.0,1.3,17.0,4.087,0.0,True,learned_prefer
procedure change,generating decision environmental permit,0,1,0.0,1.3,17.0,4.087,0.0,True,learned_prefer
procedure change,continuation term to decision,0,1,0.0,1.3,17.0,4.087,0.0,True,learned_prefer
procedure change,by law,0,1,0.0,1.3,17.0,4.087,0.0,True,learned_prefer
procedure change,WAW permit aspect,0,1,0.0,1.3,17.0,4.087,0.0,True,learned_prefer
procedure change,article 34  WABO applies,0,1,0.0,1.3,17.0,4.087,0.0,True,learned_prefer
procedure change,ask stakeholders views,0,1,0.0,1.3,17.0,4.087,0.0,True,learned_prefer
procedure change,treat subcases completeness,0,1,0.0,1.3,17.0,4.087,0.0,True,learned_prefer
procedure change,treat subcases content,0,1,0.0,1.3,17.0,4.087,0.0,True,learned_prefer
procedure change,enter date decision permanent suspension,0,1,0.0,1.3,17.0,4.087,0.0,True,learned_prefer
procedure change,enter date decision procedure term extension,0,1,0.0,1.3,17.0,4.087,0.0,True,learned_prefer
procedure change,OLO messaging active,0,1,0.0,1.3,17.0,4.087,0.0,True,learned_prefer
procedure change,create publication document,0,1,0.0,1.3,17.0,4.087,0.0,True,learned_prefer
phase application receptive,completed subcases content,0,1,0.0,1.4,16.556,4.049,0.0,True,learned_prefer
phase application receptive,assessment of content completed,0,1,0.0,1.4,16.556,4.049,0.0,True,learned_prefer
phase application receptive,received OLO documents,0,1,0.0,1.4,16.556,4.049,0.0,True,learned_prefer
phase application receptive,register date environmental permit decision,0,1,0.0,1.4,16.556,4.049,0.0,True,learned_prefer
phase application receptive,continuation term to decision,0,1,0.0,1.4,16.556,4.049,0.0,True,learned_prefer
phase application receptive,article 34  WABO applies,0,1,0.0,1.4,16.556,4.049,0.0,True,learned_prefer
phase application receptive,phase additional information received,0,1,0.0,1.4,16.556,4.049,0.0,True,learned_prefer
phase application receptive,phase application received,0,1,0.0,1.4,16.556,4.049,0.0,True,learned_prefer
phase application receptive,phase decision irrevocable,0,1,0.0,1.4,16.556,4.049,0.0,True,learned_prefer
phase application receptive,treat subcase perspective,0,1,0.0,1.4,16.556,4.049,0.0,True,learned_prefer
phase application receptive,enter senddate decision,0,1,0.0,1.4,16.556,4.049,0.0,True,learned_prefer
phase application receptive,treat subcase suspension art. 33 WABO,0,1,0.0,1.4,16.556,4.049,0.0,True,learned_prefer
phase application receptive,registrer date of publishing received request,0,1,0.0,1.4,16.556,4.049,0.0,True,learned_prefer
phase application receptive,register number of days extension period,0,1,0.0,1.4,16.556,4.049,0.0,True,learned_prefer
phase application receptive,no permit needed or only notification needed,0,1,0.0,1.4,16.556,4.049,0.0,True,learned_prefer
phase application receptive,grounds for refusal,0,1,0.0,1.4,16.556,4.049,0.0,True,learned_prefer
phase application receptive,send procedure confirmation,0,1,0.0,1.4,16.556,4.049,0.0,True,learned_prefer
phase application receptive,send suspension by competent authority,0,1,0.0,1.4,16.556,4.049,0.0,True,learned_prefer
phase application receptive,send letter in progress,0,1,0.0,1.4,16.556,4.049,0.0,True,learned_prefer
phase application receptive,register deadline,0,1,0.0,1.4,16.556,4.049,0.0,True,learned_prefer
phase application receptive,publish official draft decision,0,1,0.0,1.4,16.556,4.049,0.0,True,learned_prefer
phase application receptive,read publication date field,0,1,0.0,1.4,16.556,4.049,0.0,False,impossible
phase application receptive,phase decision taken,0,1,0.0,1.4,16.556,4.049,0.0,True,learned_prefer
phase application receptive,phase draft decision ready,0,1,0.0,1.4,16.556,4.049,0.0,True,learned_prefer
phase application receptive,subcases completeness completed,0,1,0.0,1.4,16.556,4.049,0.0,True,learned_prefer
phase application receptive,phase decision ready,0,1,0.0,1.4,16.556,4.049,0.0,True,learned_prefer
phase application receptive,phase decision sent,0,1,0.0,1.4,16.556,4.049,0.0,True,learned_prefer
phase application receptive,phase decision suspended,0,1,0.0,1.4,16.556,4.049,0.0,True,learned_prefer
phase application receptive,enter senddate decision environmental permit,0,1,0.0,1.4,16.556,4.049,0.0,True,learned_prefer
phase application receptive,enter senddate decision procedure term extension,0,1,0.0,1.4,16.556,4.049,0.0,False,impossible
phase application receptive,send decision suspension,0,1,0.0,1.4,16.556,4.049,0.0,True,learned_prefer
phase application receptive,start WABOprocedure,0,1,0.0,1.4,16.556,4.049,0.0,True,learned_prefer
phase application receptive,create decision procedure term extension,0,1,0.0,1.4,16.556,4.049,0.0,True,learned_prefer
phase application receptive,create draft environtmental permit,0,1,0.0,1.4,16.556,4.049,0.0,True,learned_prefer
phase application receptive,enter date advice on treatment of environmental permit,0,1,0.0,1.4,16.556,4.049,0.0,True,learned_prefer
phase application receptive,create monitoring case oversight,0,1,0.0,1.4,16.556,4.049,0.0,False,impossible
phase application receptive,create subcases present decision,0,1,0.0,1.4,16.556,4.049,0.0,False,impossible
phase application receptive,create subcases content,0,1,0.0,1.4,16.556,4.049,0.0,True,learned_prefer
phase application receptive,enter date termination request received,0,1,0.0,1.4,16.556,4.049,0.0,True,learned_prefer
phase application receptive,enter date draft decisionenvironmental permit,0,1,0.0,1.4,16.556,4.049,0.0,False,impossible
phase application receptive,creating decision suspension art. 33 WABO,0,1,0.0,1.4,16.556,4.049,0.0,True,learned_prefer
phase application receptive,generate publication document decision environmental permit,0,1,0.0,1.4,16.556,4.049,0.0,True,learned_prefer
phase application receptive,enter senddate decision suspension,0,1,0.0,1.4,16.556,4.049,0.0,False,impossible
phase application receptive,enter senddate retrieve missing data,0,1,0.0,1.4,16.556,4.049,0.0,False,impossible
phase application receptive,extend procedure term,0,1,0.0,1.4,16.556,4.049,0.0,True,learned_prefer
phase advice known,set decision phase suspension decided,0,1,0.0,1.4,16.111,4.01,0.0,False,impossible
phase advice known,partly permit,0,1,0.0,1.4,16.111,4.01,0.0,False,impossible
phase advice known,message change status,0,1,0.0,1.4,16.111,4.01,0.0,True,learned_prefer
phase advice known,set decision status,0,1,0.0,1.4,16.111,4.01,0.0,True,learned_prefer
phase advice known,phase application received,0,1,0.0,1.4,16.111,4.01,0.0,True,learned_prefer
phase advice known,enter senddate acknowledgement,0,1,0.0,1.4,16.111,4.01,0.0,False,impossible
phase advice known,treat subcase perspective,0,1,0.0,1.4,16.111,4.01,0.0,False,impossible
phase advice known,suspend term,0,1,0.0,1.4,16.111,4.01,0.0,True,learned_prefer
phase advice known,set phase decision revoked,0,1,0.0,1.4,16.111,4.01,0.0,False,impossible
phase advice known,enter date decision suspension,0,1,0.0,1.4,16.111,4.01,0.0,False,impossible
phase advice known,determine cause for suspension article 34 WABO,0,1,0.0,1.4,16.111,4.01,0.0,False,impossible
phase advice known,creating decision suspension art. 33 WABO,0,1,0.0,1.4,16.111,4.01,0.0,True,learned_prefer
subcases completeness completed,resume completeness subcases,0,1,0.0,1.4,16.111,4.01,0.0,True,learned_prefer
subcases completeness completed,send decision suspension,0,1,0.0,1.4,16.111,4.01,0.0,True,learned_prefer
subcases completeness completed,retrieve missing data,0,1,0.0,1.4,16.111,4.01,0.0,True,learned_prefer
subcases completeness completed,process received advice,0,1,0.0,1.4,16.111,4.01,0.0,False,impossible
subcases completeness completed,suspension ground applicable,0,1,0.0,1.4,16.111,4.01,0.0,True,learned_prefer
subcases completeness completed,start WABOprocedure,0,1,0.0,1.4,16.111,4.01,0.0,True,learned_prefer
subcases completeness completed,start decision phase decision permitting sent,0,1,0.0,1.4,16.111,4.01,0.0,True,learned_prefer
subcases completeness completed,set decision phase: draft decision for inspection,0,1,0.0,1.4,16.111,4.01,0.0,False,impossible
subcases completeness completed,set decision phase decision permitting decided,0,1,0.0,1.4,16.111,4.01,0.0,True,learned_prefer
phase advice known,phase draft decision ready,0,1,0.0,1.4,16.111,4.01,0.0,True,learned_prefer
phase advice known,enter date draft decisionenvironmental permit,0,1,0.0,1.4,16.111,4.01,0.0,False,impossible
subcases completeness completed,treat subcases completeness,0,1,0.0,1.4,16.111,4.01,0.0,True,learned_prefer
phase advice known,investigate BAG objects,0,1,0.0,1.4,16.111,4.01,0.0,False,impossible
phase advice known,register submission date request,0,1,0.0,1.4,16.111,4.01,0.0,False,impossible
phase advice known,request updated plan,0,1,0.0,1.4,16.111,4.01,0.0,True,learned_prefer
phase advice known,phase archived case,0,1,0.0,1.4,16.111,4.01,0.0,True,learned_prefer
phase advice known,phase decision suspended,0,1,0.0,1.4,16.111,4.01,0.0,True,learned_prefer
phase advice known,initiative competent authority,0,1,0.0,1.4,16.111,4.01,0.0,False,impossible
phase advice known,received OLO documents,0,1,0.0,1.4,16.111,4.01,0.0,True,learned_prefer
phase advice known,register date environmental permit decision,0,1,0.0,1.4,16.111,4.01,0.0,True,learned_prefer
phase advice known,record date of decision environmental permit,0,1,0.0,1.4,16.111,4.01,0.0,True,learned_prefer
phase advice known,register deadline,0,1,0.0,1.4,16.111,4.01,0.0,True,learned_prefer
phase advice known,create monitoring case oversight,0,1,0.0,1.4,16.111,4.01,0.0,False,impossible
phase advice known,applicant is stakeholder,0,1,0.0,1.4,16.111,4.01,0.0,True,learned_prefer
phase advice known,by law,0,1,0.0,1.4,16.111,4.01,0.0,True,learned_prefer
phase advice known,send confirmation receipt,0,1,0.0,1.4,16.111,4.01,0.0,True,learned_prefer
phase advice known,treat subcase suspension art. 33 WABO,0,1,0.0,1.4,16.111,4.01,0.0,True,learned_prefer
phase advice known,enter senddate decision suspension,0,1,0.0,1.4,16.111,4.01,0.0,True,learned_prefer
subcases completeness completed,request complete,0,1,0.0,1.4,16.111,4.01,0.0,True,learned_prefer
subcases completeness completed,reason for suspension found,0,1,0.0,1.4,16.111,4.01,0.0,True,learned_prefer
subcases completeness completed,register number of days extension period,0,1,0.0,1.4,16.111,4.01,0.0,True,learned_prefer
subcases completeness completed,phase decision sent,0,1,0.0,1.4,16.111,4.01,0.0,True,learned_prefer
subcases completeness completed,phase application received,0,1,0.0,1.4,16.111,4.01,0.0,True,learned_prefer
subcases completeness completed,start decision phase extension granted,0,1,0.0,1.4,16.111,4.01,0.0,True,learned_prefer
subcases completeness completed,message change status,0,1,0.0,1.4,16.111,4.01,0.0,False,impossible
phase advice known,continue or abort mutation BAG objects,0,1,0.0,1.4,16.111,4.01,0.0,False,impossible
phase advice known,calculate final charges,0,1,0.0,1.4,16.111,4.01,0.0,False,impossible
subcases completeness completed,enter senddate updated plan,0,1,0.0,1.4,16.111,4.01,0.0,True,learned_prefer
subcases completeness completed,enter senddate decision suspension,0,1,0.0,1.4,16.111,4.01,0.0,False,impossible
phase advice known,create monitoring case,0,1,0.0,1.4,16.111,4.01,0.0,True,learned_prefer
subcases completeness completed,enter senddate procedure term extension,0,1,0.0,1.4,16.111,4.01,0.0,True,learned_prefer
subcases completeness completed,enter senddate draft decision,0,1,0.0,1.4,16.111,4.01,0.0,False,impossible
subcases completeness completed,creating decision permanently suspended,0,1,0.0,1.4,16.111,4.01,0.0,True,learned_prefer
subcases completeness completed,enter date publication decision environmental permit,0,1,0.0,1.4,16.111,4.01,0.0,True,learned_prefer
subcases completeness completed,enter receipt of additional data,0,1,0.0,1.4,16.111,4.01,0.0,True,learned_prefer
subcases completeness completed,applicant is stakeholder,0,1,0.0,1.4,16.111,4.01,0.0,True,learned_prefer
subcases completeness completed,article 34  WABO applies,0,1,0.0,1.4,16.111,4.01,0.0,True,learned_prefer
subcases completeness completed,enter senddate decision,0,1,0.0,1.4,16.111,4.01,0.0,True,learned_prefer
subcases completeness completed,enter senddate continuation,0,1,0.0,1.4,16.111,4.01,0.0,True,learned_prefer
subcases completeness completed,continuation term to decision,0,1,0.0,1.4,16.111,4.01,0.0,True,learned_prefer
subcases completeness completed,completed subcases content,0,1,0.0,1.4,16.111,4.01,0.0,True,learned_prefer
subcases completeness completed,create decision procedure term extension,0,1,0.0,1.4,16.111,4.01,0.0,True,learned_prefer
subcases completeness completed,create letter requesting missing data,0,1,0.0,1.4,16.111,4.01,0.0,True,learned_prefer
subcases completeness completed,create subcases content,0,1,0.0,1.4,16.111,4.01,0.0,True,learned_prefer
subcases completeness completed,create publication document,0,1,0.0,1.4,16.111,4.01,0.0,True,learned_prefer
subcases completeness completed,decision keep permanently suspended,0,1,0.0,1.4,16.111,4.01,0.0,False,impossible
subcases completeness completed,WAW permit aspect,0,1,0.0,1.4,16.111,4.01,0.0,True,learned_prefer
creating environmental permit decision,set phase: phase permitting irrevocable,0,1,0.0,1.4,15.889,3.99,0.0,True,learned_prefer
creating environmental permit decision,start WABOprocedure,0,1,0.0,1.4,15.889,3.99,0.0,True,learned_prefer
creating environmental permit decision,subcase art. 33 WABO completed,0,1,0.0,1.4,15.889,3.99,0.0,True,learned_prefer
creating environmental permit decision,suspend term,0,1,0.0,1.4,15.889,3.99,0.0,True,learned_prefer
creating environmental permit decision,terminate on request,0,1,0.0,1.4,15.889,3.99,0.0,True,learned_prefer
creating environmental permit decision,transcript decision environmental permit to stakeholders,0,1,0.0,1.4,15.889,3.99,0.0,True,learned_prefer
creating environmental permit decision,retrieve missing data,0,1,0.0,1.4,15.889,3.99,0.0,True,learned_prefer
creating environmental permit decision,resume completeness subcases,0,1,0.0,1.4,15.889,3.99,0.0,True,learned_prefer
creating environmental permit decision,send design decision to stakeholders,0,1,0.0,1.4,15.889,3.99,0.0,True,learned_prefer
creating environmental permit decision,set decision phase inspection of decision permitting,0,1,0.0,1.4,15.889,3.99,0.0,True,learned_prefer
creating environmental permit decision,set phase,0,1,0.0,1.4,15.889,3.99,0.0,True,learned_prefer
creating environmental permit decision,set phase decision revoked,0,1,0.0,1.4,15.889,3.99,0.0,True,learned_prefer
creating environmental permit decision,phase draft decision ready,0,1,0.0,1.4,15.889,3.99,0.0,True,learned_prefer
creating environmental permit decision,phase procedure resumed,0,1,0.0,1.4,15.889,3.99,0.0,True,learned_prefer
creating environmental permit decision,phase updated plan received,0,1,0.0,1.4,15.889,3.99,0.0,True,learned_prefer
creating environmental permit decision,register date environmental permit decision,0,1,0.0,1.4,15.889,3.99,0.0,True,learned_prefer
creating environmental permit decision,register number of days extension period,0,1,0.0,1.4,15.889,3.99,0.0,False,impossible
creating environmental permit decision,register objection and appeal periods,0,1,0.0,1.4,15.889,3.99,0.0,True,learned_prefer
creating environmental permit decision,enter senddate draft decision,0,1,0.0,1.4,15.889,3.99,0.0,True,learned_prefer
creating environmental permit decision,enter senddate procedure term extension,0,1,0.0,1.4,15.889,3.99,0.0,False,impossible
creating environmental permit decision,generate draft decision environmental permit,0,1,0.0,1.4,15.889,3.99,0.0,True,learned_prefer
creating environmental permit decision,message change status,0,1,0.0,1.4,15.889,3.99,0.0,True,learned_prefer
creating environmental permit decision,phase application received,0,1,0.0,1.4,15.889,3.99,0.0,False,impossible
creating environmental permit decision,phase asked additional information,0,1,0.0,1.4,15.889,3.99,0.0,True,learned_prefer
creating environmental permit decision,phase concept decision ready,0,1,0.0,1.4,15.889,3.99,0.0,True,learned_prefer
creating environmental permit decision,phase decision taken,0,1,0.0,1.4,15.889,3.99,0.0,True,learned_prefer
creating environmental permit decision,decision extension procedure term irrevocable,0,1,0.0,1.4,15.889,3.99,0.0,True,learned_prefer
creating environmental permit decision,enter date advice on treatment of environmental permit,0,1,0.0,1.4,15.889,3.99,0.0,False,impossible
creating environmental permit decision,enter date publication decision environmental permit,0,1,0.0,1.4,15.889,3.99,0.0,True,learned_prefer
creating environmental permit decision,enter publication date draft decision,0,1,0.0,1.4,15.889,3.99,0.0,True,learned_prefer
creating environmental permit decision,enter receipt of additional data,0,1,0.0,1.4,15.889,3.99,0.0,True,learned_prefer
creating environmental permit decision,enter senddate acknowledgement,0,1,0.0,1.4,15.889,3.99,0.0,False,impossible
creating environmental permit decision,enter senddate decision,0,1,0.0,1.4,15.889,3.99,0.0,True,learned_prefer
creating environmental permit decision,enter senddate decision suspension,0,1,0.0,1.4,15.889,3.99,0.0,True,learned_prefer
creating environmental permit decision,creating cover letter decision,0,1,0.0,1.4,15.889,3.99,0.0,True,learned_prefer
creating environmental permit decision,calculate final charges,0,1,0.0,1.4,15.889,3.99,0.0,False,impossible
creating environmental permit decision,completed subcases content,0,1,0.0,1.4,15.889,3.99,0.0,True,learned_prefer
creating environmental permit decision,create publication document,0,1,0.0,1.4,15.889,3.99,0.0,True,learned_prefer
registration date publication,treat subcases completeness,0,1,0.0,1.6,14.333,3.841,0.0,True,learned_prefer
registration date publication,transcript decision environmental permit to stakeholders,0,1,0.0,1.6,14.333,3.841,0.0,True,learned_prefer
registration date publication,terminate on request,0,1,0.0,1.6,14.333,3.841,0.0,True,learned_prefer
registration date publication,term for supplying missing data,0,1,0.0,1.6,14.333,3.841,0.0,True,learned_prefer
registration date publication,start decision phase extension granted,0,1,0.0,1.6,14.333,3.841,0.0,True,learned_prefer
registration date publication,set phase: phase permitting irrevocable,0,1,0.0,1.6,14.333,3.841,0.0,True,learned_prefer
registration date publication,request complete,0,1,0.0,1.6,14.333,3.841,0.0,True,learned_prefer
registration date publication,read field phased application,0,1,0.0,1.6,14.333,3.841,0.0,True,learned_prefer
registration date publication,register receipt updated plan,0,1,0.0,1.6,14.333,3.841,0.0,True,learned_prefer
registration date publication,register deadline,0,1,0.0,1.6,14.333,3.841,0.0,True,learned_prefer
registration date publication,treat subcases content,0,1,0.0,1.6,14.333,3.841,0.0,True,learned_prefer
registration date publication,decision keep permanently suspended,0,1,0.0,1.6,14.333,3.841,0.0,True,learned_prefer
registration date publication,date decision for inspection,0,1,0.0,1.6,14.333,3.841,0.0,True,learned_prefer
registration date publication,creating cover letter decision,0,1,0.0,1.6,14.333,3.841,0.0,True,learned_prefer
registration date publication,create publication document,0,1,0.0,1.6,14.333,3.841,0.0,True,learned_prefer
registration date publication,phase asked additional information,0,1,0.0,1.6,14.333,3.841,0.0,True,learned_prefer
registration date publication,applicant is stakeholder,0,1,0.0,1.6,14.333,3.841,0.0,True,learned_prefer
registration date publication,objection to permanent suspension received,0,1,0.0,1.6,14.333,3.841,0.0,True,learned_prefer
registration date publication,procedure change,0,1,0.0,1.6,14.333,3.841,0.0,True,learned_prefer
registration date publication,decision permanent suspension irrevocable,0,1,0.0,1.6,14.333,3.841,0.0,True,learned_prefer
registration date publication,phase decision taken,0,1,0.0,1.6,14.333,3.841,0.0,True,learned_prefer
registration date publication,receive additional information,0,1,0.0,1.6,14.333,3.841,0.0,True,learned_prefer
registration date publication,received OLO documents,0,1,0.0,1.6,14.333,3.841,0.0,True,learned_prefer
registration date publication,enter receipt of additional data,0,1,0.0,1.6,14.333,3.841,0.0,True,learned_prefer
registration date publication,enter date termination request received,0,1,0.0,1.6,14.333,3.841,0.0,True,learned_prefer
registration date publication,enter senddate decision permanent suspension,0,1,0.0,1.6,14.333,3.841,0.0,True,learned_prefer
registration date publication,enter senddate letter no permit or only notification required,0,1,0.0,1.6,14.333,3.841,0.0,True,learned_prefer
registration date publication,enter senddate acknowledgement,0,1,0.0,1.6,14.333,3.841,0.0,True,learned_prefer
registration date publication,enter senddate decision environmental permit,0,1,0.0,1.6,14.333,3.841,0.0,True,learned_prefer
registration date publication,create monitoring case,0,1,0.0,1.6,14.333,3.841,0.0,False,impossible
registration date publication,objection lodged against decision,0,1,0.0,1.6,14.333,3.841,0.0,True,learned_prefer
registration date publication,generating decision environmental permit,0,1,0.0,1.6,14.333,3.841,0.0,True,learned_prefer
registration date publication,register date environmental permit decision,0,1,0.0,1.6,14.333,3.841,0.0,True,learned_prefer
request complete,send procedure confirmation,0,1,0.0,1.6,14.111,3.819,0.0,True,learned_prefer
request complete,create procedure confirmation,0,1,0.0,1.6,14.111,3.819,0.0,True,learned_prefer
request complete,phase advice known,0,1,0.0,1.6,14.111,3.819,0.0,True,learned_prefer
request complete,keep permanently suspended,0,1,0.0,1.6,14.111,3.819,0.0,True,learned_prefer
request complete,phase asked additional information,0,1,0.0,1.6,14.111,3.819,0.0,True,learned_prefer
request complete,phase application received,0,1,0.0,1.6,14.111,3.819,0.0,True,learned_prefer
request complete,retrieve missing data,0,1,0.0,1.6,14.111,3.819,0.0,True,learned_prefer
request complete,registration date publication,0,1,0.0,1.6,14.111,3.819,0.0,True,learned_prefer
request complete,register number of days extension period,0,1,0.0,1.6,14.111,3.819,0.0,True,learned_prefer
request complete,publish,0,1,0.0,1.6,14.111,3.819,0.0,True,learned_prefer
request complete,procedure change,0,1,0.0,1.6,14.111,3.819,0.0,True,learned_prefer
request complete,phase procedure aborted,0,1,0.0,1.6,14.111,3.819,0.0,False,impossible
request complete,phase draft decision made,0,1,0.0,1.6,14.111,3.819,0.0,True,learned_prefer
request complete,terminate on request,0,1,0.0,1.6,14.111,3.819,0.0,True,learned_prefer
request complete,subcases completeness completed,0,1,0.0,1.6,14.111,3.819,0.0,True,learned_prefer
request complete,submit draft decision,0,1,0.0,1.6,14.111,3.819,0.0,True,learned_prefer
request complete,date continuation term to decision,0,1,0.0,1.6,14.111,3.819,0.0,False,impossible
request complete,enrich draft decision,0,1,0.0,1.6,14.111,3.819,0.0,True,learned_prefer
request complete,enter senddate decision procedure term extension,0,1,0.0,1.6,14.111,3.819,0.0,False,impossible
request complete,enter senddate decision,0,1,0.0,1.6,14.111,3.819,0.0,True,learned_prefer
request complete,MER present in supplement,0,1,0.0,1.6,14.111,3.819,0.0,True,learned_prefer
request complete,creating decision permanently suspended,0,1,0.0,1.6,14.111,3.819,0.0,True,learned_prefer
request complete,close case,0,1,0.0,1.6,14.111,3.819,0.0,True,learned_prefer
request complete,create subcases content,0,1,0.0,1.6,14.111,3.819,0.0,True,learned_prefer
request complete,create continuation letter,0,1,0.0,1.6,14.111,3.819,0.0,True,learned_prefer
request complete,inform BAG administrator,0,1,0.0,1.6,14.111,3.819,0.0,True,learned_prefer
start WABOprocedure,submit draft decision,0,1,0.0,1.6,13.889,3.796,0.0,False,impossible
generating decision environmental permit,phase decision sent,0,1,0.0,1.6,13.889,3.796,0.0,True,learned_prefer
start WABOprocedure,terminate on request,0,1,0.0,1.6,13.889,3.796,0.0,True,learned_prefer
start WABOprocedure,treat subcases content,0,1,0.0,1.6,13.889,3.796,0.0,True,learned_prefer
generating decision environmental permit,send decision suspension,0,1,0.0,1.6,13.889,3.796,0.0,True,learned_prefer
start WABOprocedure,start phased application,0,1,0.0,1.6,13.889,3.796,0.0,True,learned_prefer
generating decision environmental permit,phase decision ready,0,1,0.0,1.6,13.889,3.796,0.0,True,learned_prefer
generating decision environmental permit,registrer date of publishing received request,0,1,0.0,1.6,13.889,3.796,0.0,True,learned_prefer
generating decision environmental permit,registration date publication,0,1,0.0,1.6,13.889,3.796,0.0,True,learned_prefer
generating decision environmental permit,set phase: phase permitting irrevocable,0,1,0.0,1.6,13.889,3.796,0.0,True,learned_prefer
generating decision environmental permit,phase draft decision made,0,1,0.0,1.6,13.889,3.796,0.0,True,learned_prefer
generating decision environmental permit,terminate on request,0,1,0.0,1.6,13.889,3.796,0.0,True,learned_prefer
generating decision environmental permit,subcase perspective complete,0,1,0.0,1.6,13.889,3.796,0.0,False,impossible
generating decision environmental permit,register deadline,0,1,0.0,1.6,13.889,3.796,0.0,True,learned_prefer
generating decision environmental permit,message change status,0,1,0.0,1.6,13.889,3.796,0.0,True,learned_prefer
generating decision environmental permit,create draft environtmental permit,0,1,0.0,1.6,13.889,3.796,0.0,False,impossible
generating decision environmental permit,calculate provisional charges,0,1,0.0,1.6,13.889,3.796,0.0,True,learned_prefer
generating decision environmental permit,close case,0,1,0.0,1.6,13.889,3.796,0.0,True,learned_prefer
generating decision environmental permit,generate publication document decision environmental permit,0,1,0.0,1.6,13.889,3.796,0.0,True,learned_prefer
generating decision environmental permit,generating decision environmental permit,0,1,0.0,1.6,13.889,3.796,0.0,True,learned_prefer
generating decision environmental permit,stop all running subcases 2b,0,1,0.0,1.6,13.889,3.796,0.0,True,learned_prefer
generating decision environmental permit,enter senddate decision suspension,0,1,0.0,1.6,13.889,3.796,0.0,True,learned_prefer
start WABOprocedure,create subcases content,0,1,0.0,1.6,13.889,3.796,0.0,True,learned_prefer
start WABOprocedure,create draft environtmental permit,0,1,0.0,1.6,13.889,3.796,0.0,True,learned_prefer
start WABOprocedure,publish,0,1,0.0,1.6,13.889,3.796,0.0,True,learned_prefer
start WABOprocedure,register submission date request,0,1,0.0,1.6,13.889,3.796,0.0,True,learned_prefer
start WABOprocedure,registration date publication,0,1,0.0,1.6,13.889,3.796,0.0,True,learned_prefer
start WABOprocedure,send procedure confirmation,0,1,0.0,1.6,13.889,3.796,0.0,True,learned_prefer
start WABOprocedure,set decision phase suspension sent,0,1,0.0,1.6,13.889,3.796,0.0,True,learned_prefer
start WABOprocedure,start decisionphase draft decision - permitting decided,0,1,0.0,1.6,13.889,3.796,0.0,True,learned_prefer
start WABOprocedure,initiative competent authority,0,1,0.0,1.6,13.889,3.796,0.0,True,learned_prefer
start WABOprocedure,partly permit application,0,1,0.0,1.6,13.889,3.796,0.0,False,impossible
start WABOprocedure,enter receipt of additional data,0,1,0.0,1.6,13.889,3.796,0.0,False,impossible
start WABOprocedure,enter senddate retrieve missing data,0,1,0.0,1.6,13.889,3.796,0.0,True,learned_prefer
start WABOprocedure,completed subcases content,0,1,0.0,1.6,13.889,3.796,0.0,True,learned_prefer
start WABOprocedure,coordination of application,0,1,0.0,1.6,13.889,3.796,0.0,True,learned_prefer
start WABOprocedure,date for inspection MER,0,1,0.0,1.6,13.889,3.796,0.0,True,learned_prefer
start WABOprocedure,creating environmental permit decision,0,1,0.0,1.6,13.889,3.796,0.0,True,learned_prefer
start WABOprocedure,phase archived case,0,1,0.0,1.6,13.889,3.796,0.0,True,learned_prefer
start WABOprocedure,phase decision taken,0,1,0.0,1.6,13.889,3.796,0.0,True,learned_prefer
start WABOprocedure,phase activity no permit required,0,1,0.0,1.6,13.889,3.796,0.0,False,impossible
start WABOprocedure,phase application received,0,1,0.0,1.6,13.889,3.796,0.0,True,learned_prefer
start WABOprocedure,phase draft decision ready,0,1,0.0,1.6,13.889,3.796,0.0,True,learned_prefer
start WABOprocedure,procedure change,0,1,0.0,1.6,13.889,3.796,0.0,True,learned_prefer
generating decision environmental permit,enter senddate procedure confirmation,0,1,0.0,1.6,13.889,3.796,0.0,True,learned_prefer
generating decision environmental permit,phase application received,0,1,0.0,1.6,13.889,3.796,0.0,True,learned_prefer
generating decision environmental permit,objection lodged against decision,0,1,0.0,1.6,13.889,3.796,0.0,True,learned_prefer
generating decision environmental permit,phase decision taken,0,1,0.0,1.6,13.889,3.796,0.0,True,learned_prefer
start WABOprocedure,term for supplying missing data,0,1,0.0,1.6,13.889,3.796,0.0,True,learned_prefer
start WABOprocedure,article 34  WABO applies,0,1,0.0,1.6,13.889,3.796,0.0,True,learned_prefer
generating decision environmental permit,enter senddate request termination,0,1,0.0,1.6,13.889,3.796,0.0,True,learned_prefer
enter senddate procedure confirmation,enter senddate decision procedure term extension,0,1,0.0,1.7,13.222,3.725,0.0,True,learned_prefer
enter senddate procedure confirmation,inform BAG administrator,0,1,0.0,1.7,13.222,3.725,0.0,True,learned_prefer
enter senddate procedure confirmation,investigate BAG objects,0,1,0.0,1.7,13.222,3.725,0.0,True,learned_prefer
enter senddate procedure confirmation,enter senddate decision permanent suspension,0,1,0.0,1.7,13.222,3.725,0.0,True,learned_prefer
enter senddate procedure confirmation,phase application received,0,1,0.0,1.7,13.222,3.725,0.0,True,learned_prefer
enter senddate procedure confirmation,publication date draft decision,0,1,0.0,1.7,13.222,3.725,0.0,True,learned_prefer
enter senddate procedure confirmation,enter senddate decision environmental permit,0,1,0.0,1.7,13.222,3.725,0.0,True,learned_prefer
enter senddate procedure confirmation,receive additional information,0,1,0.0,1.7,13.222,3.725,0.0,True,learned_prefer
enter senddate procedure confirmation,reception through OLO,0,1,0.0,1.7,13.222,3.725,0.0,True,learned_prefer
enter senddate procedure confirmation,register date decision terminate on request,0,1,0.0,1.7,13.222,3.725,0.0,True,learned_prefer
enter senddate procedure confirmation,register date environmental permit decision,0,1,0.0,1.7,13.222,3.725,0.0,True,learned_prefer
enter senddate procedure confirmation,register deadline,0,1,0.0,1.7,13.222,3.725,0.0,True,learned_prefer
enter senddate procedure confirmation,article 34  WABO applies,0,1,0.0,1.7,13.222,3.725,0.0,True,learned_prefer
enter senddate procedure confirmation,completed subcases content,0,1,0.0,1.7,13.222,3.725,0.0,True,learned_prefer
enter senddate procedure confirmation,extend procedure term,0,1,0.0,1.7,13.222,3.725,0.0,True,learned_prefer
enter senddate procedure confirmation,publish,0,1,0.0,1.7,13.222,3.725,0.0,True,learned_prefer
enter senddate procedure confirmation,create letter requesting missing data,0,1,0.0,1.7,13.222,3.725,0.0,True,learned_prefer
enter senddate procedure confirmation,create publication document,0,1,0.0,1.7,13.222,3.725,0.0,True,learned_prefer
enter senddate procedure confirmation,MER required,0,1,0.0,1.7,13.222,3.725,0.0,False,impossible
enter senddate procedure confirmation,OLO messaging active,0,1,0.0,1.7,13.222,3.725,0.0,True,learned_prefer
enter senddate procedure confirmation,procedure change,0,1,0.0,1.7,13.222,3.725,0.0,True,learned_prefer
enter senddate procedure confirmation,enter senddate decision suspension,0,1,0.0,1.7,13.222,3.725,0.0,True,learned_prefer
enter senddate procedure confirmation,enter senddate updated plan,0,1,0.0,1.7,13.222,3.725,0.0,True,learned_prefer
enter senddate procedure confirmation,entering senddate draft decision environmental permit,0,1,0.0,1.7,13.222,3.725,0.0,True,learned_prefer
enter senddate procedure confirmation,generating decision environmental permit,0,1,0.0,1.7,13.222,3.725,0.0,True,learned_prefer
enter senddate procedure confirmation,start decision phase decision permitting sent,0,1,0.0,1.7,13.222,3.725,0.0,True,learned_prefer
enter senddate procedure confirmation,set decision phase decision permitting decided,0,1,0.0,1.7,13.222,3.725,0.0,True,learned_prefer
enter senddate procedure confirmation,registrer date of publishing received request,0,1,0.0,1.7,13.222,3.725,0.0,True,learned_prefer
enter senddate procedure confirmation,regular procedure applies,0,1,0.0,1.7,13.222,3.725,0.0,True,learned_prefer
enter senddate procedure confirmation,enter date termination request received,0,1,0.0,1.7,13.222,3.725,0.0,True,learned_prefer
enter senddate procedure confirmation,enter date draft decisionenvironmental permit,0,1,0.0,1.7,13.222,3.725,0.0,True,learned_prefer
enter senddate procedure confirmation,detailed procedure applies,0,1,0.0,1.7,13.222,3.725,0.0,True,learned_prefer
enter senddate procedure confirmation,date for inspection MER,0,1,0.0,1.7,13.222,3.725,0.0,True,learned_prefer
enter senddate procedure confirmation,request complete,0,1,0.0,1.7,13.222,3.725,0.0,True,learned_prefer
enter senddate procedure confirmation,date draft decision for inspection,0,1,0.0,1.7,13.222,3.725,0.0,True,learned_prefer
phase decision ready,send procedure confirmation,0,1,0.0,1.8,12.778,3.676,0.0,True,learned_prefer
phase decision ready,set decision phase: draft decision for inspection,0,1,0.0,1.8,12.778,3.676,0.0,False,impossible
phase decision ready,set decision phase: suspension cancelled,0,1,0.0,1.8,12.778,3.676,0.0,True,learned_prefer
phase decision ready,set decision status,0,1,0.0,1.8,12.778,3.676,0.0,True,learned_prefer
phase decision ready,start WABOprocedure,0,1,0.0,1.8,12.778,3.676,0.0,True,learned_prefer
phase decision ready,start decision phase decision permitting sent,0,1,0.0,1.8,12.778,3.676,0.0,True,learned_prefer
phase decision ready,stop all running subcases 2b,0,1,0.0,1.8,12.778,3.676,0.0,True,learned_prefer
phase decision ready,subcases completed present decision,0,1,0.0,1.8,12.778,3.676,0.0,False,impossible
phase decision ready,transcript decision environmental permit to stakeholders,0,1,0.0,1.8,12.778,3.676,0.0,True,learned_prefer
phase decision ready,treat subcase suspension art. 35 WABO,0,1,0.0,1.8,12.778,3.676,0.0,True,learned_prefer
create publication document,completed subcases content,0,1,0.0,1.8,12.778,3.676,0.0,True,learned_prefer
create publication document,assessment of content completed,0,1,0.0,1.8,12.778,3.676,0.0,True,learned_prefer
phase decision ready,set decision phase decision permitting decided,0,1,0.0,1.8,12.778,3.676,0.0,True,learned_prefer
create publication document,set decision phase: suspension cancelled,0,1,0.0,1.8,12.778,3.676,0.0,True,learned_prefer
create publication document,create draft environtmental permit,0,1,0.0,1.8,12.778,3.676,0.0,True,learned_prefer
create publication document,date draft decision for inspection,0,1,0.0,1.8,12.778,3.676,0.0,True,learned_prefer
create publication document,appeal logded,0,1,0.0,1.8,12.778,3.676,0.0,True,learned_prefer
create publication document,enter senddate acknowledgement,0,1,0.0,1.8,12.778,3.676,0.0,True,learned_prefer
create publication document,enter date publication decision environmental permit,0,1,0.0,1.8,12.778,3.676,0.0,True,learned_prefer
create publication document,decision date prior to decision,0,1,0.0,1.8,12.778,3.676,0.0,True,learned_prefer
create publication document,OLO messaging active,0,1,0.0,1.8,12.778,3.676,0.0,True,learned_prefer
phase decision ready,set phase: phase permitting irrevocable,0,1,0.0,1.8,12.778,3.676,0.0,False,impossible
phase decision ready,enter senddate acknowledgement,0,1,0.0,1.8,12.778,3.676,0.0,False,impossible
phase decision ready,enter senddate draft decision,0,1,0.0,1.8,12.778,3.676,0.0,True,learned_prefer
phase decision ready,continuation term to decision,0,1,0.0,1.8,12.778,3.676,0.0,False,impossible
phase decision ready,close case,0,1,0.0,1.8,12.778,3.676,0.0,True,learned_prefer
phase decision ready,change authorized,0,1,0.0,1.8,12.778,3.676,0.0,False,impossible
phase decision ready,assessment of content completed,0,1,0.0,1.8,12.778,3.676,0.0,True,learned_prefer
phase decision ready,create decision procedure term extension,0,1,0.0,1.8,12.778,3.676,0.0,True,learned_prefer
create publication document,phase application received,0,1,0.0,1.8,12.778,3.676,0.0,True,learned_prefer
create publication document,phase permanently suspended,0,1,0.0,1.8,12.778,3.676,0.0,True,learned_prefer
create publication document,received OLO documents,0,1,0.0,1.8,12.778,3.676,0.0,False,impossible
create publication document,register deadline,0,1,0.0,1.8,12.778,3.676,0.0,True,learned_prefer
create publication document,register number of days extension period,0,1,0.0,1.8,12.778,3.676,0.0,False,impossible
create publication document,initiative competent authority,0,1,0.0,1.8,12.778,3.676,0.0,True,learned_prefer
create publication document,entering senddate draft decision environmental permit,0,1,0.0,1.8,12.778,3.676,0.0,True,learned_prefer
create publication document,investigate BAG objects,0,1,0.0,1.8,12.778,3.676,0.0,True,learned_prefer
create publication document,phase decision ready,0,1,0.0,1.8,12.778,3.676,0.0,True,learned_prefer
create publication document,objection lodged against decision,0,1,0.0,1.8,12.778,3.676,0.0,True,learned_prefer
create publication document,set phase: phase permitting irrevocable,0,1,0.0,1.8,12.778,3.676,0.0,True,learned_prefer
create publication document,registration date publication,0,1,0.0,1.8,12.778,3.676,0.0,True,learned_prefer
create publication document,set decision phase decision permitting decided,0,1,0.0,1.8,12.778,3.676,0.0,True,learned_prefer
create publication document,phase advice known,0,1,0.0,1.8,12.778,3.676,0.0,True,learned_prefer
create publication document,perspective on draft decision environmental permit received,0,1,0.0,1.8,12.778,3.676,0.0,True,learned_prefer
phase decision ready,enter senddate procedure term extension,0,1,0.0,1.8,12.778,3.676,0.0,False,impossible
phase decision ready,received OLO documents,0,1,0.0,1.8,12.778,3.676,0.0,True,learned_prefer
phase decision ready,read publication date field,0,1,0.0,1.8,12.778,3.676,0.0,True,learned_prefer
phase decision ready,enter publication date draft decision,0,1,0.0,1.8,12.778,3.676,0.0,True,learned_prefer
phase decision ready,enter date publication decision environmental permit,0,1,0.0,1.8,12.778,3.676,0.0,True,learned_prefer
phase decision ready,objection lodged against decision,0,1,0.0,1.8,12.778,3.676,0.0,True,learned_prefer
phase decision ready,phase archived case,0,1,0.0,1.8,12.778,3.676,0.0,True,learned_prefer
phase decision ready,phase concept draft decision ready,0,1,0.0,1.8,12.778,3.676,0.0,False,impossible
phase decision ready,create monitoring case,0,1,0.0,1.8,12.778,3.676,0.0,True,learned_prefer
phase decision ready,creating environmental permit decision,0,1,0.0,1.8,12.778,3.676,0.0,True,learned_prefer
phase decision ready,treat subcases completeness,0,1,0.0,1.8,12.778,3.676,0.0,True,learned_prefer
phase decision ready,phase procedure term resumed,0,1,0.0,1.8,12.778,3.676,0.0,False,impossible
create publication document,treat subcases completeness,0,1,0.0,1.8,12.778,3.676,0.0,True,learned_prefer
create publication document,phase updated plan received,0,1,0.0,1.8,12.778,3.676,0.0,False,impossible
create publication document,start decision phase decision permitting sent,0,1,0.0,1.8,12.778,3.676,0.0,True,learned_prefer
create publication document,suspend term,0,1,0.0,1.8,12.778,3.676,0.0,True,learned_prefer
phase decision ready,enter senddate procedure confirmation,0,1,0.0,1.8,12.778,3.676,0.0,False,impossible
phase decision ready,phase decision taken,0,1,0.0,1.8,12.778,3.676,0.0,True,learned_prefer
phase decision ready,register deadline,0,1,0.0,1.8,12.778,3.676,0.0,True,learned_prefer
assessment of content completed,registration date publication,0,1,0.0,1.8,12.556,3.65,0.0,True,learned_prefer
assessment of content completed,send design decision to stakeholders,0,1,0.0,1.8,12.556,3.65,0.0,True,learned_prefer
assessment of content completed,phase asked additional information,0,1,0.0,1.8,12.556,3.65,0.0,True,learned_prefer
assessment of content completed,phase application received,0,1,0.0,1.8,12.556,3.65,0.0,True,learned_prefer
assessment of content completed,phase advice known,0,1,0.0,1.8,12.556,3.65,0.0,True,learned_prefer
assessment of content completed,phase concept decision ready,0,1,0.0,1.8,12.556,3.65,0.0,True,learned_prefer
assessment of content completed,phase concept draft decision ready,0,1,0.0,1.8,12.556,3.65,0.0,True,learned_prefer
assessment of content completed,suspend term,0,1,0.0,1.8,12.556,3.65,0.0,True,learned_prefer
assessment of content completed,enter senddate acknowledgement,0,1,0.0,1.8,12.556,3.65,0.0,False,impossible
assessment of content completed,close case,0,1,0.0,1.8,12.556,3.65,0.0,True,learned_prefer
assessment of content completed,ask stakeholders views,0,1,0.0,1.8,12.556,3.65,0.0,True,learned_prefer
assessment of content completed,set decision phase suspension decided,0,1,0.0,1.8,12.556,3.65,0.0,False,impossible
assessment of content completed,phase decision irrevocable,0,1,0.0,1.8,12.556,3.65,0.0,False,impossible
assessment of content completed,terminate on request,0,1,0.0,1.8,12.556,3.65,0.0,True,learned_prefer
assessment of content completed,treat subcase suspension art. 33 WABO,0,1,0.0,1.8,12.556,3.65,0.0,True,learned_prefer
assessment of content completed,treat subcases completeness,0,1,0.0,1.8,12.556,3.65,0.0,True,learned_prefer
assessment of content completed,creating decision suspension art. 33 WABO,0,1,0.0,1.8,12.556,3.65,0.0,False,impossible
assessment of content completed,enrich draft decision,0,1,0.0,1.8,12.556,3.65,0.0,True,learned_prefer
assessment of content completed,enter date publication decision environmental permit,0,1,0.0,1.8,12.556,3.65,0.0,False,impossible
assessment of content completed,send decision suspension,0,1,0.0,1.8,12.556,3.65,0.0,True,learned_prefer
assessment of content completed,phase updated plan received,0,1,0.0,1.8,12.556,3.65,0.0,True,learned_prefer
assessment of content completed,start decisionphase draft decision - permitting decided,0,1,0.0,1.8,12.556,3.65,0.0,True,learned_prefer
assessment of content completed,subcase art. 33 WABO completed,0,1,0.0,1.8,12.556,3.65,0.0,True,learned_prefer
assessment of content completed,phase procedure extended,0,1,0.0,1.8,12.556,3.65,0.0,True,learned_prefer
assessment of content completed,phase draft decision made,0,1,0.0,1.8,12.556,3.65,0.0,True,learned_prefer
assessment of content completed,enter senddate procedure term extension,0,1,0.0,1.8,12.556,3.65,0.0,False,impossible
assessment of content completed,generating decision environmental permit,0,1,0.0,1.8,12.556,3.65,0.0,True,learned_prefer
assessment of content completed,objection lodged against decision,0,1,0.0,1.8,12.556,3.65,0.0,False,impossible
assessment of content completed,submit draft decision,0,1,0.0,1.8,12.556,3.65,0.0,True,learned_prefer
assessment of content completed,submit decision,0,1,0.0,1.8,12.556,3.65,0.0,True,learned_prefer
assessment of content completed,phase additional information received,0,1,0.0,1.8,12.556,3.65,0.0,True,learned_prefer
assessment of content completed,determine cause for suspension article 34 WABO,0,1,0.0,1.8,12.556,3.65,0.0,True,learned_prefer
set decision status,phase application received,0,2,0.0,2.2,12.467,3.64,0.0,True,learned_prefer
set decision status,phase decision sent,0,2,0.0,2.2,12.467,3.64,0.0,True,learned_prefer
set decision status,phase decision suspended,0,2,0.0,2.2,12.467,3.64,0.0,True,learned_prefer
set decision status,send procedure confirmation,0,2,0.0,2.2,12.467,3.64,0.0,True,learned_prefer
set decision status,register deadline,0,2,0.0,2.2,12.467,3.64,0.0,True,learned_prefer
set decision status,decision keep permanently suspended,0,2,0.0,2.2,12.467,3.64,0.0,True,learned_prefer
set decision status,creating decision suspension art. 33 WABO,0,2,0.0,2.2,12.467,3.64,0.0,True,learned_prefer
set decision status,creating decision procedure term extension,0,2,0.0,2.2,12.467,3.64,0.0,True,learned_prefer
set decision status,entering senddate draft decision environmental permit,0,2,0.0,2.2,12.467,3.64,0.0,True,learned_prefer
set decision status,completed subcases content,0,2,0.0,2.2,12.467,3.64,0.0,True,learned_prefer
set decision status,enter date decision procedure term extension,0,2,0.0,2.2,12.467,3.64,0.0,True,learned_prefer
set decision status,enter senddate decision environmental permit,0,2,0.0,2.2,12.467,3.64,0.0,True,learned_prefer
set decision status,enter enddate suspension art. 33 WABO,0,2,0.0,2.2,12.467,3.64,0.0,False,impossible
set decision status,set decision phase: draft decision for inspection,0,2,0.0,2.2,12.467,3.64,0.0,False,impossible
set decision status,record date of decision environmental permit,0,2,0.0,2.2,12.467,3.64,0.0,True,learned_prefer
set decision status,submit decision,0,2,0.0,2.2,12.467,3.64,0.0,True,learned_prefer
set decision status,transcript decision environmental permit to stakeholders,0,2,0.0,2.2,12.467,3.64,0.0,True,learned_prefer
set decision status,generating decision no permit required,0,2,0.0,2.2,12.467,3.64,0.0,True,learned_prefer
OLO messaging active,phase application received,7,4,100.0,7.3,12.333,3.624,0.25,True,learned_prefer
send procedure confirmation,enter senddate acknowledgement,0,1,0.0,1.9,12.111,3.598,0.0,True,learned_prefer
send procedure confirmation,enter senddate decision environmental permit,0,1,0.0,1.9,12.111,3.598,0.0,True,learned_prefer
send procedure confirmation,transcript decision environmental permit to stakeholders,0,1,0.0,1.9,12.111,3.598,0.0,True,learned_prefer
send procedure confirmation,terminate on request,0,1,0.0,1.9,12.111,3.598,0.0,True,learned_prefer
send procedure confirmation,treat subcases completeness,0,1,0.0,1.9,12.111,3.598,0.0,True,learned_prefer
send procedure confirmation,phase asked additional information,0,1,0.0,1.9,12.111,3.598,0.0,True,learned_prefer
send procedure confirmation,completed subcases content,0,1,0.0,1.9,12.111,3.598,0.0,True,learned_prefer
send procedure confirmation,date for inspection MER,0,1,0.0,1.9,12.111,3.598,0.0,True,learned_prefer
send procedure confirmation,detailed procedure applies,0,1,0.0,1.9,12.111,3.598,0.0,True,learned_prefer
send procedure confirmation,set decision status,0,1,0.0,1.9,12.111,3.598,0.0,True,learned_prefer
send procedure confirmation,enter senddate retrieve missing data,0,1,0.0,1.9,12.111,3.598,0.0,True,learned_prefer
send procedure confirmation,environmental permit irrevocable,0,1,0.0,1.9,12.111,3.598,0.0,True,learned_prefer
send procedure confirmation,phase archived case,0,1,0.0,1.9,12.111,3.598,0.0,True,learned_prefer
send procedure confirmation,request complete,0,1,0.0,1.9,12.111,3.598,0.0,True,learned_prefer
send procedure confirmation,term for supplying missing data,0,1,0.0,1.9,12.111,3.598,0.0,True,learned_prefer
send procedure confirmation,stop all running subcases 2b,0,1,0.0,1.9,12.111,3.598,0.0,False,impossible
send procedure confirmation,send letter in progress,0,1,0.0,1.9,12.111,3.598,0.0,True,learned_prefer
send procedure confirmation,registration date publication,0,1,0.0,1.9,12.111,3.598,0.0,True,learned_prefer
send procedure confirmation,extend procedure term,0,1,0.0,1.9,12.111,3.598,0.0,True,learned_prefer
send procedure confirmation,generate draft decision environmental permit,0,1,0.0,1.9,12.111,3.598,0.0,False,impossible
send procedure confirmation,reception through OLO,0,1,0.0,1.9,12.111,3.598,0.0,False,impossible
completed subcases content,send procedure confirmation,0,2,0.0,2.3,11.667,3.544,0.0,True,learned_prefer
completed subcases content,enter senddate procedure confirmation,0,2,0.0,2.3,11.667,3.544,0.0,False,impossible
completed subcases content,enter senddate continuation,0,2,0.0,2.3,11.667,3.544,0.0,True,learned_prefer
completed subcases content,set decision phase suspension decided,0,2,0.0,2.3,11.667,3.544,0.0,True,learned_prefer
completed subcases content,enter date decision suspension,0,2,0.0,2.3,11.667,3.544,0.0,False,impossible
completed subcases content,create decision no permit required,0,2,0.0,2.3,11.667,3.544,0.0,True,learned_prefer
completed subcases content,treat subcases content,0,2,0.0,2.3,11.667,3.544,0.0,True,learned_prefer
completed subcases content,phase application receptive,0,2,0.0,2.3,11.667,3.544,0.0,True,learned_prefer
completed subcases content,request further information,0,2,0.0,2.3,11.667,3.544,0.0,True,learned_prefer
completed subcases content,register deadline,0,2,0.0,2.3,11.667,3.544,0.0,False,impossible
completed subcases content,by law,0,2,0.0,2.3,11.667,3.544,0.0,True,learned_prefer
completed subcases content,creating decision procedure term extension,0,2,0.0,2.3,11.667,3.544,0.0,True,learned_prefer
completed subcases content,assessment of content completed,0,2,0.0,2.3,11.667,3.544,0.0,True,learned_prefer
completed subcases content,new decision or reassessment,0,2,0.0,2.3,11.667,3.544,0.0,False,impossible
completed subcases content,further information received,0,2,0.0,2.3,11.667,3.544,0.0,True,learned_prefer
completed subcases content,creating cover letter decision,0,2,0.0,2.3,11.667,3.544,0.0,True,learned_prefer
completed subcases content,creating decision suspension 35 WABO,0,2,0.0,2.3,11.667,3.544,0.0,False,impossible
receive additional information,inform BAG administrator,0,1,0.0,2.0,11.444,3.517,0.0,True,learned_prefer
receive additional information,initiative competent authority,0,1,0.0,2.0,11.444,3.517,0.0,True,learned_prefer
receive additional information,start decision phase permanently suspended decided,0,1,0.0,2.0,11.444,3.517,0.0,True,learned_prefer
receive additional information,enter senddate procedure term extension,0,1,0.0,2.0,11.444,3.517,0.0,False,impossible
receive additional information,start decision phase extension granted,0,1,0.0,2.0,11.444,3.517,0.0,True,learned_prefer
receive additional information,stop all running subcases 2b,0,1,0.0,2.0,11.444,3.517,0.0,False,impossible
receive additional information,stop suspended completeness subcases,0,1,0.0,2.0,11.444,3.517,0.0,True,learned_prefer
receive additional information,subcases completeness completed,0,1,0.0,2.0,11.444,3.517,0.0,True,learned_prefer
receive additional information,treat subcases completeness,0,1,0.0,2.0,11.444,3.517,0.0,True,learned_prefer
receive additional information,enter senddate updated plan,0,1,0.0,2.0,11.444,3.517,0.0,True,learned_prefer
receive additional information,enter objectionterm,0,1,0.0,2.0,11.444,3.517,0.0,True,learned_prefer
receive additional information,enter receipt of additional data,0,1,0.0,2.0,11.444,3.517,0.0,True,learned_prefer
receive additional information,phase application receptive,0,1,0.0,2.0,11.444,3.517,0.0,True,learned_prefer
receive additional information,enter date advice on treatment of environmental permit,0,1,0.0,2.0,11.444,3.517,0.0,True,learned_prefer
receive additional information,create subcases completeness,0,1,0.0,2.0,11.444,3.517,0.0,True,learned_prefer
receive additional information,creating environmental permit decision,0,1,0.0,2.0,11.444,3.517,0.0,True,learned_prefer
receive additional information,enter senddate decision permanent suspension,0,1,0.0,2.0,11.444,3.517,0.0,True,learned_prefer
receive additional information,applicant is stakeholder,0,1,0.0,2.0,11.444,3.517,0.0,True,learned_prefer
receive additional information,completed subcases content,0,1,0.0,2.0,11.444,3.517,0.0,True,learned_prefer
receive additional information,enter senddate decision procedure term extension,0,1,0.0,2.0,11.444,3.517,0.0,True,learned_prefer
decision date prior to decision,creating cover letter decision,0,1,0.0,2.0,11.222,3.488,0.0,True,learned_prefer
decision date prior to decision,creating environmental permit decision,0,1,0.0,2.0,11.222,3.488,0.0,True,learned_prefer
decision date prior to decision,updated plan received,0,1,0.0,2.0,11.222,3.488,0.0,True,learned_prefer
decision date prior to decision,create subcases present decision,0,1,0.0,2.0,11.222,3.488,0.0,True,learned_prefer
decision date prior to decision,OLO messaging active,0,1,0.0,2.0,11.222,3.488,0.0,True,learned_prefer
decision date prior to decision,phase application receptive,0,1,0.0,2.0,11.222,3.488,0.0,True,learned_prefer
extend procedure term,keep permanently suspended,0,1,0.0,2.0,11.222,3.488,0.0,False,impossible
extend procedure term,inform BAG administrator,0,1,0.0,2.0,11.222,3.488,0.0,True,learned_prefer
extend procedure term,generate draft decision environmental permit,0,1,0.0,2.0,11.222,3.488,0.0,True,learned_prefer
extend procedure term,article 34  WABO applies,0,1,0.0,2.0,11.222,3.488,0.0,True,learned_prefer
decision date prior to decision,procedure change after completeness,0,1,0.0,2.0,11.222,3.488,0.0,True,learned_prefer
decision date prior to decision,phase updated plan received,0,1,0.0,2.0,11.222,3.488,0.0,False,impossible
decision date prior to decision,phase objection filed,0,1,0.0,2.0,11.222,3.488,0.0,False,impossible
decision date prior to decision,phase decision taken,0,1,0.0,2.0,11.222,3.488,0.0,True,learned_prefer
register date environmental permit decision,register deadline,0,1,0.0,2.0,11.222,3.488,0.0,True,learned_prefer
extend procedure term,objection to permanent suspension received,0,1,0.0,2.0,11.222,3.488,0.0,True,learned_prefer
extend procedure term,ask stakeholders views,0,1,0.0,2.0,11.222,3.488,0.0,True,learned_prefer
extend procedure term,close case,0,1,0.0,2.0,11.222,3.488,0.0,True,learned_prefer
register date environmental permit decision,decided on draft decision environmental permit,0,1,0.0,2.0,11.222,3.488,0.0,True,learned_prefer
register date environmental permit decision,register objection and appeal periods,0,1,0.0,2.0,11.222,3.488,0.0,True,learned_prefer
register date environmental permit decision,enter senddate acknowledgement,0,1,0.0,2.0,11.222,3.488,0.0,True,learned_prefer
register date environmental permit decision,retrieve missing data,0,1,0.0,2.0,11.222,3.488,0.0,True,learned_prefer
register date environmental permit decision,request complete,0,1,0.0,2.0,11.222,3.488,0.0,True,learned_prefer
register date environmental permit decision,register submission date request,0,1,0.0,2.0,11.222,3.488,0.0,True,learned_prefer
register date environmental permit decision,publish official draft decision,0,1,0.0,2.0,11.222,3.488,0.0,False,impossible
register date environmental permit decision,perspective from GS or VROM received,0,1,0.0,2.0,11.222,3.488,0.0,False,impossible
register date environmental permit decision,send procedure confirmation,0,1,0.0,2.0,11.222,3.488,0.0,True,learned_prefer
register date environmental permit decision,send letter in progress,0,1,0.0,2.0,11.222,3.488,0.0,True,learned_prefer
register date environmental permit decision,enter senddate decision environmental permit,0,1,0.0,2.0,11.222,3.488,0.0,True,learned_prefer
register date environmental permit decision,enter senddate decision,0,1,0.0,2.0,11.222,3.488,0.0,True,learned_prefer
extend procedure term,procedure change after completeness,0,1,0.0,2.0,11.222,3.488,0.0,False,impossible
extend procedure term,register number of days extension period,0,1,0.0,2.0,11.222,3.488,0.0,True,learned_prefer
extend procedure term,retrieve missing data,0,1,0.0,2.0,11.222,3.488,0.0,True,learned_prefer
extend procedure term,send suspension by competent authority,0,1,0.0,2.0,11.222,3.488,0.0,True,learned_prefer
extend procedure term,set decision status,0,1,0.0,2.0,11.222,3.488,0.0,True,learned_prefer
extend procedure term,decision permanently suspended,0,1,0.0,2.0,11.222,3.488,0.0,True,learned_prefer
extend procedure term,enter date advice on treatment of environmental permit,0,1,0.0,2.0,11.222,3.488,0.0,True,learned_prefer
extend procedure term,enter date publication decision environmental permit,0,1,0.0,2.0,11.222,3.488,0.0,True,learned_prefer
extend procedure term,create letter requesting missing data,0,1,0.0,2.0,11.222,3.488,0.0,True,learned_prefer
register date environmental permit decision,subcases completeness completed,0,1,0.0,2.0,11.222,3.488,0.0,True,learned_prefer
register date environmental permit decision,suspend term,0,1,0.0,2.0,11.222,3.488,0.0,True,learned_prefer
register date environmental permit decision,suspension ground applicable,0,1,0.0,2.0,11.222,3.488,0.0,True,learned_prefer
extend procedure term,regular procedure applies,0,1,0.0,2.0,11.222,3.488,0.0,True,learned_prefer
extend procedure term,suspension ground applicable,0,1,0.0,2.0,11.222,3.488,0.0,True,learned_prefer
extend procedure term,perspective on draft decision environmental permit received,0,1,0.0,2.0,11.222,3.488,0.0,True,learned_prefer
extend procedure term,procedure change,0,1,0.0,2.0,11.222,3.488,0.0,True,learned_prefer
decision date prior to decision,register date environmental permit decision,0,1,0.0,2.0,11.222,3.488,0.0,True,learned_prefer
extend procedure term,enter receipt of additional data,0,1,0.0,2.0,11.222,3.488,0.0,True,learned_prefer
extend procedure term,enter senddate procedure confirmation,0,1,0.0,2.0,11.222,3.488,0.0,True,learned_prefer
extend procedure term,enter senddate procedure term extension,0,1,0.0,2.0,11.222,3.488,0.0,True,learned_prefer
decision date prior to decision,record date of decision no permit required,0,1,0.0,2.0,11.222,3.488,0.0,True,learned_prefer
decision date prior to decision,received OLO documents,0,1,0.0,2.0,11.222,3.488,0.0,True,learned_prefer
decision date prior to decision,suspension ground applicable,0,1,0.0,2.0,11.222,3.488,0.0,True,learned_prefer
decision date prior to decision,set decision status,0,1,0.0,2.0,11.222,3.488,0.0,True,learned_prefer
decision date prior to decision,set decision phase: suspension cancelled,0,1,0.0,2.0,11.222,3.488,0.0,True,learned_prefer
decision date prior to decision,send procedure confirmation,0,1,0.0,2.0,11.222,3.488,0.0,True,learned_prefer
decision date prior to decision,send letter in progress,0,1,0.0,2.0,11.222,3.488,0.0,True,learned_prefer
decision date prior to decision,send decision suspension,0,1,0.0,2.0,11.222,3.488,0.0,False,impossible
decision date prior to decision,resume completeness subcases,0,1,0.0,2.0,11.222,3.488,0.0,True,learned_prefer
decision date prior to decision,regular procedure without MER,0,1,0.0,2.0,11.222,3.488,0.0,True,learned_prefer
decision date prior to decision,register objection and appeal periods,0,1,0.0,2.0,11.222,3.488,0.0,True,learned_prefer
decision date prior to decision,register number of days extension period,0,1,0.0,2.0,11.222,3.488,0.0,True,learned_prefer
decision date prior to decision,coordination of application,0,1,0.0,2.0,11.222,3.488,0.0,True,learned_prefer
decision date prior to decision,create subcases completeness,0,1,0.0,2.0,11.222,3.488,0.0,True,learned_prefer
decision date prior to decision,create cover letter permanent suspension,0,1,0.0,2.0,11.222,3.488,0.0,True,learned_prefer
decision date prior to decision,create decision no permit required,0,1,0.0,2.0,11.222,3.488,0.0,False,impossible
decision date prior to decision,enter publication date draft decision,0,1,0.0,2.0,11.222,3.488,0.0,False,impossible
decision date prior to decision,enter senddate decision suspension,0,1,0.0,2.0,11.222,3.488,0.0,True,learned_prefer
register date environmental permit decision,message request advice,0,1,0.0,2.0,11.222,3.488,0.0,True,learned_prefer
decision date prior to decision,enter date publication decision environmental permit,0,1,0.0,2.0,11.222,3.488,0.0,False,impossible
decision date prior to decision,submit decision,0,1,0.0,2.0,11.222,3.488,0.0,True,learned_prefer
decision date prior to decision,start WABOprocedure,0,1,0.0,2.0,11.222,3.488,0.0,True,learned_prefer
decision date prior to decision,subcase art. 33 WABO completed,0,1,0.0,2.0,11.222,3.488,0.0,True,learned_prefer
decision date prior to decision,subcases completeness completed,0,1,0.0,2.0,11.222,3.488,0.0,True,learned_prefer
register date environmental permit decision,appeal logded,0,1,0.0,2.0,11.222,3.488,0.0,True,learned_prefer
register date environmental permit decision,creating environmental permit decision,0,1,0.0,2.0,11.222,3.488,0.0,True,learned_prefer
register date environmental permit decision,message change status,0,1,0.0,2.0,11.222,3.488,0.0,True,learned_prefer
send confirmation receipt,send letter in progress,0,1,0.0,1.2,10.867,3.442,0.0,True,learned_prefer
send confirmation receipt,treat subcases completeness,0,1,0.0,1.2,10.867,3.442,0.0,True,learned_prefer
send confirmation receipt,regular procedure without MER,0,1,0.0,1.2,10.867,3.442,0.0,True,learned_prefer
send confirmation receipt,request complete,0,1,0.0,1.2,10.867,3.442,0.0,True,learned_prefer
send confirmation receipt,resume completeness subcases,0,1,0.0,1.2,10.867,3.442,0.0,True,learned_prefer
send confirmation receipt,set decision status,0,1,0.0,1.2,10.867,3.442,0.0,True,learned_prefer
send confirmation receipt,read field phased application,0,1,0.0,1.2,10.867,3.442,0.0,True,learned_prefer
send confirmation receipt,start WABOprocedure,0,1,0.0,1.2,10.867,3.442,0.0,True,learned_prefer
send confirmation receipt,suspend term,0,1,0.0,1.2,10.867,3.442,0.0,True,learned_prefer
send confirmation receipt,create procedure confirmation,0,1,0.0,1.2,10.867,3.442,0.0,True,learned_prefer
send confirmation receipt,create letter no permit or only notification required,0,1,0.0,1.2,10.867,3.442,0.0,True,learned_prefer
send confirmation receipt,create draft environtmental permit,0,1,0.0,1.2,10.867,3.442,0.0,True,learned_prefer
send confirmation receipt,completed subcases content,0,1,0.0,1.2,10.867,3.442,0.0,True,learned_prefer
send confirmation receipt,close case,0,1,0.0,1.2,10.867,3.442,0.0,False,impossible
send confirmation receipt,ask stakeholders views,0,1,0.0,1.2,10.867,3.442,0.0,True,learned_prefer
send confirmation receipt,date draft decision for inspection,0,1,0.0,1.2,10.867,3.442,0.0,True,learned_prefer
send confirmation receipt,OLO messaging active,0,1,0.0,1.2,10.867,3.442,0.0,True,learned_prefer
send confirmation receipt,phase decision taken,0,1,0.0,1.2,10.867,3.442,0.0,False,impossible
send confirmation receipt,phase decision sent,0,1,0.0,1.2,10.867,3.442,0.0,True,learned_prefer
send confirmation receipt,generating decision environmental permit,0,1,0.0,1.2,10.867,3.442,0.0,True,learned_prefer
send confirmation receipt,enter senddate decision environmental permit,0,1,0.0,1.2,10.867,3.442,0.0,True,learned_prefer
send confirmation receipt,enter senddate decision,0,1,0.0,1.2,10.867,3.442,0.0,True,learned_prefer
send confirmation receipt,enter date publication decision environmental permit,0,1,0.0,1.2,10.867,3.442,0.0,True,learned_prefer
send confirmation receipt,enter date decision procedure term extension,0,1,0.0,1.2,10.867,3.442,0.0,True,learned_prefer
send confirmation receipt,phase procedure aborted,0,1,0.0,1.2,10.867,3.442,0.0,True,learned_prefer
send confirmation receipt,phase application receptive,0,1,0.0,1.2,10.867,3.442,0.0,True,learned_prefer
send confirmation receipt,phase additional information received,0,1,0.0,1.2,10.867,3.442,0.0,True,learned_prefer
send confirmation receipt,registrer date of publishing received request,0,1,0.0,1.2,10.867,3.442,0.0,True,learned_prefer
send confirmation receipt,register deadline,0,1,0.0,1.2,10.867,3.442,0.0,True,learned_prefer
send confirmation receipt,forward to the competent authority,0,1,0.0,1.2,10.867,3.442,0.0,True,learned_prefer
send confirmation receipt,enter senddate updated plan,0,1,0.0,1.2,10.867,3.442,0.0,True,learned_prefer
send confirmation receipt,phase updated plan received,0,1,0.0,1.2,10.867,3.442,0.0,True,learned_prefer
send confirmation receipt,phase decision ready,0,1,0.0,1.2,10.867,3.442,0.0,True,learned_prefer
no permit needed or only notification needed,treat subcases content,0,1,0.0,2.1,10.556,3.4,0.0,True,learned_prefer
no permit needed or only notification needed,article 34  WABO applies,0,1,0.0,2.1,10.556,3.4,0.0,True,learned_prefer
no permit needed or only notification needed,suspension ground applicable,0,1,0.0,2.1,10.556,3.4,0.0,True,learned_prefer
no permit needed or only notification needed,terminate on request,0,1,0.0,2.1,10.556,3.4,0.0,True,learned_prefer
no permit needed or only notification needed,suspend term,0,1,0.0,2.1,10.556,3.4,0.0,True,learned_prefer
no permit needed or only notification needed,start WABOprocedure,0,1,0.0,2.1,10.556,3.4,0.0,False,impossible
no permit needed or only notification needed,create procedure confirmation,0,1,0.0,2.1,10.556,3.4,0.0,True,learned_prefer
no permit needed or only notification needed,set decision status,0,1,0.0,2.1,10.556,3.4,0.0,False,impossible
no permit needed or only notification needed,send confirmation receipt,0,1,0.0,2.1,10.556,3.4,0.0,True,learned_prefer
no permit needed or only notification needed,regular procedure without MER,0,1,0.0,2.1,10.556,3.4,0.0,True,learned_prefer
no permit needed or only notification needed,send procedure confirmation,0,1,0.0,2.1,10.556,3.4,0.0,True,learned_prefer
no permit needed or only notification needed,send letter in progress,0,1,0.0,2.1,10.556,3.4,0.0,True,learned_prefer
no permit needed or only notification needed,publish,0,1,0.0,2.1,10.556,3.4,0.0,True,learned_prefer
no permit needed or only notification needed,phase application received,0,1,0.0,2.1,10.556,3.4,0.0,True,learned_prefer
no permit needed or only notification needed,decision date prior to decision,0,1,0.0,2.1,10.556,3.4,0.0,True,learned_prefer
no permit needed or only notification needed,no permit needed or only notification needed,0,1,0.0,2.1,10.556,3.4,0.0,True,learned_prefer
forward to the competent authority,calculate final charges,0,1,0.0,2.2,10.333,3.369,0.0,True,learned_prefer
forward to the competent authority,send confirmation receipt,0,1,0.0,2.2,10.333,3.369,0.0,True,learned_prefer
forward to the competent authority,procedure change,0,1,0.0,2.2,10.333,3.369,0.0,True,learned_prefer
forward to the competent authority,MER present,0,1,0.0,2.2,10.333,3.369,0.0,True,learned_prefer
forward to the competent authority,ask stakeholders views,0,1,0.0,2.2,10.333,3.369,0.0,True,learned_prefer
forward to the competent authority,set decision phase decision permitting decided,0,1,0.0,2.2,10.333,3.369,0.0,True,learned_prefer
forward to the competent authority,read field phased application,0,1,0.0,2.2,10.333,3.369,0.0,True,learned_prefer
forward to the competent authority,phase decision sent,0,1,0.0,2.2,10.333,3.369,0.0,True,learned_prefer
forward to the competent authority,phase application receptive,0,1,0.0,2.2,10.333,3.369,0.0,True,learned_prefer
forward to the competent authority,calculate provisional charges,0,1,0.0,2.2,10.333,3.369,0.0,True,learned_prefer
forward to the competent authority,send send confirmation competent authority,0,1,0.0,2.2,10.333,3.369,0.0,True,learned_prefer
record date of decision environmental permit,phase concept draft decision ready,0,1,0.0,2.2,10.333,3.369,0.0,True,learned_prefer
record date of decision environmental permit,phase archived case,0,1,0.0,2.2,10.333,3.369,0.0,True,learned_prefer
record date of decision environmental permit,set decision phase decision permitting published,0,1,0.0,2.2,10.333,3.369,0.0,True,learned_prefer
record date of decision environmental permit,set decision phase inspection of decision permitting,0,1,0.0,2.2,10.333,3.369,0.0,True,learned_prefer
record date of decision environmental permit,enter senddate decision,0,1,0.0,2.2,10.333,3.369,0.0,True,learned_prefer
record date of decision environmental permit,enter senddate decision environmental permit,0,1,0.0,2.2,10.333,3.369,0.0,True,learned_prefer
record date of decision environmental permit,suspension ground applicable,0,1,0.0,2.2,10.333,3.369,0.0,False,impossible
record date of decision environmental permit,start decision phase decision permitting sent,0,1,0.0,2.2,10.333,3.369,0.0,True,learned_prefer
record date of decision environmental permit,subcases completeness completed,0,1,0.0,2.2,10.333,3.369,0.0,True,learned_prefer
record date of decision environmental permit,register deadline,0,1,0.0,2.2,10.333,3.369,0.0,True,learned_prefer
record date of decision environmental permit,read publication date field,0,1,0.0,2.2,10.333,3.369,0.0,True,learned_prefer
record date of decision environmental permit,send confirmation receipt,0,1,0.0,2.2,10.333,3.369,0.0,True,learned_prefer
record date of decision environmental permit,phase case handled,0,1,0.0,2.2,10.333,3.369,0.0,True,learned_prefer
record date of decision environmental permit,treat subcases content,0,1,0.0,2.2,10.333,3.369,0.0,True,learned_prefer
record date of decision environmental permit,set phase: phase permitting irrevocable,0,1,0.0,2.2,10.333,3.369,0.0,True,learned_prefer
record date of decision environmental permit,registration date publication,0,1,0.0,2.2,10.333,3.369,0.0,True,learned_prefer
record date of decision environmental permit,receive additional information,0,1,0.0,2.2,10.333,3.369,0.0,True,learned_prefer
record date of decision environmental permit,set decision phase decision permitting decided,0,1,0.0,2.2,10.333,3.369,0.0,True,learned_prefer
forward to the competent authority,creating environmental permit decision,0,1,0.0,2.2,10.333,3.369,0.0,True,learned_prefer
forward to the competent authority,decision date prior to decision,0,1,0.0,2.2,10.333,3.369,0.0,True,learned_prefer
forward to the competent authority,enter receipt of additional data,0,1,0.0,2.2,10.333,3.369,0.0,True,learned_prefer
forward to the competent authority,first or second phase,0,1,0.0,2.2,10.333,3.369,0.0,True,learned_prefer
forward to the competent authority,create procedure confirmation,0,1,0.0,2.2,10.333,3.369,0.0,True,learned_prefer
forward to the competent authority,creating cover letter decision,0,1,0.0,2.2,10.333,3.369,0.0,False,impossible
forward to the competent authority,creating decision procedure term extension,0,1,0.0,2.2,10.333,3.369,0.0,False,impossible
forward to the competent authority,regular procedure without MER,0,1,0.0,2.2,10.333,3.369,0.0,True,learned_prefer
forward to the competent authority,request to competent authority,0,1,0.0,2.2,10.333,3.369,0.0,True,learned_prefer
forward to the competent authority,forward transcript to stakeholders,0,1,0.0,2.2,10.333,3.369,0.0,True,learned_prefer
forward to the competent authority,create forwarding copy,0,1,0.0,2.2,10.333,3.369,0.0,False,impossible
forward to the competent authority,generating decision environmental permit,0,1,0.0,2.2,10.333,3.369,0.0,True,learned_prefer
forward to the competent authority,phase advice known,0,1,0.0,2.2,10.333,3.369,0.0,True,learned_prefer
forward to the competent authority,treat subcases completeness,0,1,0.0,2.2,10.333,3.369,0.0,True,learned_prefer
forward to the competent authority,start decision phase decision permitting sent,0,1,0.0,2.2,10.333,3.369,0.0,True,learned_prefer
forward to the competent authority,enter senddate retrieve missing data,0,1,0.0,2.2,10.333,3.369,0.0,True,learned_prefer
forward to the competent authority,enter senddate procedure confirmation,0,1,0.0,2.2,10.333,3.369,0.0,True,learned_prefer
forward to the competent authority,enter senddate decision environmental permit,0,1,0.0,2.2,10.333,3.369,0.0,True,learned_prefer
forward to the competent authority,enter senddate decision,0,1,0.0,2.2,10.333,3.369,0.0,True,learned_prefer
forward to the competent authority,enter senddate acknowledgement,0,1,0.0,2.2,10.333,3.369,0.0,True,learned_prefer
record date of decision environmental permit,phase decision irrevocable,0,1,0.0,2.2,10.333,3.369,0.0,True,learned_prefer
record date of decision environmental permit,phase decision ready,0,1,0.0,2.2,10.333,3.369,0.0,True,learned_prefer
record date of decision environmental permit,enter date draft decisionenvironmental permit,0,1,0.0,2.2,10.333,3.369,0.0,True,learned_prefer
record date of decision environmental permit,date decision for inspection,0,1,0.0,2.2,10.333,3.369,0.0,True,learned_prefer
record date of decision environmental permit,extend procedure term,0,1,0.0,2.2,10.333,3.369,0.0,True,learned_prefer
record date of decision environmental permit,objection lodged against decision,0,1,0.0,2.2,10.333,3.369,0.0,True,learned_prefer
procedure change,enter senddate retrieve missing data,0,2,0.0,2.6,10.2,3.35,0.0,True,learned_prefer
procedure change,date continuation term to decision,0,2,0.0,2.6,10.2,3.35,0.0,False,impossible
procedure change,terminate on request,0,2,0.0,2.6,10.2,3.35,0.0,True,learned_prefer
procedure change,start decision phase extension granted,0,2,0.0,2.6,10.2,3.35,0.0,True,learned_prefer
procedure change,initiative competent authority,0,2,0.0,2.6,10.2,3.35,0.0,True,learned_prefer
procedure change,registrer date of publishing received request,0,2,0.0,2.6,10.2,3.35,0.0,True,learned_prefer
procedure change,suspend term,0,2,0.0,2.6,10.2,3.35,0.0,True,learned_prefer
procedure change,set decision status,0,2,0.0,2.6,10.2,3.35,0.0,True,learned_prefer
procedure change,registration receipt further information,0,2,0.0,2.6,10.2,3.35,0.0,True,learned_prefer
procedure change,grounds for refusal,0,2,0.0,2.6,10.2,3.35,0.0,True,learned_prefer
procedure change,generate draft decision environmental permit,0,2,0.0,2.6,10.2,3.35,0.0,True,learned_prefer
regular procedure without MER,suspend term,0,1,0.0,2.2,10.111,3.338,0.0,True,learned_prefer
regular procedure without MER,investigate BAG objects,0,1,0.0,2.2,10.111,3.338,0.0,True,learned_prefer
regular procedure without MER,enter senddate decision environmental permit,0,1,0.0,2.2,10.111,3.338,0.0,True,learned_prefer
regular procedure without MER,applicant is stakeholder,0,1,0.0,2.2,10.111,3.338,0.0,True,learned_prefer
regular procedure without MER,phase application received,0,1,0.0,2.2,10.111,3.338,0.0,True,learned_prefer
regular procedure without MER,completed subcases content,0,1,0.0,2.2,10.111,3.338,0.0,True,learned_prefer
regular procedure without MER,no permit required for application,0,1,0.0,2.2,10.111,3.338,0.0,True,learned_prefer
regular procedure without MER,enter senddate decision procedure term extension,0,1,0.0,2.2,10.111,3.338,0.0,True,learned_prefer
regular procedure without MER,enter senddate procedure confirmation,0,1,0.0,2.2,10.111,3.338,0.0,True,learned_prefer
regular procedure without MER,create subcases completeness,0,1,0.0,2.2,10.111,3.338,0.0,True,learned_prefer
regular procedure without MER,first or second phase,0,1,0.0,2.2,10.111,3.338,0.0,True,learned_prefer
regular procedure without MER,treat subcases content,0,1,0.0,2.2,10.111,3.338,0.0,True,learned_prefer
regular procedure without MER,register date decision terminate on request,0,1,0.0,2.2,10.111,3.338,0.0,False,impossible
regular procedure without MER,register deadline,0,1,0.0,2.2,10.111,3.338,0.0,True,learned_prefer
regular procedure without MER,treat subcases completeness,0,1,0.0,2.2,10.111,3.338,0.0,True,learned_prefer
applicant is stakeholder,WAW permit aspect,0,1,0.0,2.2,10.111,3.338,0.0,True,learned_prefer
regular procedure without MER,forward to the competent authority,0,1,0.0,2.2,10.111,3.338,0.0,True,learned_prefer
applicant is stakeholder,objection to extension procedure term receptive,0,1,0.0,2.2,10.111,3.338,0.0,True,learned_prefer
applicant is stakeholder,terminate on request,0,1,0.0,2.2,10.111,3.338,0.0,True,learned_prefer
applicant is stakeholder,register submission date request,0,1,0.0,2.2,10.111,3.338,0.0,True,learned_prefer
applicant is stakeholder,regular procedure applies,0,1,0.0,2.2,10.111,3.338,0.0,True,learned_prefer
applicant is stakeholder,grounds for refusal,0,1,0.0,2.2,10.111,3.338,0.0,True,learned_prefer
applicant is stakeholder,inform BAG administrator,0,1,0.0,2.2,10.111,3.338,0.0,True,learned_prefer
applicant is stakeholder,enter date publication decision environmental permit,0,1,0.0,2.2,10.111,3.338,0.0,False,impossible
applicant is stakeholder,creating environmental permit decision,0,1,0.0,2.2,10.111,3.338,0.0,True,learned_prefer
applicant is stakeholder,enter senddate acknowledgement,0,1,0.0,2.2,10.111,3.338,0.0,True,learned_prefer
applicant is stakeholder,set decision phase suspension decided,0,1,0.0,2.2,10.111,3.338,0.0,True,learned_prefer
applicant is stakeholder,treat subcases content,0,1,0.0,2.2,10.111,3.338,0.0,True,learned_prefer
applicant is stakeholder,treat subcases completeness,0,1,0.0,2.2,10.111,3.338,0.0,True,learned_prefer
applicant is stakeholder,publish,0,1,0.0,2.2,10.111,3.338,0.0,True,learned_prefer
regular procedure without MER,start WABOprocedure,0,1,0.0,2.2,10.111,3.338,0.0,True,learned_prefer
regular procedure without MER,subcases completeness completed,0,1,0.0,2.2,10.111,3.338,0.0,True,learned_prefer
applicant is stakeholder,forward to the competent authority,0,1,0.0,2.2,10.111,3.338,0.0,True,learned_prefer
applicant is stakeholder,enter senddate retrieve missing data,0,1,0.0,2.2,10.111,3.338,0.0,True,learned_prefer
applicant is stakeholder,extend procedure term,0,1,0.0,2.2,10.111,3.338,0.0,True,learned_prefer
applicant is stakeholder,OLO messaging active,0,1,0.0,2.2,10.111,3.338,0.0,True,learned_prefer
phase application receptive,enter senddate procedure confirmation,0,2,0.0,2.7,9.933,3.312,0.0,True,learned_prefer
phase application receptive,phase procedure term suspended,0,2,0.0,2.7,9.933,3.312,0.0,True,learned_prefer
phase application receptive,set decision phase suspension decided,0,2,0.0,2.7,9.933,3.312,0.0,True,learned_prefer
phase application receptive,phase advice known,0,2,0.0,2.7,9.933,3.312,0.0,True,learned_prefer
phase application receptive,set decision phase suspension sent,0,2,0.0,2.7,9.933,3.312,0.0,False,impossible
phase application receptive,submit draft decision,0,2,0.0,2.7,9.933,3.312,0.0,True,learned_prefer
phase application receptive,set decision status,0,2,0.0,2.7,9.933,3.312,0.0,True,learned_prefer
phase application receptive,creating environmental permit decision,0,2,0.0,2.7,9.933,3.312,0.0,True,learned_prefer
phase application receptive,date draft decision for inspection,0,2,0.0,2.7,9.933,3.312,0.0,False,impossible
phase application receptive,generating decision no permit required,0,2,0.0,2.7,9.933,3.312,0.0,True,learned_prefer
entering senddate draft decision environmental permit,set decision phase: draft decision permitted sent,0,1,0.0,2.3,9.889,3.306,0.0,True,learned_prefer
entering senddate draft decision environmental permit,publish,0,1,0.0,2.3,9.889,3.306,0.0,True,learned_prefer
entering senddate draft decision environmental permit,open draft decision for inspection,0,1,0.0,2.3,9.889,3.306,0.0,True,learned_prefer
entering senddate draft decision environmental permit,receive additional information,0,1,0.0,2.3,9.889,3.306,0.0,True,learned_prefer
entering senddate draft decision environmental permit,set decision phase: draft decision permitting,0,1,0.0,2.3,9.889,3.306,0.0,True,learned_prefer
entering senddate draft decision environmental permit,set decision status,0,1,0.0,2.3,9.889,3.306,0.0,True,learned_prefer
phase asked additional information,read field phased application,0,1,0.0,2.3,9.889,3.306,0.0,True,learned_prefer
phase asked additional information,receive additional information,0,1,0.0,2.3,9.889,3.306,0.0,True,learned_prefer
phase asked additional information,received OLO documents,0,1,0.0,2.3,9.889,3.306,0.0,True,learned_prefer
entering senddate draft decision environmental permit,suspension ground applicable,0,1,0.0,2.3,9.889,3.306,0.0,False,impossible
entering senddate draft decision environmental permit,submit draft decision,0,1,0.0,2.3,9.889,3.306,0.0,False,impossible
entering senddate draft decision environmental permit,forward to the competent authority,0,1,0.0,2.3,9.889,3.306,0.0,True,learned_prefer
entering senddate draft decision environmental permit,procedure change,0,1,0.0,2.3,9.889,3.306,0.0,False,impossible
entering senddate draft decision environmental permit,register date environmental permit decision,0,1,0.0,2.3,9.889,3.306,0.0,True,learned_prefer
entering senddate draft decision environmental permit,OLO messaging active,0,1,0.0,2.3,9.889,3.306,0.0,True,learned_prefer
entering senddate draft decision environmental permit,date draft decision for inspection,0,1,0.0,2.3,9.889,3.306,0.0,True,learned_prefer
entering senddate draft decision environmental permit,enter date draft decisionenvironmental permit,0,1,0.0,2.3,9.889,3.306,0.0,True,learned_prefer
entering senddate draft decision environmental permit,enter senddate draft decision,0,1,0.0,2.3,9.889,3.306,0.0,True,learned_prefer
entering senddate draft decision environmental permit,enter senddate decision environmental permit,0,1,0.0,2.3,9.889,3.306,0.0,True,learned_prefer
phase asked additional information,send confirmation receipt additional data,0,1,0.0,2.3,9.889,3.306,0.0,True,learned_prefer
entering senddate draft decision environmental permit,entering senddate draft decision environmental permit,0,1,0.0,2.3,9.889,3.306,0.0,True,learned_prefer
phase asked additional information,resume completeness subcases,0,1,0.0,2.3,9.889,3.306,0.0,True,learned_prefer
phase asked additional information,create publication document,0,1,0.0,2.3,9.889,3.306,0.0,True,learned_prefer
phase asked additional information,enter senddate decision permanent suspension,0,1,0.0,2.3,9.889,3.306,0.0,True,learned_prefer
phase asked additional information,enter senddate draft decision,0,1,0.0,2.3,9.889,3.306,0.0,False,impossible
phase asked additional information,start decision phase permanently suspended decided,0,1,0.0,2.3,9.889,3.306,0.0,True,learned_prefer
phase asked additional information,start decision phase permanent suspension sent,0,1,0.0,2.3,9.889,3.306,0.0,True,learned_prefer
phase asked additional information,start WABOprocedure,0,1,0.0,2.3,9.889,3.306,0.0,True,learned_prefer
phase asked additional information,set decision phase suspension decided,0,1,0.0,2.3,9.889,3.306,0.0,True,learned_prefer
phase asked additional information,phase procedure extended,0,1,0.0,2.3,9.889,3.306,0.0,False,impossible
entering senddate draft decision environmental permit,register objection and appeal periods,0,1,0.0,2.3,9.889,3.306,0.0,True,learned_prefer
phase asked additional information,calculate provisional charges,0,1,0.0,2.3,9.889,3.306,0.0,True,learned_prefer
phase asked additional information,assessment of content completed,0,1,0.0,2.3,9.889,3.306,0.0,True,learned_prefer
phase asked additional information,extend procedure term,0,1,0.0,2.3,9.889,3.306,0.0,True,learned_prefer
phase asked additional information,phase additional information received,0,1,0.0,2.3,9.889,3.306,0.0,True,learned_prefer
phase asked additional information,decision keep permanently suspended,0,1,0.0,2.3,9.889,3.306,0.0,True,learned_prefer
phase asked additional information,enter date draft decisionenvironmental permit,0,1,0.0,2.3,9.889,3.306,0.0,True,learned_prefer
phase asked additional information,copy decision permanent suspension to stakeholders,0,1,0.0,2.3,9.889,3.306,0.0,True,learned_prefer
phase asked additional information,enter senddate decision environmental permit,0,1,0.0,2.3,9.889,3.306,0.0,True,learned_prefer
entering senddate draft decision environmental permit,request complete,0,1,0.0,2.3,9.889,3.306,0.0,True,learned_prefer
entering senddate draft decision environmental permit,regular procedure without MER,0,1,0.0,2.3,9.889,3.306,0.0,True,learned_prefer
phase asked additional information,phase draft decision ready,0,1,0.0,2.3,9.889,3.306,0.0,True,learned_prefer
phase asked additional information,phase application receptive,0,1,0.0,2.3,9.889,3.306,0.0,True,learned_prefer
entering senddate draft decision environmental permit,start WABOprocedure,0,1,0.0,2.3,9.889,3.306,0.0,True,learned_prefer
phase asked additional information,procedure change after completeness,0,1,0.0,2.3,9.889,3.306,0.0,True,learned_prefer
create subcases completeness,phase decision sent,0,1,0.0,2.3,9.667,3.273,0.0,True,learned_prefer
create subcases completeness,phase application receptive,0,1,0.0,2.3,9.667,3.273,0.0,True,learned_prefer
create subcases completeness,phase advice known,0,1,0.0,2.3,9.667,3.273,0.0,True,learned_prefer
create subcases completeness,no permit needed or only notification needed,0,1,0.0,2.3,9.667,3.273,0.0,True,learned_prefer
create subcases completeness,set decision status,0,1,0.0,2.3,9.667,3.273,0.0,True,learned_prefer
phase decision taken,phase archived case,0,1,0.0,2.3,9.667,3.273,0.0,True,learned_prefer
phase decision taken,phase decision taken,0,1,0.0,2.3,9.667,3.273,0.0,True,learned_prefer
phase decision taken,set decision phase decision permitting decided,0,1,0.0,2.3,9.667,3.273,0.0,True,learned_prefer
phase decision taken,send design decision to stakeholders,0,1,0.0,2.3,9.667,3.273,0.0,False,impossible
phase decision taken,phase additional information received,0,1,0.0,2.3,9.667,3.273,0.0,True,learned_prefer
phase decision taken,start decisionphase draft decision - permitting decided,0,1,0.0,2.3,9.667,3.273,0.0,True,learned_prefer
phase decision taken,close case,0,1,0.0,2.3,9.667,3.273,0.0,True,learned_prefer
phase decision taken,phase application receptive,0,1,0.0,2.3,9.667,3.273,0.0,True,learned_prefer
phase decision taken,phase decision ready,0,1,0.0,2.3,9.667,3.273,0.0,True,learned_prefer
phase decision taken,phase concept draft decision ready,0,1,0.0,2.3,9.667,3.273,0.0,True,learned_prefer
phase decision taken,continue or abort mutation BAG objects,0,1,0.0,2.3,9.667,3.273,0.0,True,learned_prefer
create subcases completeness,set decision phase decision permitting decided,0,1,0.0,2.3,9.667,3.273,0.0,True,learned_prefer
create subcases completeness,send confirmation receipt,0,1,0.0,2.3,9.667,3.273,0.0,True,learned_prefer
create subcases completeness,send procedure confirmation,0,1,0.0,2.3,9.667,3.273,0.0,True,learned_prefer
create subcases completeness,forward to the competent authority,0,1,0.0,2.3,9.667,3.273,0.0,True,learned_prefer
create subcases completeness,completed subcases content,0,1,0.0,2.3,9.667,3.273,0.0,True,learned_prefer
create subcases completeness,creating environmental permit decision,0,1,0.0,2.3,9.667,3.273,0.0,True,learned_prefer
create subcases completeness,enter senddate procedure confirmation,0,1,0.0,2.3,9.667,3.273,0.0,True,learned_prefer
create subcases completeness,retrieve missing data,0,1,0.0,2.3,9.667,3.273,0.0,True,learned_prefer
create subcases completeness,phase procedure extended,0,1,0.0,2.3,9.667,3.273,0.0,False,impossible
create subcases completeness,WAW permit aspect,0,1,0.0,2.3,9.667,3.273,0.0,True,learned_prefer
create subcases completeness,activities regular procedure,0,1,0.0,2.3,9.667,3.273,0.0,True,learned_prefer
create subcases completeness,ask stakeholders views,0,1,0.0,2.3,9.667,3.273,0.0,True,learned_prefer
start decision phase decision permitting sent,record date of decision environmental permit,0,1,0.0,2.3,9.667,3.273,0.0,True,learned_prefer
start decision phase decision permitting sent,send letter in progress,0,1,0.0,2.3,9.667,3.273,0.0,False,impossible
start decision phase decision permitting sent,submit decision,0,1,0.0,2.3,9.667,3.273,0.0,True,learned_prefer
start decision phase decision permitting sent,subcase art. 33 WABO completed,0,1,0.0,2.3,9.667,3.273,0.0,False,impossible
start decision phase decision permitting sent,set decision phase decision permitting published,0,1,0.0,2.3,9.667,3.273,0.0,True,learned_prefer
create subcases completeness,regular procedure without MER,0,1,0.0,2.3,9.667,3.273,0.0,True,learned_prefer
create subcases completeness,registration date publication,0,1,0.0,2.3,9.667,3.273,0.0,True,learned_prefer
create subcases completeness,register objection and appeal periods,0,1,0.0,2.3,9.667,3.273,0.0,True,learned_prefer
create subcases completeness,subcases completeness completed,0,1,0.0,2.3,9.667,3.273,0.0,True,learned_prefer
subcases completeness completed,send letter in progress,0,2,0.0,2.8,9.667,3.273,0.0,True,learned_prefer
phase advice known,phase decision taken,0,2,0.0,2.8,9.667,3.273,0.0,True,learned_prefer
phase advice known,phase application receptive,0,2,0.0,2.8,9.667,3.273,0.0,True,learned_prefer
phase advice known,grounds for refusal,0,2,0.0,2.8,9.667,3.273,0.0,True,learned_prefer
phase advice known,generate publication document decision environmental permit,0,2,0.0,2.8,9.667,3.273,0.0,False,impossible
phase advice known,phase procedure resumed,0,2,0.0,2.8,9.667,3.273,0.0,True,learned_prefer
phase advice known,phase draft decision made,0,2,0.0,2.8,9.667,3.273,0.0,True,learned_prefer
create subcases completeness,request updated plan,0,1,0.0,2.3,9.667,3.273,0.0,True,learned_prefer
phase advice known,enter date decision procedure term extension,0,2,0.0,2.8,9.667,3.273,0.0,False,impossible
phase advice known,enter senddate updated plan,0,2,0.0,2.8,9.667,3.273,0.0,False,impossible
phase advice known,set decision phase: draft decision permitted sent,0,2,0.0,2.8,9.667,3.273,0.0,True,learned_prefer
subcases completeness completed,send procedure confirmation,0,2,0.0,2.8,9.667,3.273,0.0,True,learned_prefer
start decision phase decision permitting sent,ask stakeholders views,0,1,0.0,2.3,9.667,3.273,0.0,True,learned_prefer
start decision phase decision permitting sent,close case,0,1,0.0,2.3,9.667,3.273,0.0,True,learned_prefer
start decision phase decision permitting sent,completed subcases content,0,1,0.0,2.3,9.667,3.273,0.0,True,learned_prefer
start decision phase decision permitting sent,objection lodged against decision,0,1,0.0,2.3,9.667,3.273,0.0,True,learned_prefer
start decision phase decision permitting sent,read publication date field,0,1,0.0,2.3,9.667,3.273,0.0,True,learned_prefer
start decision phase decision permitting sent,procedure change after completeness,0,1,0.0,2.3,9.667,3.273,0.0,True,learned_prefer
start decision phase decision permitting sent,enter senddate decision environmental permit,0,1,0.0,2.3,9.667,3.273,0.0,True,learned_prefer
start decision phase decision permitting sent,creating environmental permit decision,0,1,0.0,2.3,9.667,3.273,0.0,True,learned_prefer
start decision phase decision permitting sent,send confirmation receipt,0,1,0.0,2.3,9.667,3.273,0.0,True,learned_prefer
start decision phase decision permitting sent,retrieve missing data,0,1,0.0,2.3,9.667,3.273,0.0,True,learned_prefer
start decision phase decision permitting sent,regular procedure without MER,0,1,0.0,2.3,9.667,3.273,0.0,False,impossible
start decision phase decision permitting sent,received OLO documents,0,1,0.0,2.3,9.667,3.273,0.0,True,learned_prefer
subcases completeness completed,generating decision environmental permit,0,2,0.0,2.8,9.667,3.273,0.0,True,learned_prefer
start decision phase decision permitting sent,phase procedure term resumed,0,1,0.0,2.3,9.667,3.273,0.0,False,impossible
subcases completeness completed,creating environmental permit decision,0,2,0.0,2.8,9.667,3.273,0.0,True,learned_prefer
phase advice known,creating decision procedure term extension,0,2,0.0,2.8,9.667,3.273,0.0,True,learned_prefer
phase advice known,coordination of application,0,2,0.0,2.8,9.667,3.273,0.0,True,learned_prefer
subcases completeness completed,inform BAG administrator,0,2,0.0,2.8,9.667,3.273,0.0,True,learned_prefer
subcases completeness completed,generating decision no permit required,0,2,0.0,2.8,9.667,3.273,0.0,False,impossible
phase advice known,WAW permit aspect,0,2,0.0,2.8,9.667,3.273,0.0,True,learned_prefer
start decision phase decision permitting sent,treat subcases completeness,0,1,0.0,2.3,9.667,3.273,0.0,True,learned_prefer
subcases completeness completed,decision date prior to decision,0,2,0.0,2.8,9.667,3.273,0.0,True,learned_prefer
phase decision taken,enter senddate draft decision,0,1,0.0,2.3,9.667,3.273,0.0,True,learned_prefer
subcases completeness completed,phase archived case,0,2,0.0,2.8,9.667,3.273,0.0,True,learned_prefer
subcases completeness completed,phase procedure prematurely terminated,0,2,0.0,2.8,9.667,3.273,0.0,True,learned_prefer
phase decision taken,subcases completeness completed,0,1,0.0,2.3,9.667,3.273,0.0,True,learned_prefer
subcases completeness completed,WAW request permanently suspended,0,2,0.0,2.8,9.667,3.273,0.0,True,learned_prefer
phase decision taken,objection lodged against decision,0,1,0.0,2.3,9.667,3.273,0.0,True,learned_prefer
phase decision taken,register objection and appeal periods,0,1,0.0,2.3,9.667,3.273,0.0,True,learned_prefer
phase decision taken,register date environmental permit decision,0,1,0.0,2.3,9.667,3.273,0.0,True,learned_prefer
phase decision taken,treat subcases reassessment plan,0,1,0.0,2.3,9.667,3.273,0.0,False,impossible
phase decision taken,transcript decision environmental permit to stakeholders,0,1,0.0,2.3,9.667,3.273,0.0,True,learned_prefer
phase decision taken,date decision for inspection,0,1,0.0,2.3,9.667,3.273,0.0,True,learned_prefer
phase decision taken,treat subcase suspension art. 33 WABO,0,1,0.0,2.3,9.667,3.273,0.0,True,learned_prefer
phase decision taken,enter date publication decision environmental permit,0,1,0.0,2.3,9.667,3.273,0.0,True,learned_prefer
creating environmental permit decision,send confirmation receipt,0,2,0.0,2.8,9.533,3.253,0.0,True,learned_prefer
creating environmental permit decision,phase perspective submitted,0,2,0.0,2.8,9.533,3.253,0.0,True,learned_prefer
creating environmental permit decision,generate publication document decision environmental permit,0,2,0.0,2.8,9.533,3.253,0.0,True,learned_prefer
creating environmental permit decision,creating decision suspension art. 33 WABO,0,2,0.0,2.8,9.533,3.253,0.0,True,learned_prefer
creating environmental permit decision,received OLO documents,0,2,0.0,2.8,9.533,3.253,0.0,True,learned_prefer
creating environmental permit decision,create decision procedure term extension,0,2,0.0,2.8,9.533,3.253,0.0,True,learned_prefer
creating environmental permit decision,publication date draft decision,0,2,0.0,2.8,9.533,3.253,0.0,True,learned_prefer
enter senddate retrieve missing data,enter senddate decision permanent suspension,0,1,0.0,2.4,9.222,3.205,0.0,True,learned_prefer
enter senddate retrieve missing data,start decision phase extension granted,0,1,0.0,2.4,9.222,3.205,0.0,True,learned_prefer
enter senddate retrieve missing data,registrer date of publishing received request,0,1,0.0,2.4,9.222,3.205,0.0,True,learned_prefer
enter senddate retrieve missing data,regular procedure without MER,0,1,0.0,2.4,9.222,3.205,0.0,True,learned_prefer
enter senddate retrieve missing data,inform BAG administrator,0,1,0.0,2.4,9.222,3.205,0.0,True,learned_prefer
enter senddate retrieve missing data,send procedure confirmation,0,1,0.0,2.4,9.222,3.205,0.0,True,learned_prefer
enter senddate retrieve missing data,start decisionphase draft decision - permitting decided,0,1,0.0,2.4,9.222,3.205,0.0,True,learned_prefer
enter senddate retrieve missing data,submit draft decision,0,1,0.0,2.4,9.222,3.205,0.0,False,impossible
enter senddate retrieve missing data,treat subcases completeness,0,1,0.0,2.4,9.222,3.205,0.0,True,learned_prefer
enter senddate retrieve missing data,phased application,0,1,0.0,2.4,9.222,3.205,0.0,True,learned_prefer
procedure change after completeness,by law,0,1,0.0,2.4,9.222,3.205,0.0,True,learned_prefer
enter senddate retrieve missing data,start WABOprocedure,0,1,0.0,2.4,9.222,3.205,0.0,True,learned_prefer
enter senddate retrieve missing data,decision permanent suspension irrevocable,0,1,0.0,2.4,9.222,3.205,0.0,True,learned_prefer
enter senddate retrieve missing data,enter date decision procedure term extension,0,1,0.0,2.4,9.222,3.205,0.0,True,learned_prefer
procedure change after completeness,receive additional information,0,1,0.0,2.4,9.222,3.205,0.0,True,learned_prefer
enter senddate retrieve missing data,create subcases content,0,1,0.0,2.4,9.222,3.205,0.0,False,impossible
enter senddate retrieve missing data,enter senddate information request,0,1,0.0,2.4,9.222,3.205,0.0,True,learned_prefer
enter senddate retrieve missing data,forward to the competent authority,0,1,0.0,2.4,9.222,3.205,0.0,True,learned_prefer
procedure change after completeness,create suspension competent authority,0,1,0.0,2.4,9.222,3.205,0.0,False,impossible
procedure change after completeness,phase asked additional information,0,1,0.0,2.4,9.222,3.205,0.0,False,impossible
procedure change after completeness,treat subcases content,0,1,0.0,2.4,9.222,3.205,0.0,True,learned_prefer
enter senddate retrieve missing data,phase asked additional information,0,1,0.0,2.4,9.222,3.205,0.0,True,learned_prefer
set decision status,send decision suspension,0,3,0.0,3.2,8.905,3.155,0.0,True,learned_prefer
set decision status,create monitoring case,0,3,0.0,3.2,8.905,3.155,0.0,True,learned_prefer
set decision status,read field phased application,0,3,0.0,3.2,8.905,3.155,0.0,True,learned_prefer
set decision status,suspend term,0,3,0.0,3.2,8.905,3.155,0.0,True,learned_prefer
set decision status,start decisionphase draft decision - permitting decided,0,3,0.0,3.2,8.905,3.155,0.0,True,learned_prefer
phase decision sent,treating subcase designation GS,0,1,0.0,2.6,8.778,3.134,0.0,False,impossible
phase decision sent,enter publication date draft decision,0,1,0.0,2.6,8.778,3.134,0.0,True,learned_prefer
phase decision sent,phase case handled,0,1,0.0,2.6,8.778,3.134,0.0,True,learned_prefer
phase decision sent,set decision phase decision permitting decided,0,1,0.0,2.6,8.778,3.134,0.0,True,learned_prefer
phase decision sent,subcase perspective complete,0,1,0.0,2.6,8.778,3.134,0.0,True,learned_prefer
phase decision sent,set decision status,0,1,0.0,2.6,8.778,3.134,0.0,True,learned_prefer
phase decision sent,phase draft decision sent,0,1,0.0,2.6,8.778,3.134,0.0,False,impossible
phase decision sent,assessment of content completed,0,1,0.0,2.6,8.778,3.134,0.0,True,learned_prefer
phase decision sent,resume completeness subcases,0,1,0.0,2.6,8.778,3.134,0.0,True,learned_prefer
phase decision sent,phase draft decision ready,0,1,0.0,2.6,8.778,3.134,0.0,True,learned_prefer
phase decision sent,phase decision taken,0,1,0.0,2.6,8.778,3.134,0.0,True,learned_prefer
phase decision sent,completed subcases content,0,1,0.0,2.6,8.778,3.134,0.0,True,learned_prefer
phase decision sent,create publication document,0,1,0.0,2.6,8.778,3.134,0.0,True,learned_prefer
phase decision sent,phase additional information received,0,1,0.0,2.6,8.778,3.134,0.0,False,impossible
phase decision sent,objection lodged against decision,0,1,0.0,2.6,8.778,3.134,0.0,True,learned_prefer
phase decision sent,phase perspective submitted,0,1,0.0,2.6,8.778,3.134,0.0,False,impossible
phase decision sent,enter senddate acknowledgement,0,1,0.0,2.6,8.778,3.134,0.0,False,impossible
phase decision sent,enter senddate decision,0,1,0.0,2.6,8.778,3.134,0.0,True,learned_prefer
registration date publication,read publication date field,0,2,0.0,3.1,8.6,3.104,0.0,True,learned_prefer
registration date publication,retrieve missing data,0,2,0.0,3.1,8.6,3.104,0.0,True,learned_prefer
registration date publication,start decision phase decision permitting sent,0,2,0.0,3.1,8.6,3.104,0.0,True,learned_prefer
registration date publication,phase permanently suspended,0,2,0.0,3.1,8.6,3.104,0.0,True,learned_prefer
registration date publication,WAW permit aspect,0,2,0.0,3.1,8.6,3.104,0.0,True,learned_prefer
registration date publication,cancel case,0,2,0.0,3.1,8.6,3.104,0.0,True,learned_prefer
registration date publication,forward to the competent authority,0,2,0.0,3.1,8.6,3.104,0.0,True,learned_prefer
registration date publication,completed subcases content,0,2,0.0,3.1,8.6,3.104,0.0,True,learned_prefer
registration date publication,assessment of content completed,0,2,0.0,3.1,8.6,3.104,0.0,True,learned_prefer
registration date publication,enter senddate updated plan,0,2,0.0,3.1,8.6,3.104,0.0,True,learned_prefer
registration date publication,publish,0,2,0.0,3.1,8.6,3.104,0.0,True,learned_prefer
request complete,completed subcases content,0,2,0.0,3.2,8.467,3.082,0.0,True,learned_prefer
request complete,forward to the competent authority,0,2,0.0,3.2,8.467,3.082,0.0,True,learned_prefer
request complete,phase application receptive,0,2,0.0,3.2,8.467,3.082,0.0,True,learned_prefer
request complete,objection to permanent suspension accepted,0,2,0.0,3.2,8.467,3.082,0.0,False,impossible
request complete,copy decision permanent suspension to stakeholders,0,2,0.0,3.2,8.467,3.082,0.0,False,impossible
request complete,procedure change after completeness,0,2,0.0,3.2,8.467,3.082,0.0,True,learned_prefer
request complete,send confirmation receipt,0,2,0.0,3.2,8.467,3.082,0.0,True,learned_prefer
request complete,enter senddate retrieve missing data,0,2,0.0,3.2,8.467,3.082,0.0,True,learned_prefer
request complete,phase decision ready,0,2,0.0,3.2,8.467,3.082,0.0,True,learned_prefer
request complete,no permit needed or only notification needed,0,2,0.0,3.2,8.467,3.082,0.0,True,learned_prefer
request complete,set decision status,0,2,0.0,3.2,8.467,3.082,0.0,True,learned_prefer
request complete,phase decision taken,0,2,0.0,3.2,8.467,3.082,0.0,True,learned_prefer
request complete,create letter requesting missing data,0,2,0.0,3.2,8.467,3.082,0.0,True,learned_prefer
request complete,receive additional information,0,2,0.0,3.2,8.467,3.082,0.0,True,learned_prefer
start WABOprocedure,enter date publication decision environmental permit,0,2,0.0,3.2,8.333,3.059,0.0,False,impossible
completed subcases content,message change status,0,3,0.0,3.4,8.333,3.059,0.0,True,learned_prefer
generating decision environmental permit,treat subcases content,0,2,0.0,3.2,8.333,3.059,0.0,True,learned_prefer
generating decision environmental permit,phase application receptive,0,2,0.0,3.2,8.333,3.059,0.0,True,learned_prefer
start WABOprocedure,by law,0,2,0.0,3.2,8.333,3.059,0.0,True,learned_prefer
start WABOprocedure,cancel case,0,2,0.0,3.2,8.333,3.059,0.0,True,learned_prefer
generating decision environmental permit,enter senddate acknowledgement,0,2,0.0,3.2,8.333,3.059,0.0,False,impossible
start WABOprocedure,start WABOprocedure,0,2,0.0,3.2,8.333,3.059,0.0,True,learned_prefer
start WABOprocedure,phased application,0,2,0.0,3.2,8.333,3.059,0.0,True,learned_prefer
start WABOprocedure,enter senddate decision environmental permit,0,2,0.0,3.2,8.333,3.059,0.0,True,learned_prefer
start WABOprocedure,set decision phase decision permitting decided,0,2,0.0,3.2,8.333,3.059,0.0,True,learned_prefer
start WABOprocedure,enter senddate procedure term extension,0,2,0.0,3.2,8.333,3.059,0.0,True,learned_prefer
completed subcases content,set decision status,0,3,0.0,3.4,8.333,3.059,0.0,True,learned_prefer
generating decision environmental permit,enter senddate decision,0,2,0.0,3.2,8.333,3.059,0.0,True,learned_prefer
generating decision environmental permit,send design decision to stakeholders,0,2,0.0,3.2,8.333,3.059,0.0,True,learned_prefer
generating decision environmental permit,appeal logded,0,2,0.0,3.2,8.333,3.059,0.0,True,learned_prefer
generating decision environmental permit,set decision phase: draft decision permitted sent,0,2,0.0,3.2,8.333,3.059,0.0,True,learned_prefer
generating decision environmental permit,start decision phase decision permitting sent,0,2,0.0,3.2,8.333,3.059,0.0,True,learned_prefer
generating decision environmental permit,subcase art. 33 WABO completed,0,2,0.0,3.2,8.333,3.059,0.0,False,impossible
generating decision environmental permit,submit decision,0,2,0.0,3.2,8.333,3.059,0.0,True,learned_prefer
generating decision environmental permit,phase procedure resumed,0,2,0.0,3.2,8.333,3.059,0.0,True,learned_prefer
generating decision environmental permit,send confirmation receipt,0,2,0.0,3.2,8.333,3.059,0.0,True,learned_prefer
generating decision environmental permit,phase case handled,0,2,0.0,3.2,8.333,3.059,0.0,True,learned_prefer
generating decision environmental permit,treat subcases completeness,0,2,0.0,3.2,8.333,3.059,0.0,True,learned_prefer
completed subcases content,enter senddate updated plan,0,3,0.0,3.4,8.333,3.059,0.0,True,learned_prefer
completed subcases content,dismiss under mandate,0,3,0.0,3.4,8.333,3.059,0.0,False,impossible
generating decision environmental permit,phase asked additional information,0,2,0.0,3.2,8.333,3.059,0.0,False,impossible
suspend term,terminate on request,0,1,0.0,2.8,8.111,3.02,0.0,True,learned_prefer
suspend term,enter senddate retrieve missing data,0,1,0.0,2.8,8.111,3.02,0.0,True,learned_prefer
suspend term,enter senddate procedure confirmation,0,1,0.0,2.8,8.111,3.02,0.0,True,learned_prefer
suspend term,investigate BAG objects,0,1,0.0,2.8,8.111,3.02,0.0,True,learned_prefer
suspend term,phase procedure term suspended,0,1,0.0,2.8,8.111,3.02,0.0,True,learned_prefer
enter date termination request received,OLO messaging active,0,1,0.0,2.8,8.111,3.02,0.0,False,impossible
enter date termination request received,create message terminate request,0,1,0.0,2.8,8.111,3.02,0.0,True,learned_prefer
suspend term,send confirmation receipt additional data,0,1,0.0,2.8,8.111,3.02,0.0,False,impossible
suspend term,send design decision to stakeholders,0,1,0.0,2.8,8.111,3.02,0.0,True,learned_prefer
suspend term,send confirmation receipt,0,1,0.0,2.8,8.111,3.02,0.0,True,learned_prefer
suspend term,ask stakeholders views,0,1,0.0,2.8,8.111,3.02,0.0,True,learned_prefer
suspend term,request further information,0,1,0.0,2.8,8.111,3.02,0.0,True,learned_prefer
suspend term,registration date publication,0,1,0.0,2.8,8.111,3.02,0.0,True,learned_prefer
suspend term,procedure change,0,1,0.0,2.8,8.111,3.02,0.0,True,learned_prefer
suspend term,treat subcase perspective,0,1,0.0,2.8,8.111,3.02,0.0,False,impossible
suspend term,inform BAG administrator,0,1,0.0,2.8,8.111,3.02,0.0,True,learned_prefer
suspend term,creating environmental permit decision,0,1,0.0,2.8,8.111,3.02,0.0,True,learned_prefer
enter date termination request received,phase case handled,0,1,0.0,2.8,8.111,3.02,0.0,True,learned_prefer
inform BAG administrator,forward to the competent authority,0,1,0.0,2.8,8.111,3.02,0.0,True,learned_prefer
inform BAG administrator,create procedure confirmation,0,1,0.0,2.8,8.111,3.02,0.0,True,learned_prefer
inform BAG administrator,calculate provisional charges,0,1,0.0,2.8,8.111,3.02,0.0,True,learned_prefer
inform BAG administrator,applicant is stakeholder,0,1,0.0,2.8,8.111,3.02,0.0,True,learned_prefer
inform BAG administrator,activities regular procedure,0,1,0.0,2.8,8.111,3.02,0.0,True,learned_prefer
inform BAG administrator,open draft decision for inspection,0,1,0.0,2.8,8.111,3.02,0.0,True,learned_prefer
enter date termination request received,send confirmation receipt,0,1,0.0,2.8,8.111,3.02,0.0,True,learned_prefer
enter date termination request received,procedure change,0,1,0.0,2.8,8.111,3.02,0.0,False,impossible
inform BAG administrator,phase application received,0,1,0.0,2.8,8.111,3.02,0.0,True,learned_prefer
inform BAG administrator,treat subcases content,0,1,0.0,2.8,8.111,3.02,0.0,True,learned_prefer
inform BAG administrator,treat subcases completeness,0,1,0.0,2.8,8.111,3.02,0.0,True,learned_prefer
inform BAG administrator,send procedure confirmation,0,1,0.0,2.8,8.111,3.02,0.0,True,learned_prefer
inform BAG administrator,regular procedure without MER,0,1,0.0,2.8,8.111,3.02,0.0,True,learned_prefer
inform BAG administrator,register number of days extension period,0,1,0.0,2.8,8.111,3.02,0.0,True,learned_prefer
inform BAG administrator,register date environmental permit decision,0,1,0.0,2.8,8.111,3.02,0.0,True,learned_prefer
inform BAG administrator,procedure change,0,1,0.0,2.8,8.111,3.02,0.0,True,learned_prefer
enter date termination request received,message terminate request,0,1,0.0,2.8,8.111,3.02,0.0,True,learned_prefer
enter date termination request received,initiative competent authority,0,1,0.0,2.8,8.111,3.02,0.0,True,learned_prefer
enter date termination request received,enter senddate procedure confirmation,0,1,0.0,2.8,8.111,3.02,0.0,True,learned_prefer
enter date termination request received,enter senddate acknowledgement,0,1,0.0,2.8,8.111,3.02,0.0,True,learned_prefer
enter date termination request received,terminate on request,0,1,0.0,2.8,8.111,3.02,0.0,True,learned_prefer
enter date termination request received,send procedure confirmation,0,1,0.0,2.8,8.111,3.02,0.0,True,learned_prefer
inform BAG administrator,dismiss under mandate,0,1,0.0,2.8,8.111,3.02,0.0,False,impossible
inform BAG administrator,enter senddate acknowledgement,0,1,0.0,2.8,8.111,3.02,0.0,True,learned_prefer
inform BAG administrator,entering senddate draft decision environmental permit,0,1,0.0,2.8,8.111,3.02,0.0,True,learned_prefer
enter senddate procedure confirmation,enter receipt of additional data,0,2,0.0,3.4,7.933,2.988,0.0,True,learned_prefer
enter senddate procedure confirmation,register objection and appeal periods,0,2,0.0,3.4,7.933,2.988,0.0,True,learned_prefer
enter senddate procedure confirmation,no permit required for application,0,2,0.0,3.4,7.933,2.988,0.0,True,learned_prefer
enter senddate procedure confirmation,enter senddate letter no permit or only notification required,0,2,0.0,3.4,7.933,2.988,0.0,True,learned_prefer
enter senddate procedure confirmation,create subcases content,0,2,0.0,3.4,7.933,2.988,0.0,False,impossible
enter senddate procedure confirmation,enter date advice on treatment of environmental permit,0,2,0.0,3.4,7.933,2.988,0.0,True,learned_prefer
enter senddate procedure confirmation,retrieve missing data,0,2,0.0,3.4,7.933,2.988,0.0,True,learned_prefer
read publication date field,generating decision no permit required,0,1,0.0,2.9,7.889,2.98,0.0,True,learned_prefer
suspension ground applicable,refusal after suspension,0,1,0.0,2.9,7.889,2.98,0.0,True,learned_prefer
read publication date field,coordination of application,0,1,0.0,2.9,7.889,2.98,0.0,False,impossible
suspension ground applicable,submit decision,0,1,0.0,2.9,7.889,2.98,0.0,True,learned_prefer
suspension ground applicable,subcase final VVGB completed,0,1,0.0,2.9,7.889,2.98,0.0,True,learned_prefer
read publication date field,assessment of content completed,0,1,0.0,2.9,7.889,2.98,0.0,False,impossible
read publication date field,set decision status,0,1,0.0,2.9,7.889,2.98,0.0,True,learned_prefer
read publication date field,register submission date request,0,1,0.0,2.9,7.889,2.98,0.0,True,learned_prefer
read publication date field,register deadline,0,1,0.0,2.9,7.889,2.98,0.0,True,learned_prefer
read publication date field,received OLO documents,0,1,0.0,2.9,7.889,2.98,0.0,True,learned_prefer
read publication date field,phase procedure aborted,0,1,0.0,2.9,7.889,2.98,0.0,True,learned_prefer
read publication date field,submit decision,0,1,0.0,2.9,7.889,2.98,0.0,True,learned_prefer
read publication date field,start decision phase decision permitting sent,0,1,0.0,2.9,7.889,2.98,0.0,True,learned_prefer
suspension ground applicable,forward to the competent authority,0,1,0.0,2.9,7.889,2.98,0.0,True,learned_prefer
suspension ground applicable,article 33 applies,0,1,0.0,2.9,7.889,2.98,0.0,True,learned_prefer
read publication date field,generate draft decision environmental permit,0,1,0.0,2.9,7.889,2.98,0.0,True,learned_prefer
read publication date field,phase advice known,0,1,0.0,2.9,7.889,2.98,0.0,True,learned_prefer
read publication date field,phase application received,0,1,0.0,2.9,7.889,2.98,0.0,False,impossible
suspension ground applicable,transcript decision environmental permit to stakeholders,0,1,0.0,2.9,7.889,2.98,0.0,True,learned_prefer
suspension ground applicable,publish,0,1,0.0,2.9,7.889,2.98,0.0,False,impossible
suspension ground applicable,assessment of content completed,0,1,0.0,2.9,7.889,2.98,0.0,True,learned_prefer
suspension ground applicable,by law,0,1,0.0,2.9,7.889,2.98,0.0,True,learned_prefer
suspension ground applicable,ask stakeholders views,0,1,0.0,2.9,7.889,2.98,0.0,True,learned_prefer
read publication date field,treat subcase perspective,0,1,0.0,2.9,7.889,2.98,0.0,True,learned_prefer
read publication date field,transcript decision environmental permit to stakeholders,0,1,0.0,2.9,7.889,2.98,0.0,True,learned_prefer
suspension ground applicable,appeal logded,0,1,0.0,2.9,7.889,2.98,0.0,True,learned_prefer
suspension ground applicable,enter senddate decision environmental permit,0,1,0.0,2.9,7.889,2.98,0.0,True,learned_prefer
suspension ground applicable,decision date prior to decision,0,1,0.0,2.9,7.889,2.98,0.0,True,learned_prefer
suspension ground applicable,phase draft decision made,0,1,0.0,2.9,7.889,2.98,0.0,False,impossible
read publication date field,phase case handled,0,1,0.0,2.9,7.889,2.98,0.0,True,learned_prefer
read publication date field,phase decision taken,0,1,0.0,2.9,7.889,2.98,0.0,True,learned_prefer
read publication date field,phase draft decision made,0,1,0.0,2.9,7.889,2.98,0.0,False,impossible
phase decision ready,phase concept decision ready,0,2,0.0,3.5,7.667,2.939,0.0,True,learned_prefer
phase decision ready,register submission date request,0,2,0.0,3.5,7.667,2.939,0.0,True,learned_prefer
phase decision ready,phase additional information received,0,2,0.0,3.5,7.667,2.939,0.0,True,learned_prefer
create publication document,article 33 applies,0,2,0.0,3.5,7.667,2.939,0.0,True,learned_prefer
phase decision ready,resume completeness subcases,0,2,0.0,3.5,7.667,2.939,0.0,True,learned_prefer
phase decision ready,generating decision environmental permit,0,2,0.0,3.5,7.667,2.939,0.0,True,learned_prefer
enter date draft decisionenvironmental permit,registrer date of publishing received request,0,1,0.0,2.9,7.667,2.939,0.0,True,learned_prefer
enter date draft decisionenvironmental permit,send letter receptive test not ok wait for report firedepartement,0,1,0.0,2.9,7.667,2.939,0.0,True,learned_prefer
enter date draft decisionenvironmental permit,send procedure confirmation,0,1,0.0,2.9,7.667,2.939,0.0,True,learned_prefer
enter date draft decisionenvironmental permit,set decision phase: draft decision permitted sent,0,1,0.0,2.9,7.667,2.939,0.0,True,learned_prefer
enter date draft decisionenvironmental permit,procedure change,0,1,0.0,2.9,7.667,2.939,0.0,False,impossible
enter date draft decisionenvironmental permit,record date of decision environmental permit,0,1,0.0,2.9,7.667,2.939,0.0,True,learned_prefer
enter date draft decisionenvironmental permit,registration date publication,0,1,0.0,2.9,7.667,2.939,0.0,False,impossible
enter date draft decisionenvironmental permit,OLO messaging active,0,1,0.0,2.9,7.667,2.939,0.0,True,learned_prefer
enter date draft decisionenvironmental permit,submit decision,0,1,0.0,2.9,7.667,2.939,0.0,False,impossible
enter date draft decisionenvironmental permit,detailed procedure applies,0,1,0.0,2.9,7.667,2.939,0.0,True,learned_prefer
enter senddate draft decision,register date environmental permit decision,0,1,0.0,2.9,7.667,2.939,0.0,True,learned_prefer
enter date draft decisionenvironmental permit,create subcases completeness,0,1,0.0,2.9,7.667,2.939,0.0,False,impossible
enter date draft decisionenvironmental permit,phase application received,0,1,0.0,2.9,7.667,2.939,0.0,True,learned_prefer
enter date draft decisionenvironmental permit,message change status,0,1,0.0,2.9,7.667,2.939,0.0,True,learned_prefer
enter date draft decisionenvironmental permit,entering senddate draft decision environmental permit,0,1,0.0,2.9,7.667,2.939,0.0,True,learned_prefer
enter date draft decisionenvironmental permit,enter date publication decision environmental permit,0,1,0.0,2.9,7.667,2.939,0.0,False,impossible
enter date draft decisionenvironmental permit,enrich draft decision,0,1,0.0,2.9,7.667,2.939,0.0,True,learned_prefer
create publication document,enter receipt of additional data,0,2,0.0,3.5,7.667,2.939,0.0,True,learned_prefer
create publication document,phase asked additional information,0,2,0.0,3.5,7.667,2.939,0.0,True,learned_prefer
create publication document,set decision phase inspection of decision permitting,0,2,0.0,3.5,7.667,2.939,0.0,True,learned_prefer
create publication document,no permit needed or only notification needed,0,2,0.0,3.5,7.667,2.939,0.0,False,impossible
registrer date of publishing received request,detailed procedure applies,0,1,0.0,2.9,7.667,2.939,0.0,True,learned_prefer
registrer date of publishing received request,term for supplying missing data,0,1,0.0,2.9,7.667,2.939,0.0,False,impossible
registrer date of publishing received request,transcript decision environmental permit to stakeholders,0,1,0.0,2.9,7.667,2.939,0.0,True,learned_prefer
create publication document,suspension ground applicable,0,2,0.0,3.5,7.667,2.939,0.0,True,learned_prefer
create publication document,updated plan after perspective,0,2,0.0,3.5,7.667,2.939,0.0,False,impossible
registrer date of publishing received request,enter senddate procedure confirmation,0,1,0.0,2.9,7.667,2.939,0.0,True,learned_prefer
registrer date of publishing received request,enter senddate retrieve missing data,0,1,0.0,2.9,7.667,2.939,0.0,True,learned_prefer
registrer date of publishing received request,applicant is stakeholder,0,1,0.0,2.9,7.667,2.939,0.0,True,learned_prefer
registrer date of publishing received request,MER present,0,1,0.0,2.9,7.667,2.939,0.0,True,learned_prefer
create publication document,phase additional information received,0,2,0.0,3.5,7.667,2.939,0.0,False,impossible
registrer date of publishing received request,receive additional information,0,1,0.0,2.9,7.667,2.939,0.0,True,learned_prefer
registrer date of publishing received request,treat subcases content,0,1,0.0,2.9,7.667,2.939,0.0,True,learned_prefer
enter date draft decisionenvironmental permit,submit draft decision,0,1,0.0,2.9,7.667,2.939,0.0,True,learned_prefer
registrer date of publishing received request,subcases completeness completed,0,1,0.0,2.9,7.667,2.939,0.0,True,learned_prefer
enter senddate draft decision,submit decision,0,1,0.0,2.9,7.667,2.939,0.0,True,learned_prefer
registrer date of publishing received request,registration date publication,0,1,0.0,2.9,7.667,2.939,0.0,True,learned_prefer
registrer date of publishing received request,register submission date request,0,1,0.0,2.9,7.667,2.939,0.0,True,learned_prefer
enter senddate draft decision,transcript decision environmental permit to stakeholders,0,1,0.0,2.9,7.667,2.939,0.0,True,learned_prefer
registrer date of publishing received request,register date decision terminate on request,0,1,0.0,2.9,7.667,2.939,0.0,True,learned_prefer
enter senddate draft decision,subcase perspective complete,0,1,0.0,2.9,7.667,2.939,0.0,True,learned_prefer
registrer date of publishing received request,entering senddate draft decision environmental permit,0,1,0.0,2.9,7.667,2.939,0.0,True,learned_prefer
registrer date of publishing received request,enter date decision permanent suspension,0,1,0.0,2.9,7.667,2.939,0.0,True,learned_prefer
create publication document,start phased application,0,2,0.0,3.5,7.667,2.939,0.0,False,impossible
registrer date of publishing received request,enter senddate updated plan,0,1,0.0,2.9,7.667,2.939,0.0,True,learned_prefer
enter senddate draft decision,register deadline,0,1,0.0,2.9,7.667,2.939,0.0,True,learned_prefer
enter senddate draft decision,record date of decision environmental permit,0,1,0.0,2.9,7.667,2.939,0.0,True,learned_prefer
enter senddate draft decision,received OLO documents,0,1,0.0,2.9,7.667,2.939,0.0,True,learned_prefer
enter senddate draft decision,create draft environtmental permit,0,1,0.0,2.9,7.667,2.939,0.0,True,learned_prefer
enter senddate draft decision,creating cover letter decision,0,1,0.0,2.9,7.667,2.939,0.0,False,impossible
enter senddate draft decision,phase draft decision sent,0,1,0.0,2.9,7.667,2.939,0.0,True,learned_prefer
enter senddate draft decision,coordination of application,0,1,0.0,2.9,7.667,2.939,0.0,True,learned_prefer
enter senddate draft decision,creating environmental permit decision,0,1,0.0,2.9,7.667,2.939,0.0,True,learned_prefer
enter senddate draft decision,publish official draft decision,0,1,0.0,2.9,7.667,2.939,0.0,True,learned_prefer
phase decision ready,entering senddate draft decision environmental permit,0,2,0.0,3.5,7.667,2.939,0.0,False,impossible
phase decision ready,phase advice known,0,2,0.0,3.5,7.667,2.939,0.0,True,learned_prefer
enter senddate draft decision,read publication date field,0,1,0.0,2.9,7.667,2.939,0.0,True,learned_prefer
enter senddate draft decision,phase decision ready,0,1,0.0,2.9,7.667,2.939,0.0,True,learned_prefer
enter senddate draft decision,phase concept draft decision ready,0,1,0.0,2.9,7.667,2.939,0.0,True,learned_prefer
enter senddate draft decision,enter senddate draft decision,0,1,0.0,2.9,7.667,2.939,0.0,True,learned_prefer
enter senddate draft decision,send design decision to stakeholders,0,1,0.0,2.9,7.667,2.939,0.0,True,learned_prefer
phase decision ready,phase application receptive,0,2,0.0,3.5,7.667,2.939,0.0,True,learned_prefer
phase decision ready,completed subcases content,0,2,0.0,3.5,7.667,2.939,0.0,True,learned_prefer
phase decision ready,creating cover letter decision,0,2,0.0,3.5,7.667,2.939,0.0,True,learned_prefer
registrer date of publishing received request,suspend term,0,1,0.0,2.9,7.667,2.939,0.0,True,learned_prefer
registrer date of publishing received request,publication date draft decision,0,1,0.0,2.9,7.667,2.939,0.0,True,learned_prefer
registrer date of publishing received request,completed subcases content,0,1,0.0,2.9,7.667,2.939,0.0,True,learned_prefer
registrer date of publishing received request,enter senddate decision environmental permit,0,1,0.0,2.9,7.667,2.939,0.0,True,learned_prefer
assessment of content completed,phase procedure resumed,0,2,0.0,3.6,7.533,2.913,0.0,False,impossible
assessment of content completed,updated plan received,0,2,0.0,3.6,7.533,2.913,0.0,False,impossible
assessment of content completed,retrieve missing data,0,2,0.0,3.6,7.533,2.913,0.0,True,learned_prefer
assessment of content completed,create draft environtmental permit,0,2,0.0,3.6,7.533,2.913,0.0,True,learned_prefer
assessment of content completed,entering senddate draft decision environmental permit,0,2,0.0,3.6,7.533,2.913,0.0,True,learned_prefer
assessment of content completed,enter senddate decision,0,2,0.0,3.6,7.533,2.913,0.0,True,learned_prefer
assessment of content completed,send confirmation receipt,0,2,0.0,3.6,7.533,2.913,0.0,True,learned_prefer
assessment of content completed,enter enddate of suspension,0,2,0.0,3.6,7.533,2.913,0.0,False,impossible
assessment of content completed,create decision procedure term extension,0,2,0.0,3.6,7.533,2.913,0.0,True,learned_prefer
assessment of content completed,partly permit application,0,2,0.0,3.6,7.533,2.913,0.0,False,impossible
assessment of content completed,generate publication document decision environmental permit,0,2,0.0,3.6,7.533,2.913,0.0,True,learned_prefer
assessment of content completed,publish official draft decision,0,2,0.0,3.6,7.533,2.913,0.0,False,impossible
set decision phase: draft decision permitted sent,create subcases completeness,0,1,0.0,3.0,7.444,2.896,0.0,True,learned_prefer
set decision phase: draft decision permitted sent,create draft environtmental permit,0,1,0.0,3.0,7.444,2.896,0.0,True,learned_prefer
set decision phase: draft decision permitted sent,transcript decision environmental permit to stakeholders,0,1,0.0,3.0,7.444,2.896,0.0,True,learned_prefer
set decision phase: draft decision permitted sent,phase draft decision made,0,1,0.0,3.0,7.444,2.896,0.0,True,learned_prefer
start decision phase extension granted,register suspension by competent authority,0,1,0.0,3.0,7.444,2.896,0.0,False,impossible
set decision phase: draft decision permitted sent,phase draft decision sent,0,1,0.0,3.0,7.444,2.896,0.0,True,learned_prefer
set decision phase: draft decision permitted sent,start decisionphase draft decision - permitting decided,0,1,0.0,3.0,7.444,2.896,0.0,True,learned_prefer
start decision phase extension granted,set decision status,0,1,0.0,3.0,7.444,2.896,0.0,True,learned_prefer
start decision phase extension granted,treat subcases content,0,1,0.0,3.0,7.444,2.896,0.0,True,learned_prefer
start decision phase extension granted,treat subcases completeness,0,1,0.0,3.0,7.444,2.896,0.0,False,impossible
start decision phase extension granted,phase procedure extended,0,1,0.0,3.0,7.444,2.896,0.0,True,learned_prefer
start decision phase extension granted,grounds for refusal,0,1,0.0,3.0,7.444,2.896,0.0,False,impossible
set decision phase: draft decision permitted sent,treat subcases content,0,1,0.0,3.0,7.444,2.896,0.0,True,learned_prefer
start decision phase extension granted,enter senddate retrieve missing data,0,1,0.0,3.0,7.444,2.896,0.0,False,impossible
start decision phase extension granted,phase additional information received,0,1,0.0,3.0,7.444,2.896,0.0,True,learned_prefer
start decision phase extension granted,terminate on request,0,1,0.0,3.0,7.444,2.896,0.0,True,learned_prefer
start decision phase extension granted,create cover letter extend procedure term,0,1,0.0,3.0,7.444,2.896,0.0,True,learned_prefer
start decision phase extension granted,create decision procedure term extension,0,1,0.0,3.0,7.444,2.896,0.0,True,learned_prefer
start decision phase extension granted,completed subcases content,0,1,0.0,3.0,7.444,2.896,0.0,True,learned_prefer
start decision phase extension granted,coordination of application,0,1,0.0,3.0,7.444,2.896,0.0,True,learned_prefer
start decision phase extension granted,enter date decision procedure term extension,0,1,0.0,3.0,7.444,2.896,0.0,True,learned_prefer
set decision phase: draft decision permitted sent,enter publication date draft decision,0,1,0.0,3.0,7.444,2.896,0.0,False,impossible
set decision phase: draft decision permitted sent,entering senddate draft decision environmental permit,0,1,0.0,3.0,7.444,2.896,0.0,True,learned_prefer
set decision phase: draft decision permitted sent,phase decision sent,0,1,0.0,3.0,7.444,2.896,0.0,True,learned_prefer
start decision phase extension granted,creating decision procedure term extension,0,1,0.0,3.0,7.444,2.896,0.0,True,learned_prefer
set decision phase: draft decision permitted sent,enter date draft decisionenvironmental permit,0,1,0.0,3.0,7.444,2.896,0.0,True,learned_prefer
set decision phase: draft decision permitted sent,enter senddate draft decision,0,1,0.0,3.0,7.444,2.896,0.0,True,learned_prefer
set decision phase: draft decision permitted sent,phase decision ready,0,1,0.0,3.0,7.444,2.896,0.0,False,impossible
procedure change,enter senddate acknowledgement,0,3,0.0,3.9,7.286,2.865,0.0,True,learned_prefer
procedure change,request complete,0,3,0.0,3.9,7.286,2.865,0.0,True,learned_prefer
procedure change,decision procedure term extension,0,3,0.0,3.9,7.286,2.865,0.0,True,learned_prefer
procedure change,enter senddate decision suspension,0,3,0.0,3.9,7.286,2.865,0.0,True,learned_prefer
send procedure confirmation,set decision phase decision permitting decided,0,2,0.0,3.7,7.267,2.861,0.0,True,learned_prefer
send procedure confirmation,register submission date request,0,2,0.0,3.7,7.267,2.861,0.0,True,learned_prefer
send procedure confirmation,activities regular procedure,0,2,0.0,3.7,7.267,2.861,0.0,True,learned_prefer
send procedure confirmation,enter date draft decisionenvironmental permit,0,2,0.0,3.7,7.267,2.861,0.0,True,learned_prefer
send procedure confirmation,phase application receptive,0,2,0.0,3.7,7.267,2.861,0.0,True,learned_prefer
send procedure confirmation,cancel case,0,2,0.0,3.7,7.267,2.861,0.0,False,impossible
send procedure confirmation,treat subcases content,0,2,0.0,3.7,7.267,2.861,0.0,True,learned_prefer
send procedure confirmation,register objection and appeal periods,0,2,0.0,3.7,7.267,2.861,0.0,False,impossible
send procedure confirmation,publish,0,2,0.0,3.7,7.267,2.861,0.0,True,learned_prefer
send procedure confirmation,start WABOprocedure,0,2,0.0,3.7,7.267,2.861,0.0,True,learned_prefer
send procedure confirmation,phase decision ready,0,2,0.0,3.7,7.267,2.861,0.0,True,learned_prefer
read field phased application,read publication date field,0,1,0.0,3.1,7.222,2.852,0.0,False,impossible
create procedure confirmation,procedure change,0,1,0.0,3.1,7.222,2.852,0.0,True,learned_prefer
enter senddate decision,start WABOprocedure,0,1,0.0,3.1,7.222,2.852,0.0,True,learned_prefer
enter senddate decision,generating decision environmental permit,0,1,0.0,3.1,7.222,2.852,0.0,True,learned_prefer
create procedure confirmation,publish,0,1,0.0,3.1,7.222,2.852,0.0,True,learned_prefer
enter senddate decision,send design decision to stakeholders,0,1,0.0,3.1,7.222,2.852,0.0,True,learned_prefer
enter senddate decision,transcript decision environmental permit to stakeholders,0,1,0.0,3.1,7.222,2.852,0.0,True,learned_prefer
enter senddate decision,received OLO documents,0,1,0.0,3.1,7.222,2.852,0.0,True,learned_prefer
enter senddate decision,phase draft decision sent,0,1,0.0,3.1,7.222,2.852,0.0,False,impossible
enter senddate decision,phase decision taken,0,1,0.0,3.1,7.222,2.852,0.0,True,learned_prefer
enter senddate decision,phase decision sent,0,1,0.0,3.1,7.222,2.852,0.0,True,learned_prefer
enter senddate decision,phase decision ready,0,1,0.0,3.1,7.222,2.852,0.0,True,learned_prefer
enter senddate decision,phase decision irrevocable,0,1,0.0,3.1,7.222,2.852,0.0,True,learned_prefer
enter senddate decision,phase case handled,0,1,0.0,3.1,7.222,2.852,0.0,True,learned_prefer
enter senddate decision,submit decision,0,1,0.0,3.1,7.222,2.852,0.0,True,learned_prefer
enter senddate decision,registration date publication,0,1,0.0,3.1,7.222,2.852,0.0,True,learned_prefer
enter senddate decision,enter publication date draft decision,0,1,0.0,3.1,7.222,2.852,0.0,True,learned_prefer
enter senddate decision,enter date draft decisionenvironmental permit,0,1,0.0,3.1,7.222,2.852,0.0,True,learned_prefer
enter senddate decision,close case,0,1,0.0,3.1,7.222,2.852,0.0,True,learned_prefer
create procedure confirmation,article 34  WABO applies,0,1,0.0,3.1,7.222,2.852,0.0,True,learned_prefer
read field phased application,no permit needed or only notification needed,0,1,0.0,3.1,7.222,2.852,0.0,True,learned_prefer
read field phased application,set decision phase: draft decision permitted sent,0,1,0.0,3.1,7.222,2.852,0.0,False,impossible
enter senddate decision,start decisionphase draft decision - permitting decided,0,1,0.0,3.1,7.222,2.852,0.0,True,learned_prefer
create procedure confirmation,start decision phase extension granted,0,1,0.0,3.1,7.222,2.852,0.0,True,learned_prefer
create procedure confirmation,start phased application,0,1,0.0,3.1,7.222,2.852,0.0,True,learned_prefer
create procedure confirmation,send confirmation receipt,0,1,0.0,3.1,7.222,2.852,0.0,True,learned_prefer
create procedure confirmation,creating cover letter decision,0,1,0.0,3.1,7.222,2.852,0.0,True,learned_prefer
create procedure confirmation,procedure change after completeness,0,1,0.0,3.1,7.222,2.852,0.0,True,learned_prefer
read field phased application,treat subcases content,0,1,0.0,3.1,7.222,2.852,0.0,True,learned_prefer
read field phased application,set decision phase suspension sent,0,1,0.0,3.1,7.222,2.852,0.0,False,impossible
read field phased application,send design decision to stakeholders,0,1,0.0,3.1,7.222,2.852,0.0,False,impossible
enter senddate decision,set phase: phase permitting irrevocable,0,1,0.0,3.1,7.222,2.852,0.0,True,learned_prefer
read field phased application,phase application received,0,1,0.0,3.1,7.222,2.852,0.0,True,learned_prefer
read field phased application,phased application,0,1,0.0,3.1,7.222,2.852,0.0,True,learned_prefer
read field phased application,phase concept draft decision ready,0,1,0.0,3.1,7.222,2.852,0.0,True,learned_prefer
read field phased application,publish,0,1,0.0,3.1,7.222,2.852,0.0,True,learned_prefer
read field phased application,enter senddate draft decision,0,1,0.0,3.1,7.222,2.852,0.0,False,impossible
resume completeness subcases,start decision phase extension granted,0,1,0.0,3.1,7.222,2.852,0.0,True,learned_prefer
resume completeness subcases,set decision status,0,1,0.0,3.1,7.222,2.852,0.0,True,learned_prefer
resume completeness subcases,start WABOprocedure,0,1,0.0,3.1,7.222,2.852,0.0,True,learned_prefer
resume completeness subcases,start decision phase decision permitting sent,0,1,0.0,3.1,7.222,2.852,0.0,True,learned_prefer
resume completeness subcases,suspend term,0,1,0.0,3.1,7.222,2.852,0.0,True,learned_prefer
resume completeness subcases,stop suspended completeness subcases,0,1,0.0,3.1,7.222,2.852,0.0,False,impossible
resume completeness subcases,phase permanently suspended,0,1,0.0,3.1,7.222,2.852,0.0,False,impossible
read field phased application,request complete,0,1,0.0,3.1,7.222,2.852,0.0,False,impossible
read field phased application,send confirmation receipt,0,1,0.0,3.1,7.222,2.852,0.0,True,learned_prefer
enter senddate decision,set decision status,0,1,0.0,3.1,7.222,2.852,0.0,True,learned_prefer
create procedure confirmation,calculate provisional charges,0,1,0.0,3.1,7.222,2.852,0.0,True,learned_prefer
create procedure confirmation,treat subcases content,0,1,0.0,3.1,7.222,2.852,0.0,True,learned_prefer
create procedure confirmation,terminate on request,0,1,0.0,3.1,7.222,2.852,0.0,True,learned_prefer
create procedure confirmation,create publication document,0,1,0.0,3.1,7.222,2.852,0.0,True,learned_prefer
create procedure confirmation,create message terminate request,0,1,0.0,3.1,7.222,2.852,0.0,True,learned_prefer
create procedure confirmation,completed subcases content,0,1,0.0,3.1,7.222,2.852,0.0,True,learned_prefer
create procedure confirmation,phase application received,0,1,0.0,3.1,7.222,2.852,0.0,True,learned_prefer
create procedure confirmation,inform BAG administrator,0,1,0.0,3.1,7.222,2.852,0.0,True,learned_prefer
create procedure confirmation,enter senddate procedure confirmation,0,1,0.0,3.1,7.222,2.852,0.0,True,learned_prefer
resume completeness subcases,request updated plan,0,1,0.0,3.1,7.222,2.852,0.0,False,impossible
resume completeness subcases,enter senddate decision environmental permit,0,1,0.0,3.1,7.222,2.852,0.0,True,learned_prefer
resume completeness subcases,record date of decision environmental permit,0,1,0.0,3.1,7.222,2.852,0.0,False,impossible
resume completeness subcases,received OLO documents,0,1,0.0,3.1,7.222,2.852,0.0,False,impossible
resume completeness subcases,read field phased application,0,1,0.0,3.1,7.222,2.852,0.0,True,learned_prefer
resume completeness subcases,close case,0,1,0.0,3.1,7.222,2.852,0.0,True,learned_prefer
resume completeness subcases,assessment of content completed,0,1,0.0,3.1,7.222,2.852,0.0,True,learned_prefer
resume completeness subcases,phase decision sent,0,1,0.0,3.1,7.222,2.852,0.0,False,impossible
resume completeness subcases,generating decision environmental permit,0,1,0.0,3.1,7.222,2.852,0.0,True,learned_prefer
resume completeness subcases,extend procedure term,0,1,0.0,3.1,7.222,2.852,0.0,True,learned_prefer
resume completeness subcases,enter date publication decision environmental permit,0,1,0.0,3.1,7.222,2.852,0.0,True,learned_prefer
resume completeness subcases,decision date prior to decision,0,1,0.0,3.1,7.222,2.852,0.0,True,learned_prefer
resume completeness subcases,completed subcases content,0,1,0.0,3.1,7.222,2.852,0.0,True,learned_prefer
phase application receptive,decision date prior to decision,0,3,0.0,4.1,7.095,2.827,0.0,True,learned_prefer
phase application receptive,message request advice,0,3,0.0,4.1,7.095,2.827,0.0,False,impossible
phase application receptive,phase case handled,0,3,0.0,4.1,7.095,2.827,0.0,False,impossible
create draft environtmental permit,set decision phase decision permitting decided,0,1,0.0,3.2,7.0,2.807,0.0,True,learned_prefer
send letter in progress,start WABOprocedure,0,1,0.0,3.2,7.0,2.807,0.0,False,impossible
create draft environtmental permit,set decision phase: draft decision permitted sent,0,1,0.0,3.2,7.0,2.807,0.0,True,learned_prefer
send letter in progress,resume completeness subcases,0,1,0.0,3.2,7.0,2.807,0.0,True,learned_prefer
send letter in progress,set decision status,0,1,0.0,3.2,7.0,2.807,0.0,True,learned_prefer
phase draft decision made,perspective on draft decision environmental permit received,0,1,0.0,3.2,7.0,2.807,0.0,False,impossible
phase draft decision made,phase advice known,0,1,0.0,3.2,7.0,2.807,0.0,True,learned_prefer
phase draft decision made,phase asked additional information,0,1,0.0,3.2,7.0,2.807,0.0,False,impossible
phase draft decision made,phase concept draft decision ready,0,1,0.0,3.2,7.0,2.807,0.0,True,learned_prefer
phase draft decision made,set decision phase decision permitting decided,0,1,0.0,3.2,7.0,2.807,0.0,False,impossible
phase draft decision made,term perspective on draft decision,0,1,0.0,3.2,7.0,2.807,0.0,True,learned_prefer
phase draft decision made,assessment of content completed,0,1,0.0,3.2,7.0,2.807,0.0,True,learned_prefer
phase draft decision made,enrich draft decision environmental permit,0,1,0.0,3.2,7.0,2.807,0.0,False,impossible
send letter in progress,phase decision taken,0,1,0.0,3.2,7.0,2.807,0.0,True,learned_prefer
send letter in progress,phase application received,0,1,0.0,3.2,7.0,2.807,0.0,True,learned_prefer
send letter in progress,registrer date of publishing received request,0,1,0.0,3.2,7.0,2.807,0.0,True,learned_prefer
send letter in progress,regular procedure without MER,0,1,0.0,3.2,7.0,2.807,0.0,True,learned_prefer
send letter in progress,investigate BAG objects,0,1,0.0,3.2,7.0,2.807,0.0,False,impossible
send letter in progress,enter senddate procedure confirmation,0,1,0.0,3.2,7.0,2.807,0.0,True,learned_prefer
enter date advice on treatment of environmental permit,registration date publication,0,1,0.0,3.2,7.0,2.807,0.0,True,learned_prefer
enter date advice on treatment of environmental permit,start decisionphase draft decision - permitting decided,0,1,0.0,3.2,7.0,2.807,0.0,True,learned_prefer
enter date advice on treatment of environmental permit,publication date draft decision,0,1,0.0,3.2,7.0,2.807,0.0,True,learned_prefer
create draft environtmental permit,phase draft decision made,0,1,0.0,3.2,7.0,2.807,0.0,True,learned_prefer
send letter in progress,OLO messaging active,0,1,0.0,3.2,7.0,2.807,0.0,True,learned_prefer
send letter in progress,applicant is stakeholder,0,1,0.0,3.2,7.0,2.807,0.0,True,learned_prefer
create draft environtmental permit,phase concept draft decision ready,0,1,0.0,3.2,7.0,2.807,0.0,True,learned_prefer
create draft environtmental permit,received OLO documents,0,1,0.0,3.2,7.0,2.807,0.0,False,impossible
create draft environtmental permit,start decision phase decision permitting sent,0,1,0.0,3.2,7.0,2.807,0.0,False,impossible
create draft environtmental permit,start decisionphase draft decision - permitting decided,0,1,0.0,3.2,7.0,2.807,0.0,True,learned_prefer
create draft environtmental permit,completed subcases content,0,1,0.0,3.2,7.0,2.807,0.0,True,learned_prefer
create draft environtmental permit,enter publication date draft decision,0,1,0.0,3.2,7.0,2.807,0.0,True,learned_prefer
create draft environtmental permit,extend procedure term,0,1,0.0,3.2,7.0,2.807,0.0,True,learned_prefer
create draft environtmental permit,generate draft decision environmental permit,0,1,0.0,3.2,7.0,2.807,0.0,True,learned_prefer
enter date advice on treatment of environmental permit,treat subcases completeness,0,1,0.0,3.2,7.0,2.807,0.0,True,learned_prefer
enter date advice on treatment of environmental permit,submit decision,0,1,0.0,3.2,7.0,2.807,0.0,False,impossible
send letter in progress,create publication document,0,1,0.0,3.2,7.0,2.807,0.0,True,learned_prefer
send letter in progress,create decision no permit required,0,1,0.0,3.2,7.0,2.807,0.0,True,learned_prefer
create draft environtmental permit,read field phased application,0,1,0.0,3.2,7.0,2.807,0.0,True,learned_prefer
enter date advice on treatment of environmental permit,phase concept draft decision ready,0,1,0.0,3.2,7.0,2.807,0.0,True,learned_prefer
create draft environtmental permit,record date of decision environmental permit,0,1,0.0,3.2,7.0,2.807,0.0,True,learned_prefer
create draft environtmental permit,retrieve missing data,0,1,0.0,3.2,7.0,2.807,0.0,True,learned_prefer
create draft environtmental permit,send confirmation receipt,0,1,0.0,3.2,7.0,2.807,0.0,True,learned_prefer
create draft environtmental permit,treat subcases completeness,0,1,0.0,3.2,7.0,2.807,0.0,True,learned_prefer
create draft environtmental permit,treat subcases content,0,1,0.0,3.2,7.0,2.807,0.0,True,learned_prefer
create draft environtmental permit,phase draft decision sent,0,1,0.0,3.2,7.0,2.807,0.0,False,impossible
create draft environtmental permit,terminate on request,0,1,0.0,3.2,7.0,2.807,0.0,False,impossible
create draft environtmental permit,publish official draft decision,0,1,0.0,3.2,7.0,2.807,0.0,False,impossible
enter date advice on treatment of environmental permit,create cover letter draft decision,0,1,0.0,3.2,7.0,2.807,0.0,True,learned_prefer
phase draft decision made,send procedure confirmation,0,1,0.0,3.2,7.0,2.807,0.0,True,learned_prefer
phase draft decision made,read publication date field,0,1,0.0,3.2,7.0,2.807,0.0,True,learned_prefer
phase draft decision made,send design decision to stakeholders,0,1,0.0,3.2,7.0,2.807,0.0,True,learned_prefer
enter date advice on treatment of environmental permit,entering senddate draft decision environmental permit,0,1,0.0,3.2,7.0,2.807,0.0,True,learned_prefer
enter date advice on treatment of environmental permit,register deadline,0,1,0.0,3.2,7.0,2.807,0.0,False,impossible
enter date advice on treatment of environmental permit,decided on draft decision environmental permit,0,1,0.0,3.2,7.0,2.807,0.0,True,learned_prefer
send letter in progress,phase additional information received,0,1,0.0,3.2,7.0,2.807,0.0,True,learned_prefer
phase draft decision made,phase draft decision ready,0,1,0.0,3.2,7.0,2.807,0.0,True,learned_prefer
phase draft decision made,phase draft decision made,0,1,0.0,3.2,7.0,2.807,0.0,True,learned_prefer
enter date advice on treatment of environmental permit,enter date draft decisionenvironmental permit,0,1,0.0,3.2,7.0,2.807,0.0,True,learned_prefer
enter date advice on treatment of environmental permit,decision date prior to decision,0,1,0.0,3.2,7.0,2.807,0.0,True,learned_prefer
enter date advice on treatment of environmental permit,record date of decision environmental permit,0,1,0.0,3.2,7.0,2.807,0.0,True,learned_prefer
enter date advice on treatment of environmental permit,register objection and appeal periods,0,1,0.0,3.2,7.0,2.807,0.0,True,learned_prefer
phase draft decision made,generating decision environmental permit,0,1,0.0,3.2,7.0,2.807,0.0,True,learned_prefer
phase draft decision made,enter date advice on treatment of environmental permit,0,1,0.0,3.2,7.0,2.807,0.0,True,learned_prefer
set decision status,partly permit application,0,4,0.0,4.3,6.926,2.792,0.0,False,impossible
subcases completeness completed,received OLO documents,0,3,0.0,4.2,6.905,2.788,0.0,True,learned_prefer
subcases completeness completed,phase application receptive,0,3,0.0,4.2,6.905,2.788,0.0,True,learned_prefer
subcases completeness completed,no permit needed or only notification needed,0,3,0.0,4.2,6.905,2.788,0.0,True,learned_prefer
phase advice known,resume completeness subcases,0,3,0.0,4.2,6.905,2.788,0.0,True,learned_prefer
phase advice known,read field phased application,0,3,0.0,4.2,6.905,2.788,0.0,True,learned_prefer
phase advice known,submit decision,0,3,0.0,4.2,6.905,2.788,0.0,True,learned_prefer
phase advice known,phase procedure term resumed,0,3,0.0,4.2,6.905,2.788,0.0,False,impossible
phase advice known,extend procedure term,0,3,0.0,4.2,6.905,2.788,0.0,True,learned_prefer
subcases completeness completed,enter senddate decision permanent suspension,0,3,0.0,4.2,6.905,2.788,0.0,False,impossible
receive additional information,suspension ground applicable,0,2,0.0,3.9,6.867,2.78,0.0,True,learned_prefer
receive additional information,phase procedure aborted,0,2,0.0,3.9,6.867,2.78,0.0,True,learned_prefer
receive additional information,set decision phase decision permitting decided,0,2,0.0,3.9,6.867,2.78,0.0,True,learned_prefer
receive additional information,send design decision to stakeholders,0,2,0.0,3.9,6.867,2.78,0.0,True,learned_prefer
receive additional information,create cover letter permanent suspension,0,2,0.0,3.9,6.867,2.78,0.0,True,learned_prefer
receive additional information,decision date prior to decision,0,2,0.0,3.9,6.867,2.78,0.0,True,learned_prefer
receive additional information,decision permanent suspension irrevocable,0,2,0.0,3.9,6.867,2.78,0.0,True,learned_prefer
receive additional information,keep permanently suspended,0,2,0.0,3.9,6.867,2.78,0.0,True,learned_prefer
receive additional information,phase asked additional information,0,2,0.0,3.9,6.867,2.78,0.0,True,learned_prefer
receive additional information,decision keep permanently suspended,0,2,0.0,3.9,6.867,2.78,0.0,True,learned_prefer
receive additional information,generating decision environmental permit,0,2,0.0,3.9,6.867,2.78,0.0,True,learned_prefer
receive additional information,procedure change,0,2,0.0,3.9,6.867,2.78,0.0,True,learned_prefer
receive additional information,phase procedure term resumed,0,2,0.0,3.9,6.867,2.78,0.0,False,impossible
receive additional information,enter senddate procedure confirmation,0,2,0.0,3.9,6.867,2.78,0.0,True,learned_prefer
creating environmental permit decision,registration date publication,0,3,0.0,4.2,6.81,2.768,0.0,True,learned_prefer
creating environmental permit decision,enrich draft decision environmental permit,0,3,0.0,4.2,6.81,2.768,0.0,False,impossible
creating environmental permit decision,subcase perspective complete,0,3,0.0,4.2,6.81,2.768,0.0,False,impossible
creating environmental permit decision,read publication date field,0,3,0.0,4.2,6.81,2.768,0.0,True,learned_prefer
creating environmental permit decision,treat subcase final VVGB,0,3,0.0,4.2,6.81,2.768,0.0,True,learned_prefer
enter senddate decision procedure term extension,start decision phase extension granted,0,1,0.0,3.3,6.778,2.761,0.0,True,learned_prefer
enter senddate decision procedure term extension,register date environmental permit decision,0,1,0.0,3.3,6.778,2.761,0.0,True,learned_prefer
enter senddate decision procedure term extension,send confirmation receipt,0,1,0.0,3.3,6.778,2.761,0.0,True,learned_prefer
enter senddate decision procedure term extension,phase advice known,0,1,0.0,3.3,6.778,2.761,0.0,True,learned_prefer
enter senddate decision procedure term extension,send procedure confirmation,0,1,0.0,3.3,6.778,2.761,0.0,True,learned_prefer
phase archived case,completed subcases content,0,1,0.0,3.3,6.778,2.761,0.0,True,learned_prefer
enter senddate decision procedure term extension,coordination of application,0,1,0.0,3.3,6.778,2.761,0.0,False,impossible
send design decision to stakeholders,open draft decision for inspection,0,1,0.0,3.3,6.778,2.761,0.0,True,learned_prefer
send design decision to stakeholders,start decision phase decision permitting sent,0,1,0.0,3.3,6.778,2.761,0.0,False,impossible
send design decision to stakeholders,phase perspective submitted,0,1,0.0,3.3,6.778,2.761,0.0,True,learned_prefer
send design decision to stakeholders,set decision status,0,1,0.0,3.3,6.778,2.761,0.0,True,learned_prefer
send design decision to stakeholders,set decision phase inspection of decision permitting,0,1,0.0,3.3,6.778,2.761,0.0,True,learned_prefer
send design decision to stakeholders,set decision phase: draft decision for inspection,0,1,0.0,3.3,6.778,2.761,0.0,True,learned_prefer
WAW permit aspect,WAW request permanently suspended,0,1,0.0,3.3,6.778,2.761,0.0,False,impossible
send design decision to stakeholders,phase draft decision made,0,1,0.0,3.3,6.778,2.761,0.0,True,learned_prefer
WAW permit aspect,procedure change after completeness,0,1,0.0,3.3,6.778,2.761,0.0,True,learned_prefer
WAW permit aspect,objection to extension procedure term receptive,0,1,0.0,3.3,6.778,2.761,0.0,True,learned_prefer
WAW permit aspect,entering senddate draft decision environmental permit,0,1,0.0,3.3,6.778,2.761,0.0,True,learned_prefer
WAW permit aspect,applicant is stakeholder,0,1,0.0,3.3,6.778,2.761,0.0,True,learned_prefer
WAW permit aspect,create subcases completeness,0,1,0.0,3.3,6.778,2.761,0.0,True,learned_prefer
enter senddate decision procedure term extension,by law,0,1,0.0,3.3,6.778,2.761,0.0,True,learned_prefer
enter senddate decision procedure term extension,terminate on request,0,1,0.0,3.3,6.778,2.761,0.0,True,learned_prefer
enter senddate decision procedure term extension,inform BAG administrator,0,1,0.0,3.3,6.778,2.761,0.0,True,learned_prefer
WAW permit aspect,enter senddate procedure confirmation,0,1,0.0,3.3,6.778,2.761,0.0,True,learned_prefer
WAW permit aspect,stop process after terminate on request,0,1,0.0,3.3,6.778,2.761,0.0,False,impossible
WAW permit aspect,enter senddate retrieve missing data,0,1,0.0,3.3,6.778,2.761,0.0,True,learned_prefer
phase archived case,phase additional information received,0,1,0.0,3.3,6.778,2.761,0.0,True,learned_prefer
phase archived case,phase application received,0,1,0.0,3.3,6.778,2.761,0.0,False,impossible
WAW permit aspect,publication date draft decision,0,1,0.0,3.3,6.778,2.761,0.0,True,learned_prefer
phase archived case,send design decision to stakeholders,0,1,0.0,3.3,6.778,2.761,0.0,False,impossible
phase archived case,enter senddate decision,0,1,0.0,3.3,6.778,2.761,0.0,True,learned_prefer
phase archived case,set decision phase decision permitting decided,0,1,0.0,3.3,6.778,2.761,0.0,True,learned_prefer
phase archived case,phase decision sent,0,1,0.0,3.3,6.778,2.761,0.0,True,learned_prefer
enter senddate decision procedure term extension,forward to the competent authority,0,1,0.0,3.3,6.778,2.761,0.0,True,learned_prefer
enter senddate decision procedure term extension,enter date decision procedure term extension,0,1,0.0,3.3,6.778,2.761,0.0,True,learned_prefer
enter senddate decision procedure term extension,enter senddate retrieve missing data,0,1,0.0,3.3,6.778,2.761,0.0,True,learned_prefer
enter senddate decision procedure term extension,enter date termination request received,0,1,0.0,3.3,6.778,2.761,0.0,True,learned_prefer
phase archived case,record date of decision no permit required,0,1,0.0,3.3,6.778,2.761,0.0,True,learned_prefer
phase archived case,enter senddate decision permanent suspension,0,1,0.0,3.3,6.778,2.761,0.0,True,learned_prefer
phase archived case,set decision phase no permit required decided,0,1,0.0,3.3,6.778,2.761,0.0,False,impossible
enter senddate decision procedure term extension,MER present in supplement,0,1,0.0,3.3,6.778,2.761,0.0,False,impossible
send design decision to stakeholders,phase updated plan requested,0,1,0.0,3.3,6.778,2.761,0.0,False,impossible
send design decision to stakeholders,publication date draft decision,0,1,0.0,3.3,6.778,2.761,0.0,True,learned_prefer
send design decision to stakeholders,completed subcases content,0,1,0.0,3.3,6.778,2.761,0.0,True,learned_prefer
send design decision to stakeholders,read field phased application,0,1,0.0,3.3,6.778,2.761,0.0,True,learned_prefer
send design decision to stakeholders,record date of decision environmental permit,0,1,0.0,3.3,6.778,2.761,0.0,False,impossible
send design decision to stakeholders,register submission date request,0,1,0.0,3.3,6.778,2.761,0.0,True,learned_prefer
phase archived case,transcript decision environmental permit to stakeholders,0,1,0.0,3.3,6.778,2.761,0.0,True,learned_prefer
phase archived case,set decision phase unlicensed irrevocable,0,1,0.0,3.3,6.778,2.761,0.0,True,learned_prefer
phase archived case,subcases completeness completed,0,1,0.0,3.3,6.778,2.761,0.0,True,learned_prefer
phase archived case,start decision phase decision permitting sent,0,1,0.0,3.3,6.778,2.761,0.0,True,learned_prefer
phase archived case,phase decision taken,0,1,0.0,3.3,6.778,2.761,0.0,True,learned_prefer
enter senddate decision procedure term extension,phase procedure extended,0,1,0.0,3.3,6.778,2.761,0.0,False,impossible
enter senddate decision procedure term extension,procedure change after completeness,0,1,0.0,3.3,6.778,2.761,0.0,True,learned_prefer
enter senddate decision procedure term extension,receive additional information,0,1,0.0,3.3,6.778,2.761,0.0,True,learned_prefer
WAW permit aspect,send letter in progress,0,1,0.0,3.3,6.778,2.761,0.0,True,learned_prefer
WAW permit aspect,send procedure confirmation,0,1,0.0,3.3,6.778,2.761,0.0,True,learned_prefer
send design decision to stakeholders,treat subcases content,0,1,0.0,3.3,6.778,2.761,0.0,True,learned_prefer
WAW permit aspect,read field phased application,0,1,0.0,3.3,6.778,2.761,0.0,True,learned_prefer
WAW permit aspect,suspend term,0,1,0.0,3.3,6.778,2.761,0.0,True,learned_prefer
WAW permit aspect,enter date termination request received,0,1,0.0,3.3,6.778,2.761,0.0,False,impossible
WAW permit aspect,register date environmental permit decision,0,1,0.0,3.3,6.778,2.761,0.0,True,learned_prefer
decision date prior to decision,start decision phase extension granted,0,2,0.0,4.0,6.733,2.751,0.0,True,learned_prefer
decision date prior to decision,completed subcases content,0,2,0.0,4.0,6.733,2.751,0.0,True,learned_prefer
decision date prior to decision,create decision procedure term extension,0,2,0.0,4.0,6.733,2.751,0.0,True,learned_prefer
decision date prior to decision,generating decision no permit required,0,2,0.0,4.0,6.733,2.751,0.0,True,learned_prefer
decision date prior to decision,forward to the competent authority,0,2,0.0,4.0,6.733,2.751,0.0,True,learned_prefer
extend procedure term,enter senddate decision suspension,0,2,0.0,4.0,6.733,2.751,0.0,True,learned_prefer
decision date prior to decision,treat subcases content,0,2,0.0,4.0,6.733,2.751,0.0,True,learned_prefer
extend procedure term,MER present in supplement,0,2,0.0,4.0,6.733,2.751,0.0,True,learned_prefer
decision date prior to decision,perspective regarding draft founded,0,2,0.0,4.0,6.733,2.751,0.0,False,impossible
extend procedure term,subcases completeness completed,0,2,0.0,4.0,6.733,2.751,0.0,True,learned_prefer
extend procedure term,phase decision taken,0,2,0.0,4.0,6.733,2.751,0.0,True,learned_prefer
extend procedure term,receive additional information,0,2,0.0,4.0,6.733,2.751,0.0,True,learned_prefer
extend procedure term,start decision phase extension granted,0,2,0.0,4.0,6.733,2.751,0.0,True,learned_prefer
extend procedure term,register suspension by competent authority,0,2,0.0,4.0,6.733,2.751,0.0,True,learned_prefer
extend procedure term,completed subcases content,0,2,0.0,4.0,6.733,2.751,0.0,True,learned_prefer
decision date prior to decision,set decision phase decision permitting decided,0,2,0.0,4.0,6.733,2.751,0.0,True,learned_prefer
register date environmental permit decision,WAW permit aspect,0,2,0.0,4.0,6.733,2.751,0.0,True,learned_prefer
register date environmental permit decision,article 34  WABO applies,0,2,0.0,4.0,6.733,2.751,0.0,True,learned_prefer
register date environmental permit decision,MER present in supplement,0,2,0.0,4.0,6.733,2.751,0.0,True,learned_prefer
register date environmental permit decision,set decision phase decision permitting decided,0,2,0.0,4.0,6.733,2.751,0.0,True,learned_prefer
register date environmental permit decision,subcase perspective complete,0,2,0.0,4.0,6.733,2.751,0.0,True,learned_prefer
register date environmental permit decision,environmental permit irrevocable,0,2,0.0,4.0,6.733,2.751,0.0,True,learned_prefer
register date environmental permit decision,treat subcases content,0,2,0.0,4.0,6.733,2.751,0.0,True,learned_prefer
register date environmental permit decision,objection lodged against decision,0,2,0.0,4.0,6.733,2.751,0.0,True,learned_prefer
register date environmental permit decision,phase decision sent,0,2,0.0,4.0,6.733,2.751,0.0,False,impossible
publish,inform BAG administrator,0,1,0.0,3.4,6.556,2.713,0.0,True,learned_prefer
enter receipt of additional data,enter date advice on treatment of environmental permit,0,1,0.0,3.4,6.556,2.713,0.0,True,learned_prefer
generate draft decision environmental permit,enter publication date draft decision,0,1,0.0,3.4,6.556,2.713,0.0,True,learned_prefer
enter receipt of additional data,enter enddate of suspension,0,1,0.0,3.4,6.556,2.713,0.0,False,impossible
generate draft decision environmental permit,phase draft decision ready,0,1,0.0,3.4,6.556,2.713,0.0,True,learned_prefer
generate draft decision environmental permit,treat subcase final VVGB,0,1,0.0,3.4,6.556,2.713,0.0,True,learned_prefer
generate draft decision environmental permit,publication date draft decision,0,1,0.0,3.4,6.556,2.713,0.0,False,impossible
generate draft decision environmental permit,creating environmental permit decision,0,1,0.0,3.4,6.556,2.713,0.0,True,learned_prefer
enter receipt of additional data,register date environmental permit decision,0,1,0.0,3.4,6.556,2.713,0.0,True,learned_prefer
enter receipt of additional data,registrer date of publishing received request,0,1,0.0,3.4,6.556,2.713,0.0,True,learned_prefer
enter receipt of additional data,WAW permit aspect,0,1,0.0,3.4,6.556,2.713,0.0,True,learned_prefer
enter receipt of additional data,activities regular procedure,0,1,0.0,3.4,6.556,2.713,0.0,True,learned_prefer
enter receipt of additional data,assessment of content completed,0,1,0.0,3.4,6.556,2.713,0.0,True,learned_prefer
enter receipt of additional data,create subcases content,0,1,0.0,3.4,6.556,2.713,0.0,True,learned_prefer
enter receipt of additional data,no permit needed or only notification needed,0,1,0.0,3.4,6.556,2.713,0.0,True,learned_prefer
enter receipt of additional data,record date of decision environmental permit,0,1,0.0,3.4,6.556,2.713,0.0,True,learned_prefer
generate draft decision environmental permit,set decision phase decision permitting decided,0,1,0.0,3.4,6.556,2.713,0.0,False,impossible
generate draft decision environmental permit,send procedure confirmation,0,1,0.0,3.4,6.556,2.713,0.0,True,learned_prefer
generate draft decision environmental permit,send design decision to stakeholders,0,1,0.0,3.4,6.556,2.713,0.0,True,learned_prefer
generate draft decision environmental permit,read field phased application,0,1,0.0,3.4,6.556,2.713,0.0,True,learned_prefer
enter receipt of additional data,terminate on request,0,1,0.0,3.4,6.556,2.713,0.0,True,learned_prefer
enter receipt of additional data,start decision phase decision permitting sent,0,1,0.0,3.4,6.556,2.713,0.0,True,learned_prefer
enter receipt of additional data,OLO messaging active,0,1,0.0,3.4,6.556,2.713,0.0,False,impossible
enter receipt of additional data,MER present in supplement,0,1,0.0,3.4,6.556,2.713,0.0,True,learned_prefer
enter receipt of additional data,inform BAG administrator,0,1,0.0,3.4,6.556,2.713,0.0,True,learned_prefer
enter receipt of additional data,forward to the competent authority,0,1,0.0,3.4,6.556,2.713,0.0,True,learned_prefer
enter receipt of additional data,extend procedure term,0,1,0.0,3.4,6.556,2.713,0.0,True,learned_prefer
enter receipt of additional data,enter senddate decision procedure term extension,0,1,0.0,3.4,6.556,2.713,0.0,True,learned_prefer
generate draft decision environmental permit,message change status,0,1,0.0,3.4,6.556,2.713,0.0,False,impossible
generate draft decision environmental permit,perspective on draft decision environmental permit received,0,1,0.0,3.4,6.556,2.713,0.0,True,learned_prefer
generate draft decision environmental permit,phase additional information received,0,1,0.0,3.4,6.556,2.713,0.0,True,learned_prefer
generate draft decision environmental permit,generating decision environmental permit,0,1,0.0,3.4,6.556,2.713,0.0,False,impossible
generate draft decision environmental permit,dismiss under mandate,0,1,0.0,3.4,6.556,2.713,0.0,True,learned_prefer
generate draft decision environmental permit,enrich draft decision environmental permit,0,1,0.0,3.4,6.556,2.713,0.0,True,learned_prefer
publish,set decision phase decision permitting decided,0,1,0.0,3.4,6.556,2.713,0.0,True,learned_prefer
publish,start WABOprocedure,0,1,0.0,3.4,6.556,2.713,0.0,True,learned_prefer
publish,submit decision,0,1,0.0,3.4,6.556,2.713,0.0,True,learned_prefer
publish,treat subcases content,0,1,0.0,3.4,6.556,2.713,0.0,True,learned_prefer
publish,terminate on request,0,1,0.0,3.4,6.556,2.713,0.0,True,learned_prefer
publish,term for supplying missing data,0,1,0.0,3.4,6.556,2.713,0.0,True,learned_prefer
publish,initiative competent authority,0,1,0.0,3.4,6.556,2.713,0.0,True,learned_prefer
publish,registrer date of publishing received request,0,1,0.0,3.4,6.556,2.713,0.0,True,learned_prefer
publish,procedure change,0,1,0.0,3.4,6.556,2.713,0.0,True,learned_prefer
publish,phase procedure extended,0,1,0.0,3.4,6.556,2.713,0.0,True,learned_prefer
publish,set decision status,0,1,0.0,3.4,6.556,2.713,0.0,True,learned_prefer
publish,send message OLO status additions required,0,1,0.0,3.4,6.556,2.713,0.0,True,learned_prefer
publish,WAW permit aspect,0,1,0.0,3.4,6.556,2.713,0.0,True,learned_prefer
publish,MER present,0,1,0.0,3.4,6.556,2.713,0.0,False,impossible
publish,completed subcases content,0,1,0.0,3.4,6.556,2.713,0.0,True,learned_prefer
publish,enter senddate procedure confirmation,0,1,0.0,3.4,6.556,2.713,0.0,True,learned_prefer
generate draft decision environmental permit,start decisionphase draft decision - permitting decided,0,1,0.0,3.4,6.556,2.713,0.0,True,learned_prefer
publish,calculate provisional charges,0,1,0.0,3.4,6.556,2.713,0.0,False,impossible
enter receipt of additional data,enter date decision permanent suspension,0,1,0.0,3.4,6.556,2.713,0.0,True,learned_prefer
send confirmation receipt,record date of decision environmental permit,0,2,0.0,2.5,6.52,2.705,0.0,True,learned_prefer
send confirmation receipt,received OLO documents,0,2,0.0,2.5,6.52,2.705,0.0,False,impossible
send confirmation receipt,enter senddate letter to stakeholders,0,2,0.0,2.5,6.52,2.705,0.0,True,learned_prefer
send confirmation receipt,enter senddate decision permanent suspension,0,2,0.0,2.5,6.52,2.705,0.0,True,learned_prefer
send confirmation receipt,generating decision no permit required,0,2,0.0,2.5,6.52,2.705,0.0,True,learned_prefer
send confirmation receipt,grounds for refusal,0,2,0.0,2.5,6.52,2.705,0.0,True,learned_prefer
send confirmation receipt,inform BAG administrator,0,2,0.0,2.5,6.52,2.705,0.0,True,learned_prefer
send confirmation receipt,enter senddate retrieve missing data,0,2,0.0,2.5,6.52,2.705,0.0,True,learned_prefer
send confirmation receipt,set decision phase: suspension cancelled,0,2,0.0,2.5,6.52,2.705,0.0,True,learned_prefer
send confirmation receipt,register date environmental permit decision,0,2,0.0,2.5,6.52,2.705,0.0,True,learned_prefer
send confirmation receipt,phase updated plan requested,0,2,0.0,2.5,6.52,2.705,0.0,False,impossible
send confirmation receipt,updated plan received,0,2,0.0,2.5,6.52,2.705,0.0,True,learned_prefer
send confirmation receipt,registration date publication,0,2,0.0,2.5,6.52,2.705,0.0,True,learned_prefer
enter date decision procedure term extension,submit decision,0,1,0.0,3.6,6.333,2.663,0.0,True,learned_prefer
enter date decision procedure term extension,forward to the competent authority,0,1,0.0,3.6,6.333,2.663,0.0,True,learned_prefer
enter date decision procedure term extension,enter senddate procedure term extension,0,1,0.0,3.6,6.333,2.663,0.0,True,learned_prefer
enter date decision procedure term extension,enter senddate decision procedure term extension,0,1,0.0,3.6,6.333,2.663,0.0,True,learned_prefer
enter date decision procedure term extension,enter senddate decision environmental permit,0,1,0.0,3.6,6.333,2.663,0.0,True,learned_prefer
enter date decision procedure term extension,create cover letter extend procedure term,0,1,0.0,3.6,6.333,2.663,0.0,True,learned_prefer
enter date decision procedure term extension,copy decision to extend procedure to stakeholders,0,1,0.0,3.6,6.333,2.663,0.0,True,learned_prefer
enter date decision procedure term extension,applicant is stakeholder,0,1,0.0,3.6,6.333,2.663,0.0,True,learned_prefer
enter date decision procedure term extension,OLO messaging active,0,1,0.0,3.6,6.333,2.663,0.0,True,learned_prefer
activities regular procedure,phased application,0,1,0.0,3.6,6.333,2.663,0.0,True,learned_prefer
enter date decision procedure term extension,register date environmental permit decision,0,1,0.0,3.6,6.333,2.663,0.0,False,impossible
enter date decision procedure term extension,record date of decision environmental permit,0,1,0.0,3.6,6.333,2.663,0.0,True,learned_prefer
enter date decision procedure term extension,subcases completeness completed,0,1,0.0,3.6,6.333,2.663,0.0,True,learned_prefer
enter date decision procedure term extension,enter receipt of additional data,0,1,0.0,3.6,6.333,2.663,0.0,True,learned_prefer
enter date decision procedure term extension,decision procedure term extension,0,1,0.0,3.6,6.333,2.663,0.0,True,learned_prefer
enter date decision procedure term extension,creating decision procedure term extension,0,1,0.0,3.6,6.333,2.663,0.0,True,learned_prefer
enter date decision procedure term extension,create publication document,0,1,0.0,3.6,6.333,2.663,0.0,True,learned_prefer
enter date decision procedure term extension,request complete,0,1,0.0,3.6,6.333,2.663,0.0,True,learned_prefer
phase procedure aborted,stop all running subcases 2b,0,1,0.0,3.6,6.333,2.663,0.0,True,learned_prefer
phase procedure aborted,phase forwarded to competent authority,0,1,0.0,3.6,6.333,2.663,0.0,True,learned_prefer
activities regular procedure,create subcases completeness,0,1,0.0,3.6,6.333,2.663,0.0,True,learned_prefer
activities regular procedure,applicant is stakeholder,0,1,0.0,3.6,6.333,2.663,0.0,True,learned_prefer
activities regular procedure,register date environmental permit decision,0,1,0.0,3.6,6.333,2.663,0.0,True,learned_prefer
activities regular procedure,decision terminate on request,0,1,0.0,3.6,6.333,2.663,0.0,True,learned_prefer
phase procedure aborted,close case,0,1,0.0,3.6,6.333,2.663,0.0,True,learned_prefer
phase procedure aborted,enter senddate request termination,0,1,0.0,3.6,6.333,2.663,0.0,True,learned_prefer
phase procedure aborted,start decision phase permanent suspension sent,0,1,0.0,3.6,6.333,2.663,0.0,True,learned_prefer
phase procedure aborted,decision permanent suspension irrevocable,0,1,0.0,3.6,6.333,2.663,0.0,True,learned_prefer
phase procedure aborted,creating decision permanently suspended,0,1,0.0,3.6,6.333,2.663,0.0,True,learned_prefer
activities regular procedure,regular procedure applies,0,1,0.0,3.6,6.333,2.663,0.0,True,learned_prefer
activities regular procedure,phase advice known,0,1,0.0,3.6,6.333,2.663,0.0,True,learned_prefer
activities regular procedure,first phase affected,0,1,0.0,3.6,6.333,2.663,0.0,False,impossible
activities regular procedure,treat subcases content,0,1,0.0,3.6,6.333,2.663,0.0,True,learned_prefer
phase procedure aborted,read publication date field,0,1,0.0,3.6,6.333,2.663,0.0,True,learned_prefer
phase procedure aborted,set decision status,0,1,0.0,3.6,6.333,2.663,0.0,True,learned_prefer
phase procedure aborted,start WABOprocedure,0,1,0.0,3.6,6.333,2.663,0.0,False,impossible
phase procedure aborted,registration date publication,0,1,0.0,3.6,6.333,2.663,0.0,True,learned_prefer
phase procedure aborted,register deadline,0,1,0.0,3.6,6.333,2.663,0.0,True,learned_prefer
activities regular procedure,enter senddate retrieve missing data,0,1,0.0,3.6,6.333,2.663,0.0,True,learned_prefer
activities regular procedure,first or second phase,0,1,0.0,3.6,6.333,2.663,0.0,True,learned_prefer
activities regular procedure,enter senddate draft decision,0,1,0.0,3.6,6.333,2.663,0.0,True,learned_prefer
activities regular procedure,enter senddate decision environmental permit,0,1,0.0,3.6,6.333,2.663,0.0,True,learned_prefer
activities regular procedure,decision procedure term extension,0,1,0.0,3.6,6.333,2.663,0.0,True,learned_prefer
activities regular procedure,enter date advice on treatment of environmental permit,0,1,0.0,3.6,6.333,2.663,0.0,True,learned_prefer
enter date decision procedure term extension,procedure change,0,1,0.0,3.6,6.333,2.663,0.0,True,learned_prefer
create decision procedure term extension,phase advice known,0,1,0.0,3.6,6.333,2.663,0.0,True,learned_prefer
create decision procedure term extension,enter senddate procedure term extension,0,1,0.0,3.6,6.333,2.663,0.0,True,learned_prefer
create decision procedure term extension,creating decision procedure term extension,0,1,0.0,3.6,6.333,2.663,0.0,True,learned_prefer
create decision procedure term extension,assessment of content completed,0,1,0.0,3.6,6.333,2.663,0.0,True,learned_prefer
create decision procedure term extension,procedure change,0,1,0.0,3.6,6.333,2.663,0.0,False,impossible
no permit needed or only notification needed,send confirmation receipt additional data,0,2,0.0,4.3,6.333,2.663,0.0,True,learned_prefer
no permit needed or only notification needed,set phase decision revoked,0,2,0.0,4.3,6.333,2.663,0.0,True,learned_prefer
no permit needed or only notification needed,MER present in supplement,0,2,0.0,4.3,6.333,2.663,0.0,True,learned_prefer
no permit needed or only notification needed,extend procedure term,0,2,0.0,4.3,6.333,2.663,0.0,True,learned_prefer
activities regular procedure,phase application receptive,0,1,0.0,3.6,6.333,2.663,0.0,False,impossible
no permit needed or only notification needed,WAW permit aspect,0,2,0.0,4.3,6.333,2.663,0.0,True,learned_prefer
no permit needed or only notification needed,procedure change after completeness,0,2,0.0,4.3,6.333,2.663,0.0,True,learned_prefer
no permit needed or only notification needed,calculate provisional charges,0,2,0.0,4.3,6.333,2.663,0.0,True,learned_prefer
activities regular procedure,phase asked additional information,0,1,0.0,3.6,6.333,2.663,0.0,False,impossible
no permit needed or only notification needed,create decision no permit required,0,2,0.0,4.3,6.333,2.663,0.0,True,learned_prefer
no permit needed or only notification needed,create letter no permit or only notification required,0,2,0.0,4.3,6.333,2.663,0.0,True,learned_prefer
phase procedure aborted,record date of decision no permit required,0,1,0.0,3.6,6.333,2.663,0.0,False,impossible
record date of decision environmental permit,appeal logded,0,2,0.0,4.3,6.2,2.632,0.0,True,learned_prefer
forward to the competent authority,registration date publication,0,2,0.0,4.3,6.2,2.632,0.0,True,learned_prefer
forward to the competent authority,terminate on request,0,2,0.0,4.3,6.2,2.632,0.0,True,learned_prefer
record date of decision environmental permit,create subcases completeness,0,2,0.0,4.3,6.2,2.632,0.0,True,learned_prefer
forward to the competent authority,start WABOprocedure,0,2,0.0,4.3,6.2,2.632,0.0,True,learned_prefer
forward to the competent authority,applicant is stakeholder,0,2,0.0,4.3,6.2,2.632,0.0,True,learned_prefer
forward to the competent authority,treat subcases content,0,2,0.0,4.3,6.2,2.632,0.0,True,learned_prefer
record date of decision environmental permit,send procedure confirmation,0,2,0.0,4.3,6.2,2.632,0.0,True,learned_prefer
forward to the competent authority,create decision no permit required,0,2,0.0,4.3,6.2,2.632,0.0,True,learned_prefer
record date of decision environmental permit,set decision status,0,2,0.0,4.3,6.2,2.632,0.0,True,learned_prefer
record date of decision environmental permit,request complete,0,2,0.0,4.3,6.2,2.632,0.0,False,impossible
record date of decision environmental permit,transcript decision environmental permit to stakeholders,0,2,0.0,4.3,6.2,2.632,0.0,True,learned_prefer
record date of decision environmental permit,subcase perspective complete,0,2,0.0,4.3,6.2,2.632,0.0,False,impossible
record date of decision environmental permit,decision date prior to decision,0,2,0.0,4.3,6.2,2.632,0.0,True,learned_prefer
registration date publication,enter date decision permanent suspension,0,3,0.0,4.7,6.143,2.619,0.0,True,learned_prefer
registration date publication,suspension ground applicable,0,3,0.0,4.7,6.143,2.619,0.0,True,learned_prefer
registration date publication,enter senddate retrieve missing data,0,3,0.0,4.7,6.143,2.619,0.0,True,learned_prefer
received OLO documents,calculate final charges,0,1,0.0,3.7,6.111,2.611,0.0,True,learned_prefer
received OLO documents,enter date decision procedure term extension,0,1,0.0,3.7,6.111,2.611,0.0,False,impossible
received OLO documents,objection lodged against decision,0,1,0.0,3.7,6.111,2.611,0.0,True,learned_prefer
enter senddate decision suspension,phase decision ready,0,1,0.0,3.7,6.111,2.611,0.0,True,learned_prefer
enter senddate decision suspension,phase application receptive,0,1,0.0,3.7,6.111,2.611,0.0,True,learned_prefer
received OLO documents,enter senddate decision,0,1,0.0,3.7,6.111,2.611,0.0,True,learned_prefer
received OLO documents,registration date publication,0,1,0.0,3.7,6.111,2.611,0.0,True,learned_prefer
received OLO documents,transcript decision environmental permit to stakeholders,0,1,0.0,3.7,6.111,2.611,0.0,True,learned_prefer
received OLO documents,start decision phase decision permitting sent,0,1,0.0,3.7,6.111,2.611,0.0,True,learned_prefer
received OLO documents,treat subcases content,0,1,0.0,3.7,6.111,2.611,0.0,True,learned_prefer
enter senddate decision suspension,subcase art. 33 WABO completed,0,1,0.0,3.7,6.111,2.611,0.0,True,learned_prefer
enter senddate decision suspension,suspend term,0,1,0.0,3.7,6.111,2.611,0.0,True,learned_prefer
enter senddate decision suspension,set decision status,0,1,0.0,3.7,6.111,2.611,0.0,True,learned_prefer
enter senddate decision suspension,enter receipt of additional data,0,1,0.0,3.7,6.111,2.611,0.0,True,learned_prefer
enter senddate decision suspension,completed subcases content,0,1,0.0,3.7,6.111,2.611,0.0,True,learned_prefer
enter senddate decision suspension,phase additional information received,0,1,0.0,3.7,6.111,2.611,0.0,True,learned_prefer
enter senddate decision suspension,OLO messaging active,0,1,0.0,3.7,6.111,2.611,0.0,True,learned_prefer
enter senddate decision suspension,creating decision suspension art. 33 WABO,0,1,0.0,3.7,6.111,2.611,0.0,True,learned_prefer
enter senddate decision suspension,creating decision suspension art. 34 WABO,0,1,0.0,3.7,6.111,2.611,0.0,True,learned_prefer
enter senddate decision suspension,treat subcases content,0,1,0.0,3.7,6.111,2.611,0.0,True,learned_prefer
enter senddate decision suspension,treat subcase suspension art. 33 WABO,0,1,0.0,3.7,6.111,2.611,0.0,True,learned_prefer
enter senddate decision suspension,phase application received,0,1,0.0,3.7,6.111,2.611,0.0,True,learned_prefer
enter senddate decision suspension,subcase art. 35 WABO completed,0,1,0.0,3.7,6.111,2.611,0.0,False,impossible
received OLO documents,phase asked additional information,0,1,0.0,3.7,6.111,2.611,0.0,True,learned_prefer
enter senddate decision suspension,creating environmental permit decision,0,1,0.0,3.7,6.111,2.611,0.0,False,impossible
enter senddate decision suspension,enter enddate suspension art. 33 WABO,0,1,0.0,3.7,6.111,2.611,0.0,True,learned_prefer
received OLO documents,phase case handled,0,1,0.0,3.7,6.111,2.611,0.0,False,impossible
received OLO documents,phase decision sent,0,1,0.0,3.7,6.111,2.611,0.0,True,learned_prefer
received OLO documents,completed subcases content,0,1,0.0,3.7,6.111,2.611,0.0,True,learned_prefer
received OLO documents,read field phased application,0,1,0.0,3.7,6.111,2.611,0.0,True,learned_prefer
received OLO documents,procedure change after completeness,0,1,0.0,3.7,6.111,2.611,0.0,False,impossible
received OLO documents,procedure change,0,1,0.0,3.7,6.111,2.611,0.0,True,learned_prefer
received OLO documents,register objection and appeal periods,0,1,0.0,3.7,6.111,2.611,0.0,True,learned_prefer
received OLO documents,creating environmental permit decision,0,1,0.0,3.7,6.111,2.611,0.0,True,learned_prefer
received OLO documents,creating decision permanently suspended,0,1,0.0,3.7,6.111,2.611,0.0,False,impossible
terminate on request,enter objectionterm,0,1,0.0,2.2,6.067,2.601,0.0,True,learned_prefer
terminate on request,enter senddate acknowledgement,0,1,0.0,2.2,6.067,2.601,0.0,True,learned_prefer
terminate on request,enter senddate procedure confirmation,0,1,0.0,2.2,6.067,2.601,0.0,True,learned_prefer
terminate on request,enter senddate request termination,0,1,0.0,2.2,6.067,2.601,0.0,True,learned_prefer
applicant is stakeholder,activities regular procedure,0,2,0.0,4.4,6.067,2.601,0.0,True,learned_prefer
applicant is stakeholder,calculate provisional charges,0,2,0.0,4.4,6.067,2.601,0.0,True,learned_prefer
applicant is stakeholder,no permit needed or only notification needed,0,2,0.0,4.4,6.067,2.601,0.0,True,learned_prefer
applicant is stakeholder,perspective regarding draft founded,0,2,0.0,4.4,6.067,2.601,0.0,False,impossible
applicant is stakeholder,procedure change after completeness,0,2,0.0,4.4,6.067,2.601,0.0,True,learned_prefer
applicant is stakeholder,receive additional information,0,2,0.0,4.4,6.067,2.601,0.0,True,learned_prefer
applicant is stakeholder,create publication document,0,2,0.0,4.4,6.067,2.601,0.0,True,learned_prefer
applicant is stakeholder,enter senddate procedure confirmation,0,2,0.0,4.4,6.067,2.601,0.0,True,learned_prefer
applicant is stakeholder,register number of days extension period,0,2,0.0,4.4,6.067,2.601,0.0,True,learned_prefer
applicant is stakeholder,registrer date of publishing received request,0,2,0.0,4.4,6.067,2.601,0.0,True,learned_prefer
applicant is stakeholder,send confirmation receipt,0,2,0.0,4.4,6.067,2.601,0.0,True,learned_prefer
applicant is stakeholder,suspend term,0,2,0.0,4.4,6.067,2.601,0.0,True,learned_prefer
regular procedure without MER,WAW permit aspect,0,2,0.0,4.4,6.067,2.601,0.0,True,learned_prefer
regular procedure without MER,enter senddate retrieve missing data,0,2,0.0,4.4,6.067,2.601,0.0,True,learned_prefer
regular procedure without MER,create cover letter extend procedure term,0,2,0.0,4.4,6.067,2.601,0.0,False,impossible
regular procedure without MER,create procedure confirmation,0,2,0.0,4.4,6.067,2.601,0.0,True,learned_prefer
regular procedure without MER,enter date termination request received,0,2,0.0,4.4,6.067,2.601,0.0,True,learned_prefer
regular procedure without MER,enter senddate acknowledgement,0,2,0.0,4.4,6.067,2.601,0.0,True,learned_prefer
regular procedure without MER,publish,0,2,0.0,4.4,6.067,2.601,0.0,True,learned_prefer
regular procedure without MER,register submission date request,0,2,0.0,4.4,6.067,2.601,0.0,True,learned_prefer
regular procedure without MER,registration date publication,0,2,0.0,4.4,6.067,2.601,0.0,True,learned_prefer
regular procedure without MER,send confirmation receipt,0,2,0.0,4.4,6.067,2.601,0.0,True,learned_prefer
regular procedure without MER,send procedure confirmation,0,2,0.0,4.4,6.067,2.601,0.0,True,learned_prefer
regular procedure without MER,set decision status,0,2,0.0,4.4,6.067,2.601,0.0,True,learned_prefer
terminate on request,cancel case,0,1,0.0,2.2,6.067,2.601,0.0,True,learned_prefer
terminate on request,MER present in supplement,0,1,0.0,2.2,6.067,2.601,0.0,True,learned_prefer
terminate on request,MER present,0,1,0.0,2.2,6.067,2.601,0.0,True,learned_prefer
terminate on request,create letter no permit or only notification required,0,1,0.0,2.2,6.067,2.601,0.0,True,learned_prefer
terminate on request,no permit needed or only notification needed,0,1,0.0,2.2,6.067,2.601,0.0,True,learned_prefer
terminate on request,generate draft decision environmental permit,0,1,0.0,2.2,6.067,2.601,0.0,True,learned_prefer
terminate on request,forward to the competent authority,0,1,0.0,2.2,6.067,2.601,0.0,True,learned_prefer
terminate on request,treat subcases content,0,1,0.0,2.2,6.067,2.601,0.0,True,learned_prefer
terminate on request,phase archived case,0,1,0.0,2.2,6.067,2.601,0.0,True,learned_prefer
terminate on request,phase procedure prematurely terminated,0,1,0.0,2.2,6.067,2.601,0.0,True,learned_prefer
terminate on request,objection to extension procedure term receptive,0,1,0.0,2.2,6.067,2.601,0.0,True,learned_prefer
terminate on request,partly permit application,0,1,0.0,2.2,6.067,2.601,0.0,True,learned_prefer
terminate on request,phase application received,0,1,0.0,2.2,6.067,2.601,0.0,True,learned_prefer
terminate on request,enter date advice on treatment of environmental permit,0,1,0.0,2.2,6.067,2.601,0.0,True,learned_prefer
terminate on request,enter date termination request received,0,1,0.0,2.2,6.067,2.601,0.0,True,learned_prefer
terminate on request,register date environmental permit decision,0,1,0.0,2.2,6.067,2.601,0.0,True,learned_prefer
terminate on request,send confirmation receipt,0,1,0.0,2.2,6.067,2.601,0.0,True,learned_prefer
terminate on request,send procedure confirmation,0,1,0.0,2.2,6.067,2.601,0.0,True,learned_prefer
terminate on request,phased application,0,1,0.0,2.2,6.067,2.601,0.0,True,learned_prefer
terminate on request,stop all running subcases 2b,0,1,0.0,2.2,6.067,2.601,0.0,True,learned_prefer
request complete,regular procedure without MER,0,3,0.0,4.8,6.048,2.596,0.0,True,learned_prefer
request complete,treat subcases content,0,3,0.0,4.8,6.048,2.596,0.0,True,learned_prefer
request complete,generating decision environmental permit,0,3,0.0,4.8,6.048,2.596,0.0,True,learned_prefer
start WABOprocedure,send confirmation receipt,0,3,0.0,4.8,5.952,2.573,0.0,True,learned_prefer
start WABOprocedure,phase procedure extended,0,3,0.0,4.8,5.952,2.573,0.0,False,impossible
start WABOprocedure,investigate BAG objects,0,3,0.0,4.8,5.952,2.573,0.0,True,learned_prefer
start WABOprocedure,subcases completeness completed,0,3,0.0,4.8,5.952,2.573,0.0,True,learned_prefer
generating decision environmental permit,date decision for inspection,0,3,0.0,4.8,5.952,2.573,0.0,True,learned_prefer
generating decision environmental permit,generate draft decision environmental permit,0,3,0.0,4.8,5.952,2.573,0.0,True,learned_prefer
start WABOprocedure,request updated plan,0,3,0.0,4.8,5.952,2.573,0.0,False,impossible
generating decision environmental permit,create monitoring case,0,3,0.0,4.8,5.952,2.573,0.0,True,learned_prefer
start WABOprocedure,submit decision,0,3,0.0,4.8,5.952,2.573,0.0,True,learned_prefer
phase asked additional information,request complete,0,2,0.0,4.5,5.933,2.569,0.0,True,learned_prefer
entering senddate draft decision environmental permit,record date of decision environmental permit,0,2,0.0,4.5,5.933,2.569,0.0,True,learned_prefer
phase asked additional information,send procedure confirmation,0,2,0.0,4.5,5.933,2.569,0.0,True,learned_prefer
phase asked additional information,enter senddate acknowledgement,0,2,0.0,4.5,5.933,2.569,0.0,True,learned_prefer
phase asked additional information,keep permanently suspended,0,2,0.0,4.5,5.933,2.569,0.0,True,learned_prefer
phase asked additional information,register deadline,0,2,0.0,4.5,5.933,2.569,0.0,True,learned_prefer
phase asked additional information,phase advice known,0,2,0.0,4.5,5.933,2.569,0.0,True,learned_prefer
entering senddate draft decision environmental permit,enter date publication decision environmental permit,0,2,0.0,4.5,5.933,2.569,0.0,True,learned_prefer
entering senddate draft decision environmental permit,enter date advice on treatment of environmental permit,0,2,0.0,4.5,5.933,2.569,0.0,True,learned_prefer
phase asked additional information,phase application received,0,2,0.0,4.5,5.933,2.569,0.0,True,learned_prefer
create subcases completeness,reason for suspension found,0,2,0.0,4.7,5.8,2.536,0.0,False,impossible
create subcases completeness,read field phased application,0,2,0.0,4.7,5.8,2.536,0.0,False,impossible
create subcases completeness,start WABOprocedure,0,2,0.0,4.7,5.8,2.536,0.0,True,learned_prefer
create subcases completeness,OLO messaging active,0,2,0.0,4.7,5.8,2.536,0.0,True,learned_prefer
start decision phase decision permitting sent,appeal logded,0,2,0.0,4.7,5.8,2.536,0.0,True,learned_prefer
create subcases completeness,receive additional information,0,2,0.0,4.7,5.8,2.536,0.0,True,learned_prefer
create subcases completeness,start decision phase extension granted,0,2,0.0,4.7,5.8,2.536,0.0,True,learned_prefer
start decision phase decision permitting sent,set decision phase: draft decision permitted sent,0,2,0.0,4.7,5.8,2.536,0.0,False,impossible
phase decision taken,subcase art. 33 WABO completed,0,2,0.0,4.7,5.8,2.536,0.0,True,learned_prefer
start decision phase decision permitting sent,phase archived case,0,2,0.0,4.7,5.8,2.536,0.0,True,learned_prefer
start decision phase decision permitting sent,entering senddate draft decision environmental permit,0,2,0.0,4.7,5.8,2.536,0.0,False,impossible
phase decision taken,create publication document,0,2,0.0,4.7,5.8,2.536,0.0,True,learned_prefer
start decision phase decision permitting sent,create publication document,0,2,0.0,4.7,5.8,2.536,0.0,True,learned_prefer
start decision phase decision permitting sent,set phase: phase permitting irrevocable,0,2,0.0,4.7,5.8,2.536,0.0,True,learned_prefer
start decision phase decision permitting sent,set decision phase decision permitting decided,0,2,0.0,4.7,5.8,2.536,0.0,True,learned_prefer
start decision phase decision permitting sent,send procedure confirmation,0,2,0.0,4.7,5.8,2.536,0.0,True,learned_prefer
create subcases completeness,phase concept draft decision ready,0,2,0.0,4.7,5.8,2.536,0.0,True,learned_prefer
phase decision taken,generating decision environmental permit,0,2,0.0,4.7,5.8,2.536,0.0,True,learned_prefer
phase decision taken,start decision phase decision permitting sent,0,2,0.0,4.7,5.8,2.536,0.0,True,learned_prefer
create subcases completeness,create continuation letter,0,2,0.0,4.7,5.8,2.536,0.0,False,impossible
phase decision taken,send message OLO status decision,0,2,0.0,4.7,5.8,2.536,0.0,False,impossible
phase decision taken,phase asked additional information,0,2,0.0,4.7,5.8,2.536,0.0,True,learned_prefer
phase decision taken,record date of decision environmental permit,0,2,0.0,4.7,5.8,2.536,0.0,True,learned_prefer
phase decision taken,enter senddate decision environmental permit,0,2,0.0,4.7,5.8,2.536,0.0,True,learned_prefer
start decision phase decision permitting sent,create draft environtmental permit,0,2,0.0,4.7,5.8,2.536,0.0,False,impossible
create subcases completeness,send letter in progress,0,2,0.0,4.7,5.8,2.536,0.0,True,learned_prefer
submit draft decision,receive additional information,0,1,0.0,4.0,5.667,2.503,0.0,False,impossible
procedure change,request further information,0,4,0.0,5.3,5.667,2.503,0.0,True,learned_prefer
enter senddate procedure confirmation,publish official draft decision,0,3,0.0,5.1,5.667,2.503,0.0,True,learned_prefer
submit draft decision,assessment of content completed,0,1,0.0,4.0,5.667,2.503,0.0,True,learned_prefer
enter senddate procedure confirmation,enter senddate suspension by competent authority,0,3,0.0,5.1,5.667,2.503,0.0,True,learned_prefer
procedure change,phase advice known,0,4,0.0,5.3,5.667,2.503,0.0,True,learned_prefer
submit draft decision,procedure change,0,1,0.0,4.0,5.667,2.503,0.0,True,learned_prefer
submit draft decision,send design decision to stakeholders,0,1,0.0,4.0,5.667,2.503,0.0,True,learned_prefer
submit draft decision,phase decision ready,0,1,0.0,4.0,5.667,2.503,0.0,False,impossible
enter senddate procedure confirmation,record date of decision environmental permit,0,3,0.0,5.1,5.667,2.503,0.0,True,learned_prefer
submit draft decision,forward to the competent authority,0,1,0.0,4.0,5.667,2.503,0.0,False,impossible
submit draft decision,phase application receptive,0,1,0.0,4.0,5.667,2.503,0.0,False,impossible
enter senddate retrieve missing data,no permit needed or only notification needed,0,2,0.0,4.9,5.533,2.468,0.0,True,learned_prefer
procedure change after completeness,request complete,0,2,0.0,4.9,5.533,2.468,0.0,True,learned_prefer
procedure change after completeness,phase application receptive,0,2,0.0,4.9,5.533,2.468,0.0,True,learned_prefer
procedure change after completeness,create procedure confirmation,0,2,0.0,4.9,5.533,2.468,0.0,True,learned_prefer
procedure change after completeness,coordination of application,0,2,0.0,4.9,5.533,2.468,0.0,True,learned_prefer
procedure change after completeness,send letter in progress,0,2,0.0,4.9,5.533,2.468,0.0,True,learned_prefer
enter senddate retrieve missing data,create cover letter extend procedure term,0,2,0.0,4.9,5.533,2.468,0.0,True,learned_prefer
enter senddate retrieve missing data,publish,0,2,0.0,4.9,5.533,2.468,0.0,False,impossible
enter senddate retrieve missing data,send message OLO status additions required,0,2,0.0,4.9,5.533,2.468,0.0,True,learned_prefer
enter senddate retrieve missing data,send confirmation receipt additional data,0,2,0.0,4.9,5.533,2.468,0.0,True,learned_prefer
enter senddate retrieve missing data,registration date publication,0,2,0.0,4.9,5.533,2.468,0.0,True,learned_prefer
enter senddate retrieve missing data,reception through OLO,0,2,0.0,4.9,5.533,2.468,0.0,True,learned_prefer
enter senddate retrieve missing data,enter senddate procedure confirmation,0,2,0.0,4.9,5.533,2.468,0.0,True,learned_prefer
enter senddate retrieve missing data,enter senddate decision procedure term extension,0,2,0.0,4.9,5.533,2.468,0.0,True,learned_prefer
phase decision ready,phase procedure resumed,0,3,0.0,5.3,5.476,2.453,0.0,True,learned_prefer
create publication document,forward to the competent authority,0,3,0.0,5.3,5.476,2.453,0.0,True,learned_prefer
create publication document,read field phased application,0,3,0.0,5.3,5.476,2.453,0.0,False,impossible
phase concept draft decision ready,create draft environtmental permit,0,1,0.0,4.2,5.444,2.445,0.0,True,learned_prefer
phase concept draft decision ready,assessment of content completed,0,1,0.0,4.2,5.444,2.445,0.0,True,learned_prefer
phase concept draft decision ready,phase draft decision sent,0,1,0.0,4.2,5.444,2.445,0.0,True,learned_prefer
phase concept draft decision ready,phase draft decision made,0,1,0.0,4.2,5.444,2.445,0.0,True,learned_prefer
phase concept draft decision ready,phase concept draft decision ready,0,1,0.0,4.2,5.444,2.445,0.0,True,learned_prefer
phase concept draft decision ready,date draft decision for inspection,0,1,0.0,4.2,5.444,2.445,0.0,True,learned_prefer
phase concept draft decision ready,enter publication date draft decision,0,1,0.0,4.2,5.444,2.445,0.0,True,learned_prefer
phase concept draft decision ready,entering senddate draft decision environmental permit,0,1,0.0,4.2,5.444,2.445,0.0,True,learned_prefer
phase concept draft decision ready,generate publication document decision environmental permit,0,1,0.0,4.2,5.444,2.445,0.0,False,impossible
register objection and appeal periods,set decision phase decision permitting decided,0,1,0.0,4.2,5.444,2.445,0.0,True,learned_prefer
register objection and appeal periods,grounds for refusal,0,1,0.0,4.2,5.444,2.445,0.0,True,learned_prefer
creating decision procedure term extension,phase permanently suspended,0,1,0.0,4.2,5.444,2.445,0.0,False,impossible
creating decision procedure term extension,phase procedure term suspended,0,1,0.0,4.2,5.444,2.445,0.0,False,impossible
phase concept draft decision ready,treat subcases completeness,0,1,0.0,4.2,5.444,2.445,0.0,True,learned_prefer
phase concept draft decision ready,phase further information received,0,1,0.0,4.2,5.444,2.445,0.0,True,learned_prefer
phase concept draft decision ready,phase perspective submitted,0,1,0.0,4.2,5.444,2.445,0.0,False,impossible
phase concept draft decision ready,publish official draft decision,0,1,0.0,4.2,5.444,2.445,0.0,True,learned_prefer
phase concept draft decision ready,generating decision environmental permit,0,1,0.0,4.2,5.444,2.445,0.0,True,learned_prefer
phase concept draft decision ready,phase application receptive,0,1,0.0,4.2,5.444,2.445,0.0,True,learned_prefer
phase concept draft decision ready,set decision phase: draft decision for inspection,0,1,0.0,4.2,5.444,2.445,0.0,True,learned_prefer
phase concept draft decision ready,set decision status,0,1,0.0,4.2,5.444,2.445,0.0,True,learned_prefer
phase concept draft decision ready,submit draft decision,0,1,0.0,4.2,5.444,2.445,0.0,True,learned_prefer
register objection and appeal periods,read publication date field,0,1,0.0,4.2,5.444,2.445,0.0,True,learned_prefer
register objection and appeal periods,refusal after suspension,0,1,0.0,4.2,5.444,2.445,0.0,False,impossible
register objection and appeal periods,phase decision ready,0,1,0.0,4.2,5.444,2.445,0.0,True,learned_prefer
register objection and appeal periods,enter senddate decision,0,1,0.0,4.2,5.444,2.445,0.0,True,learned_prefer
register objection and appeal periods,record date of decision environmental permit,0,1,0.0,4.2,5.444,2.445,0.0,True,learned_prefer
register objection and appeal periods,create subcases completeness,0,1,0.0,4.2,5.444,2.445,0.0,True,learned_prefer
register objection and appeal periods,creating environmental permit decision,0,1,0.0,4.2,5.444,2.445,0.0,True,learned_prefer
register objection and appeal periods,create monitoring case oversight,0,1,0.0,4.2,5.444,2.445,0.0,True,learned_prefer
register objection and appeal periods,calculate final charges,0,1,0.0,4.2,5.444,2.445,0.0,True,learned_prefer
creating decision procedure term extension,terminate on request,0,1,0.0,4.2,5.444,2.445,0.0,True,learned_prefer
creating decision procedure term extension,start decision phase extension granted,0,1,0.0,4.2,5.444,2.445,0.0,True,learned_prefer
creating decision procedure term extension,decision date prior to decision,0,1,0.0,4.2,5.444,2.445,0.0,True,learned_prefer
creating decision procedure term extension,completed subcases content,0,1,0.0,4.2,5.444,2.445,0.0,True,learned_prefer
creating decision procedure term extension,assessment of content completed,0,1,0.0,4.2,5.444,2.445,0.0,False,impossible
creating decision procedure term extension,phase application receptive,0,1,0.0,4.2,5.444,2.445,0.0,True,learned_prefer
creating decision procedure term extension,inform BAG administrator,0,1,0.0,4.2,5.444,2.445,0.0,False,impossible
creating decision procedure term extension,enter senddate decision procedure term extension,0,1,0.0,4.2,5.444,2.445,0.0,True,learned_prefer
creating decision procedure term extension,enter date decision procedure term extension,0,1,0.0,4.2,5.444,2.445,0.0,True,learned_prefer
creating decision procedure term extension,treat subcases completeness,0,1,0.0,4.2,5.444,2.445,0.0,True,learned_prefer
subcases completeness completed,phase decision taken,0,4,0.0,5.6,5.37,2.425,0.0,True,learned_prefer
creating environmental permit decision,submit decision,0,4,0.0,5.6,5.296,2.405,0.0,True,learned_prefer
retrieve missing data,completed subcases content,0,1,0.0,2.6,5.267,2.397,0.0,False,impossible
phase decision sent,enter date advice on treatment of environmental permit,0,2,0.0,5.1,5.267,2.397,0.0,True,learned_prefer
phase decision sent,creating environmental permit decision,0,2,0.0,5.1,5.267,2.397,0.0,True,learned_prefer
retrieve missing data,create decision procedure term extension,0,1,0.0,2.6,5.267,2.397,0.0,True,learned_prefer
retrieve missing data,enter date draft decisionenvironmental permit,0,1,0.0,2.6,5.267,2.397,0.0,True,learned_prefer
phase decision sent,received OLO documents,0,2,0.0,5.1,5.267,2.397,0.0,True,learned_prefer
retrieve missing data,copy decision permanent suspension to stakeholders,0,1,0.0,2.6,5.267,2.397,0.0,False,impossible
phase decision sent,registration date publication,0,2,0.0,5.1,5.267,2.397,0.0,True,learned_prefer
retrieve missing data,grounds for refusal,0,1,0.0,2.6,5.267,2.397,0.0,False,impossible
retrieve missing data,start WABOprocedure,0,1,0.0,2.6,5.267,2.397,0.0,True,learned_prefer
retrieve missing data,resume completeness subcases,0,1,0.0,2.6,5.267,2.397,0.0,True,learned_prefer
retrieve missing data,received OLO documents,0,1,0.0,2.6,5.267,2.397,0.0,True,learned_prefer
retrieve missing data,investigate BAG objects,0,1,0.0,2.6,5.267,2.397,0.0,True,learned_prefer
phase decision sent,set phase: phase permitting irrevocable,0,2,0.0,5.1,5.267,2.397,0.0,True,learned_prefer
phase decision sent,enter senddate draft decision,0,2,0.0,5.1,5.267,2.397,0.0,False,impossible
retrieve missing data,generate draft decision environmental permit,0,1,0.0,2.6,5.267,2.397,0.0,True,learned_prefer
phase decision sent,start WABOprocedure,0,2,0.0,5.1,5.267,2.397,0.0,True,learned_prefer
retrieve missing data,inform BAG administrator,0,1,0.0,2.6,5.267,2.397,0.0,True,learned_prefer
retrieve missing data,extend procedure term,0,1,0.0,2.6,5.267,2.397,0.0,True,learned_prefer
retrieve missing data,registrer date of publishing received request,0,1,0.0,2.6,5.267,2.397,0.0,True,learned_prefer
retrieve missing data,enter date termination request received,0,1,0.0,2.6,5.267,2.397,0.0,True,learned_prefer
retrieve missing data,enter senddate retrieve missing data,0,1,0.0,2.6,5.267,2.397,0.0,True,learned_prefer
retrieve missing data,enter senddate procedure term extension,0,1,0.0,2.6,5.267,2.397,0.0,False,impossible
retrieve missing data,enter senddate procedure confirmation,0,1,0.0,2.6,5.267,2.397,0.0,True,learned_prefer
retrieve missing data,request complete,0,1,0.0,2.6,5.267,2.397,0.0,True,learned_prefer
retrieve missing data,WAW permit aspect,0,1,0.0,2.6,5.267,2.397,0.0,True,learned_prefer
retrieve missing data,create publication document,0,1,0.0,2.6,5.267,2.397,0.0,True,learned_prefer
retrieve missing data,start decision phase decision permitting sent,0,1,0.0,2.6,5.267,2.397,0.0,True,learned_prefer
retrieve missing data,subcase perspective complete,0,1,0.0,2.6,5.267,2.397,0.0,False,impossible
retrieve missing data,stop procedure after permanent suspension,0,1,0.0,2.6,5.267,2.397,0.0,False,impossible
MER present in supplement,procedure change after completeness,0,1,0.0,4.3,5.222,2.385,0.0,True,learned_prefer
MER present in supplement,phase additional information received,0,1,0.0,4.3,5.222,2.385,0.0,True,learned_prefer
MER present in supplement,phase decision ready,0,1,0.0,4.3,5.222,2.385,0.0,True,learned_prefer
MER present in supplement,creating environmental permit decision,0,1,0.0,4.3,5.222,2.385,0.0,True,learned_prefer
MER present in supplement,create publication document,0,1,0.0,4.3,5.222,2.385,0.0,True,learned_prefer
MER present in supplement,treat subcases completeness,0,1,0.0,4.3,5.222,2.385,0.0,True,learned_prefer
MER present in supplement,registrer date of publishing received request,0,1,0.0,4.3,5.222,2.385,0.0,True,learned_prefer
MER present in supplement,phase asked additional information,0,1,0.0,4.3,5.222,2.385,0.0,False,impossible
MER present in supplement,start decision phase decision permitting sent,0,1,0.0,4.3,5.222,2.385,0.0,True,learned_prefer
MER present in supplement,treat subcases content,0,1,0.0,4.3,5.222,2.385,0.0,True,learned_prefer
MER present in supplement,enter senddate decision environmental permit,0,1,0.0,4.3,5.222,2.385,0.0,False,impossible
MER present in supplement,send confirmation receipt additional data,0,1,0.0,4.3,5.222,2.385,0.0,True,learned_prefer
send procedure confirmation,enter date termination request received,0,3,0.0,5.6,5.19,2.376,0.0,True,learned_prefer
register number of days extension period,create suspension competent authority,0,1,0.0,4.5,5.0,2.322,0.0,False,impossible
create decision no permit required,procedure change,0,1,0.0,4.5,5.0,2.322,0.0,False,impossible
phase case handled,close case,0,1,0.0,4.5,5.0,2.322,0.0,True,learned_prefer
phase case handled,assessment of content completed,0,1,0.0,4.5,5.0,2.322,0.0,True,learned_prefer
perspective on draft decision environmental permit received,creating environmental permit decision,0,1,0.0,4.5,5.0,2.322,0.0,True,learned_prefer
calculate provisional charges,initiative competent authority,0,1,0.0,4.5,5.0,2.322,0.0,True,learned_prefer
calculate provisional charges,phase application received,0,1,0.0,4.5,5.0,2.322,0.0,True,learned_prefer
calculate provisional charges,no permit needed or only notification needed,0,1,0.0,4.5,5.0,2.322,0.0,True,learned_prefer
register number of days extension period,creating decision procedure term extension,0,1,0.0,4.5,5.0,2.322,0.0,True,learned_prefer
create decision no permit required,generating decision no permit required,0,1,0.0,4.5,5.0,2.322,0.0,True,learned_prefer
phase case handled,register deadline,0,1,0.0,4.5,5.0,2.322,0.0,True,learned_prefer
phase case handled,resume completeness subcases,0,1,0.0,4.5,5.0,2.322,0.0,False,impossible
phase case handled,enter date publication decision environmental permit,0,1,0.0,4.5,5.0,2.322,0.0,True,learned_prefer
phase case handled,enter senddate decision no permit required,0,1,0.0,4.5,5.0,2.322,0.0,True,learned_prefer
phase case handled,set decision status,0,1,0.0,4.5,5.0,2.322,0.0,True,learned_prefer
phase case handled,create monitoring case,0,1,0.0,4.5,5.0,2.322,0.0,True,learned_prefer
register number of days extension period,start decision phase extension granted,0,1,0.0,4.5,5.0,2.322,0.0,True,learned_prefer
register number of days extension period,activities regular procedure,0,1,0.0,4.5,5.0,2.322,0.0,True,learned_prefer
register number of days extension period,create cover letter extend procedure term,0,1,0.0,4.5,5.0,2.322,0.0,True,learned_prefer
perspective on draft decision environmental permit received,suspension ground applicable,0,1,0.0,4.5,5.0,2.322,0.0,True,learned_prefer
perspective on draft decision environmental permit received,VVGB positive,0,1,0.0,4.5,5.0,2.322,0.0,True,learned_prefer
perspective on draft decision environmental permit received,perspective regarding draft founded,0,1,0.0,4.5,5.0,2.322,0.0,False,impossible
phase case handled,phase archived case,0,1,0.0,4.5,5.0,2.322,0.0,True,learned_prefer
phase case handled,phase procedure prematurely terminated,0,1,0.0,4.5,5.0,2.322,0.0,True,learned_prefer
perspective on draft decision environmental permit received,phase perspective submitted,0,1,0.0,4.5,5.0,2.322,0.0,True,learned_prefer
perspective on draft decision environmental permit received,read publication date field,0,1,0.0,4.5,5.0,2.322,0.0,True,learned_prefer
perspective on draft decision environmental permit received,set phase: phase permitting irrevocable,0,1,0.0,4.5,5.0,2.322,0.0,True,learned_prefer
perspective on draft decision environmental permit received,by law,0,1,0.0,4.5,5.0,2.322,0.0,True,learned_prefer
perspective on draft decision environmental permit received,coordination of application,0,1,0.0,4.5,5.0,2.322,0.0,True,learned_prefer
cancel case,stop all running subcases 2b,0,1,0.0,4.5,5.0,2.322,0.0,True,learned_prefer
cancel case,start decision phase permanent suspension sent,0,1,0.0,4.5,5.0,2.322,0.0,True,learned_prefer
cancel case,terminate on request,0,1,0.0,4.5,5.0,2.322,0.0,True,learned_prefer
calculate provisional charges,receive additional information,0,1,0.0,4.5,5.0,2.322,0.0,True,learned_prefer
calculate provisional charges,submit decision,0,1,0.0,4.5,5.0,2.322,0.0,True,learned_prefer
perspective on draft decision environmental permit received,no permit needed or only notification needed,0,1,0.0,4.5,5.0,2.322,0.0,True,learned_prefer
perspective on draft decision environmental permit received,enter date publication decision environmental permit,0,1,0.0,4.5,5.0,2.322,0.0,True,learned_prefer
perspective on draft decision environmental permit received,generating decision environmental permit,0,1,0.0,4.5,5.0,2.322,0.0,True,learned_prefer
perspective on draft decision environmental permit received,terminate on request,0,1,0.0,4.5,5.0,2.322,0.0,True,learned_prefer
perspective on draft decision environmental permit received,phase decision ready,0,1,0.0,4.5,5.0,2.322,0.0,True,learned_prefer
register number of days extension period,decision procedure term extension,0,1,0.0,4.5,5.0,2.322,0.0,True,learned_prefer
calculate provisional charges,subcases completeness completed,0,1,0.0,4.5,5.0,2.322,0.0,True,learned_prefer
calculate provisional charges,extend procedure term,0,1,0.0,4.5,5.0,2.322,0.0,True,learned_prefer
receive additional information,send procedure confirmation,0,3,0.0,5.9,4.905,2.294,0.0,False,impossible
enter date termination request received,register submission date request,0,2,0.0,5.6,4.867,2.283,0.0,True,learned_prefer
enter date termination request received,treat subcases completeness,0,2,0.0,5.6,4.867,2.283,0.0,True,learned_prefer
enter date termination request received,create subcases content,0,2,0.0,5.6,4.867,2.283,0.0,False,impossible
enter date termination request received,regular procedure without MER,0,2,0.0,5.6,4.867,2.283,0.0,False,impossible
inform BAG administrator,send confirmation receipt,0,2,0.0,5.6,4.867,2.283,0.0,True,learned_prefer
inform BAG administrator,registration date publication,0,2,0.0,5.6,4.867,2.283,0.0,True,learned_prefer
enter date termination request received,register date decision terminate on request,0,2,0.0,5.6,4.867,2.283,0.0,True,learned_prefer
inform BAG administrator,receive additional information,0,2,0.0,5.6,4.867,2.283,0.0,True,learned_prefer
enter date termination request received,registration date publication,0,2,0.0,5.6,4.867,2.283,0.0,True,learned_prefer
suspend term,final VVGB applications,0,2,0.0,5.6,4.867,2.283,0.0,True,learned_prefer
suspend term,applicant is stakeholder,0,2,0.0,5.6,4.867,2.283,0.0,True,learned_prefer
suspend term,send letter in progress,0,2,0.0,5.6,4.867,2.283,0.0,True,learned_prefer
suspend term,extend procedure term,0,2,0.0,5.6,4.867,2.283,0.0,True,learned_prefer
inform BAG administrator,enter date draft decisionenvironmental permit,0,2,0.0,5.6,4.867,2.283,0.0,True,learned_prefer
suspend term,WAW permit aspect,0,2,0.0,5.6,4.867,2.283,0.0,True,learned_prefer
suspend term,register date environmental permit decision,0,2,0.0,5.6,4.867,2.283,0.0,True,learned_prefer
suspend term,perspective on draft decision environmental permit received,0,2,0.0,5.6,4.867,2.283,0.0,False,impossible
register date environmental permit decision,resume completeness subcases,0,3,0.0,6.0,4.81,2.266,0.0,True,learned_prefer
register date environmental permit decision,reception through OLO,0,3,0.0,6.0,4.81,2.266,0.0,True,learned_prefer
register date environmental permit decision,register date environmental permit decision,0,3,0.0,6.0,4.81,2.266,0.0,True,learned_prefer
register date environmental permit decision,generating decision environmental permit,0,3,0.0,6.0,4.81,2.266,0.0,True,learned_prefer
extend procedure term,applicant is stakeholder,0,3,0.0,6.0,4.81,2.266,0.0,True,learned_prefer
investigate BAG objects,phase additional information received,0,1,0.0,4.8,4.778,2.256,0.0,True,learned_prefer
investigate BAG objects,phase advice known,0,1,0.0,4.8,4.778,2.256,0.0,False,impossible
investigate BAG objects,treat subcases content,0,1,0.0,4.8,4.778,2.256,0.0,True,learned_prefer
investigate BAG objects,enter senddate retrieve missing data,0,1,0.0,4.8,4.778,2.256,0.0,False,impossible
investigate BAG objects,final VVGB applications,0,1,0.0,4.8,4.778,2.256,0.0,True,learned_prefer
investigate BAG objects,phase decision irrevocable,0,1,0.0,4.8,4.778,2.256,0.0,False,impossible
subcase perspective complete,phase advice known,0,1,0.0,4.8,4.778,2.256,0.0,False,impossible
subcase perspective complete,creating environmental permit decision,0,1,0.0,4.8,4.778,2.256,0.0,True,learned_prefer
subcase perspective complete,VVGB positive,0,1,0.0,4.8,4.778,2.256,0.0,True,learned_prefer
subcase perspective complete,phase draft decision made,0,1,0.0,4.8,4.778,2.256,0.0,False,impossible
subcase perspective complete,phase decision taken,0,1,0.0,4.8,4.778,2.256,0.0,True,learned_prefer
subcase perspective complete,phase decision sent,0,1,0.0,4.8,4.778,2.256,0.0,True,learned_prefer
subcase perspective complete,phase decision ready,0,1,0.0,4.8,4.778,2.256,0.0,False,impossible
subcase perspective complete,enter senddate draft decision,0,1,0.0,4.8,4.778,2.256,0.0,False,impossible
investigate BAG objects,start WABOprocedure,0,1,0.0,4.8,4.778,2.256,0.0,True,learned_prefer
investigate BAG objects,record date of decision environmental permit,0,1,0.0,4.8,4.778,2.256,0.0,False,impossible
investigate BAG objects,procedure change,0,1,0.0,4.8,4.778,2.256,0.0,True,learned_prefer
investigate BAG objects,open draft decision for inspection,0,1,0.0,4.8,4.778,2.256,0.0,False,impossible
investigate BAG objects,phase decision ready,0,1,0.0,4.8,4.778,2.256,0.0,False,impossible
investigate BAG objects,send decision suspension,0,1,0.0,4.8,4.778,2.256,0.0,True,learned_prefer
investigate BAG objects,completed subcases content,0,1,0.0,4.8,4.778,2.256,0.0,True,learned_prefer
investigate BAG objects,submit decision,0,1,0.0,4.8,4.778,2.256,0.0,False,impossible
investigate BAG objects,no permit needed or only notification needed,0,1,0.0,4.8,4.778,2.256,0.0,True,learned_prefer
subcase perspective complete,final VVGB applications,0,1,0.0,4.8,4.778,2.256,0.0,True,learned_prefer
subcase perspective complete,perspective regarding draft founded,0,1,0.0,4.8,4.778,2.256,0.0,True,learned_prefer
subcase perspective complete,subcases completeness completed,0,1,0.0,4.8,4.778,2.256,0.0,True,learned_prefer
read publication date field,treat subcase permanent suspension,0,2,0.0,5.7,4.733,2.243,0.0,True,learned_prefer
suspension ground applicable,enter senddate decision suspension,0,2,0.0,5.7,4.733,2.243,0.0,True,learned_prefer
suspension ground applicable,no permit needed or only notification needed,0,2,0.0,5.7,4.733,2.243,0.0,True,learned_prefer
suspension ground applicable,extend procedure term,0,2,0.0,5.7,4.733,2.243,0.0,True,learned_prefer
read publication date field,set decision phase: draft decision permitted sent,0,2,0.0,5.7,4.733,2.243,0.0,True,learned_prefer
suspension ground applicable,completed subcases content,0,2,0.0,5.7,4.733,2.243,0.0,True,learned_prefer
read publication date field,treat subcases content,0,2,0.0,5.7,4.733,2.243,0.0,True,learned_prefer
read publication date field,start decision phase permanent suspension sent,0,2,0.0,5.7,4.733,2.243,0.0,True,learned_prefer
suspension ground applicable,article 35 applies,0,2,0.0,5.7,4.733,2.243,0.0,True,learned_prefer
read publication date field,create draft environtmental permit,0,2,0.0,5.7,4.733,2.243,0.0,True,learned_prefer
read publication date field,message terminate request,0,2,0.0,5.7,4.733,2.243,0.0,True,learned_prefer
suspension ground applicable,phase decision ready,0,2,0.0,5.7,4.733,2.243,0.0,True,learned_prefer
read publication date field,suspension ground applicable,0,2,0.0,5.7,4.733,2.243,0.0,True,learned_prefer
suspension ground applicable,enter senddate procedure confirmation,0,2,0.0,5.7,4.733,2.243,0.0,True,learned_prefer
suspension ground applicable,updated plan received,0,2,0.0,5.7,4.733,2.243,0.0,False,impossible
suspension ground applicable,register date environmental permit decision,0,2,0.0,5.7,4.733,2.243,0.0,True,learned_prefer
send confirmation receipt,start decision phase extension granted,0,3,0.0,3.7,4.657,2.219,0.0,True,learned_prefer
send confirmation receipt,phase advice known,0,3,0.0,3.7,4.657,2.219,0.0,True,learned_prefer
enter senddate draft decision,set decision status,0,2,0.0,5.9,4.6,2.202,0.0,True,learned_prefer
registrer date of publishing received request,create decision terminate on request,0,2,0.0,5.9,4.6,2.202,0.0,True,learned_prefer
enter senddate draft decision,generate draft decision environmental permit,0,2,0.0,5.9,4.6,2.202,0.0,True,learned_prefer
enter date draft decisionenvironmental permit,create draft environtmental permit,0,2,0.0,5.9,4.6,2.202,0.0,True,learned_prefer
enter date draft decisionenvironmental permit,enrich draft decision environmental permit,0,2,0.0,5.9,4.6,2.202,0.0,True,learned_prefer
enter date draft decisionenvironmental permit,publication date draft decision,0,2,0.0,5.9,4.6,2.202,0.0,True,learned_prefer
enter date draft decisionenvironmental permit,send confirmation receipt,0,2,0.0,5.9,4.6,2.202,0.0,True,learned_prefer
enter date draft decisionenvironmental permit,set decision phase: draft decision for inspection,0,2,0.0,5.9,4.6,2.202,0.0,True,learned_prefer
enter date draft decisionenvironmental permit,enter senddate decision environmental permit,0,2,0.0,5.9,4.6,2.202,0.0,True,learned_prefer
enter date draft decisionenvironmental permit,create cover letter draft decision,0,2,0.0,5.9,4.6,2.202,0.0,True,learned_prefer
enter senddate draft decision,decision date prior to decision,0,2,0.0,5.9,4.6,2.202,0.0,True,learned_prefer
enter senddate draft decision,set decision phase inspection of decision permitting,0,2,0.0,5.9,4.6,2.202,0.0,True,learned_prefer
registrer date of publishing received request,assessment of content completed,0,2,0.0,5.9,4.6,2.202,0.0,True,learned_prefer
enter senddate updated plan,phase updated plan requested,0,1,0.0,5.0,4.556,2.188,0.0,True,learned_prefer
enter senddate updated plan,register receipt updated plan,0,1,0.0,5.0,4.556,2.188,0.0,True,learned_prefer
phase draft decision ready,create cover letter draft decision,0,1,0.0,5.0,4.556,2.188,0.0,True,learned_prefer
phase draft decision ready,creating environmental permit decision,0,1,0.0,5.0,4.556,2.188,0.0,True,learned_prefer
phase draft decision ready,start WABOprocedure,0,1,0.0,5.0,4.556,2.188,0.0,True,learned_prefer
phase draft decision ready,date decision for inspection,0,1,0.0,5.0,4.556,2.188,0.0,False,impossible
enter senddate updated plan,enter date termination request received,0,1,0.0,5.0,4.556,2.188,0.0,True,learned_prefer
enter senddate updated plan,creating cover letter decision,0,1,0.0,5.0,4.556,2.188,0.0,False,impossible
phase draft decision ready,send design decision to stakeholders,0,1,0.0,5.0,4.556,2.188,0.0,True,learned_prefer
phase draft decision ready,publish official draft decision,0,1,0.0,5.0,4.556,2.188,0.0,False,impossible
enter senddate updated plan,treat subcases content,0,1,0.0,5.0,4.556,2.188,0.0,True,learned_prefer
enter senddate updated plan,treat subcases completeness,0,1,0.0,5.0,4.556,2.188,0.0,True,learned_prefer
phase draft decision ready,set decision phase decision permitting decided,0,1,0.0,5.0,4.556,2.188,0.0,True,learned_prefer
phase draft decision ready,assessment of content completed,0,1,0.0,5.0,4.556,2.188,0.0,True,learned_prefer
enter senddate updated plan,send confirmation receipt,0,1,0.0,5.0,4.556,2.188,0.0,True,learned_prefer
enter senddate updated plan,start date suspension competent authority,0,1,0.0,5.0,4.556,2.188,0.0,True,learned_prefer
phase draft decision ready,phase application receptive,0,1,0.0,5.0,4.556,2.188,0.0,True,learned_prefer
phase draft decision ready,transcript decision environmental permit to stakeholders,0,1,0.0,5.0,4.556,2.188,0.0,True,learned_prefer
set decision phase inspection of decision permitting,start decisionphase draft decision - permitting decided,0,1,0.0,5.0,4.556,2.188,0.0,False,impossible
set decision phase inspection of decision permitting,set phase: phase permitting irrevocable,0,1,0.0,5.0,4.556,2.188,0.0,True,learned_prefer
set decision phase inspection of decision permitting,create publication document,0,1,0.0,5.0,4.556,2.188,0.0,True,learned_prefer
set decision phase inspection of decision permitting,completed subcases content,0,1,0.0,5.0,4.556,2.188,0.0,False,impossible
set decision phase inspection of decision permitting,register deadline,0,1,0.0,5.0,4.556,2.188,0.0,True,learned_prefer
set decision phase inspection of decision permitting,record date of decision environmental permit,0,1,0.0,5.0,4.556,2.188,0.0,True,learned_prefer
set decision phase inspection of decision permitting,phase decision taken,0,1,0.0,5.0,4.556,2.188,0.0,True,learned_prefer
set decision phase inspection of decision permitting,transcript decision environmental permit to stakeholders,0,1,0.0,5.0,4.556,2.188,0.0,True,learned_prefer
phase draft decision ready,phase draft decision sent,0,1,0.0,5.0,4.556,2.188,0.0,False,impossible
phase draft decision ready,phase perspective submitted,0,1,0.0,5.0,4.556,2.188,0.0,False,impossible
enter senddate updated plan,MER present in supplement,0,1,0.0,5.0,4.556,2.188,0.0,True,learned_prefer
phase draft decision ready,phase concept draft decision ready,0,1,0.0,5.0,4.556,2.188,0.0,True,learned_prefer
no permit needed or only notification needed,enter receipt of additional data,0,3,0.0,6.4,4.524,2.178,0.0,True,learned_prefer
no permit needed or only notification needed,phased application,0,3,0.0,6.4,4.524,2.178,0.0,True,learned_prefer
no permit needed or only notification needed,creating cover letter no permit required,0,3,0.0,6.4,4.524,2.178,0.0,True,learned_prefer
start decision phase extension granted,create subcases completeness,0,2,0.0,6.1,4.467,2.159,0.0,True,learned_prefer
start decision phase extension granted,start WABOprocedure,0,2,0.0,6.1,4.467,2.159,0.0,True,learned_prefer
set decision phase: draft decision permitted sent,set decision status,0,2,0.0,6.1,4.467,2.159,0.0,True,learned_prefer
start decision phase extension granted,enter senddate procedure term extension,0,2,0.0,6.1,4.467,2.159,0.0,True,learned_prefer
start decision phase extension granted,extend procedure term,0,2,0.0,6.1,4.467,2.159,0.0,True,learned_prefer
set decision phase: draft decision permitted sent,open draft decision for inspection,0,2,0.0,6.1,4.467,2.159,0.0,True,learned_prefer
set decision phase: draft decision permitted sent,enter date advice on treatment of environmental permit,0,2,0.0,6.1,4.467,2.159,0.0,True,learned_prefer
set decision phase: draft decision permitted sent,creating environmental permit decision,0,2,0.0,6.1,4.467,2.159,0.0,True,learned_prefer
set decision phase: draft decision permitted sent,phase advice known,0,2,0.0,6.1,4.467,2.159,0.0,True,learned_prefer
start decision phase extension granted,creating environmental permit decision,0,2,0.0,6.1,4.467,2.159,0.0,True,learned_prefer
set decision phase: draft decision permitted sent,subcases completeness completed,0,2,0.0,6.1,4.467,2.159,0.0,True,learned_prefer
start decision phase extension granted,register number of days extension period,0,2,0.0,6.1,4.467,2.159,0.0,True,learned_prefer
set decision phase: draft decision permitted sent,date draft decision for inspection,0,2,0.0,6.1,4.467,2.159,0.0,True,learned_prefer
record date of decision environmental permit,open draft decision for inspection,0,3,0.0,6.5,4.429,2.147,0.0,True,learned_prefer
forward to the competent authority,set decision phase suspension sent,0,3,0.0,6.5,4.429,2.147,0.0,False,impossible
record date of decision environmental permit,completed subcases content,0,3,0.0,6.5,4.429,2.147,0.0,True,learned_prefer
enter publication date draft decision,subcases completeness completed,0,1,0.0,5.3,4.333,2.115,0.0,False,impossible
enter publication date draft decision,generating decision environmental permit,0,1,0.0,5.3,4.333,2.115,0.0,True,learned_prefer
enter publication date draft decision,creating environmental permit decision,0,1,0.0,5.3,4.333,2.115,0.0,True,learned_prefer
enter publication date draft decision,submit decision,0,1,0.0,5.3,4.333,2.115,0.0,True,learned_prefer
date draft decision for inspection,start decision phase decision permitting sent,0,1,0.0,5.3,4.333,2.115,0.0,True,learned_prefer
publish official draft decision,set decision phase: draft decision for inspection,0,1,0.0,5.3,4.333,2.115,0.0,False,impossible
read field phased application,phase asked additional information,0,2,0.0,6.2,4.333,2.115,0.0,True,learned_prefer
applicant is stakeholder,subcases completeness completed,0,3,0.0,6.7,4.333,2.115,0.0,True,learned_prefer
create procedure confirmation,suspend term,0,2,0.0,6.2,4.333,2.115,0.0,True,learned_prefer
create procedure confirmation,phase advice known,0,2,0.0,6.2,4.333,2.115,0.0,True,learned_prefer
resume completeness subcases,send design decision to stakeholders,0,2,0.0,6.2,4.333,2.115,0.0,True,learned_prefer
resume completeness subcases,set decision phase decision permitting decided,0,2,0.0,6.2,4.333,2.115,0.0,True,learned_prefer
resume completeness subcases,enter date decision permanent suspension,0,2,0.0,6.2,4.333,2.115,0.0,True,learned_prefer
create procedure confirmation,no permit needed or only notification needed,0,2,0.0,6.2,4.333,2.115,0.0,True,learned_prefer
enter publication date draft decision,phase decision ready,0,1,0.0,5.3,4.333,2.115,0.0,True,learned_prefer
enter publication date draft decision,record date of decision environmental permit,0,1,0.0,5.3,4.333,2.115,0.0,True,learned_prefer
enter publication date draft decision,register objection and appeal periods,0,1,0.0,5.3,4.333,2.115,0.0,True,learned_prefer
enter date decision permanent suspension,receive additional information,0,1,0.0,5.3,4.333,2.115,0.0,True,learned_prefer
enter date decision permanent suspension,procedure change,0,1,0.0,5.3,4.333,2.115,0.0,False,impossible
enter date decision permanent suspension,objection to permanent suspension received,0,1,0.0,5.3,4.333,2.115,0.0,False,impossible
publish official draft decision,subcases completeness completed,0,1,0.0,5.3,4.333,2.115,0.0,True,learned_prefer
enter senddate decision,create publication document,0,2,0.0,6.2,4.333,2.115,0.0,True,learned_prefer
enter date decision permanent suspension,keep permanently suspended,0,1,0.0,5.3,4.333,2.115,0.0,False,impossible
read field phased application,enter senddate acknowledgement,0,2,0.0,6.2,4.333,2.115,0.0,True,learned_prefer
read field phased application,registration date publication,0,2,0.0,6.2,4.333,2.115,0.0,True,learned_prefer
enter date decision permanent suspension,WAW permit aspect,0,1,0.0,5.3,4.333,2.115,0.0,False,impossible
enter date decision permanent suspension,copy decision permanent suspension to stakeholders,0,1,0.0,5.3,4.333,2.115,0.0,True,learned_prefer
enter date decision permanent suspension,start decision phase permanent suspension sent,0,1,0.0,5.3,4.333,2.115,0.0,True,learned_prefer
enter date decision permanent suspension,start decision phase permanently suspended decided,0,1,0.0,5.3,4.333,2.115,0.0,True,learned_prefer
enter date decision permanent suspension,term for supplying missing data,0,1,0.0,5.3,4.333,2.115,0.0,False,impossible
ask stakeholders views,phase application receptive,0,1,0.0,5.3,4.333,2.115,0.0,True,learned_prefer
enter date decision permanent suspension,phase procedure aborted,0,1,0.0,5.3,4.333,2.115,0.0,True,learned_prefer
enter date decision permanent suspension,enter senddate decision procedure term extension,0,1,0.0,5.3,4.333,2.115,0.0,True,learned_prefer
regular procedure without MER,OLO messaging active,0,3,0.0,6.7,4.333,2.115,0.0,True,learned_prefer
publish official draft decision,transcript decision environmental permit to stakeholders,0,1,0.0,5.3,4.333,2.115,0.0,False,impossible
read field phased application,create subcases completeness,0,2,0.0,6.2,4.333,2.115,0.0,True,learned_prefer
enter date decision permanent suspension,objection to extension procedure term receptive,0,1,0.0,5.3,4.333,2.115,0.0,True,learned_prefer
ask stakeholders views,extend procedure term,0,1,0.0,5.3,4.333,2.115,0.0,True,learned_prefer
ask stakeholders views,applicant is stakeholder,0,1,0.0,5.3,4.333,2.115,0.0,True,learned_prefer
ask stakeholders views,treat subcases content,0,1,0.0,5.3,4.333,2.115,0.0,True,learned_prefer
ask stakeholders views,request complete,0,1,0.0,5.3,4.333,2.115,0.0,True,learned_prefer
ask stakeholders views,register number of days extension period,0,1,0.0,5.3,4.333,2.115,0.0,True,learned_prefer
ask stakeholders views,procedure change,0,1,0.0,5.3,4.333,2.115,0.0,True,learned_prefer
ask stakeholders views,message change status,0,1,0.0,5.3,4.333,2.115,0.0,True,learned_prefer
ask stakeholders views,phase additional information received,0,1,0.0,5.3,4.333,2.115,0.0,True,learned_prefer
publish official draft decision,message change status,0,1,0.0,5.3,4.333,2.115,0.0,True,learned_prefer
publish official draft decision,entering senddate draft decision environmental permit,0,1,0.0,5.3,4.333,2.115,0.0,True,learned_prefer
publish official draft decision,phase advice known,0,1,0.0,5.3,4.333,2.115,0.0,True,learned_prefer
publish official draft decision,phase draft decision made,0,1,0.0,5.3,4.333,2.115,0.0,True,learned_prefer
create procedure confirmation,decision date prior to decision,0,2,0.0,6.2,4.333,2.115,0.0,True,learned_prefer
publish official draft decision,enter senddate draft decision,0,1,0.0,5.3,4.333,2.115,0.0,True,learned_prefer
ask stakeholders views,phase advice known,0,1,0.0,5.3,4.333,2.115,0.0,True,learned_prefer
create procedure confirmation,create subcases completeness,0,2,0.0,6.2,4.333,2.115,0.0,True,learned_prefer
enter senddate decision,set decision phase inspection of decision permitting,0,2,0.0,6.2,4.333,2.115,0.0,True,learned_prefer
enter senddate decision,subcases completeness completed,0,2,0.0,6.2,4.333,2.115,0.0,True,learned_prefer
enter senddate decision,entering senddate draft decision environmental permit,0,2,0.0,6.2,4.333,2.115,0.0,False,impossible
enter senddate decision,phase advice known,0,2,0.0,6.2,4.333,2.115,0.0,True,learned_prefer
read field phased application,set decision phase decision permitting decided,0,2,0.0,6.2,4.333,2.115,0.0,True,learned_prefer
date draft decision for inspection,generating decision environmental permit,0,1,0.0,5.3,4.333,2.115,0.0,True,learned_prefer
date draft decision for inspection,submit draft decision,0,1,0.0,5.3,4.333,2.115,0.0,True,learned_prefer
read field phased application,retrieve missing data,0,2,0.0,6.2,4.333,2.115,0.0,True,learned_prefer
create procedure confirmation,regular procedure without MER,0,2,0.0,6.2,4.333,2.115,0.0,True,learned_prefer
date draft decision for inspection,set decision status,0,1,0.0,5.3,4.333,2.115,0.0,True,learned_prefer
date draft decision for inspection,set decision phase inspection of decision permitting,0,1,0.0,5.3,4.333,2.115,0.0,True,learned_prefer
date draft decision for inspection,send confirmation receipt,0,1,0.0,5.3,4.333,2.115,0.0,True,learned_prefer
date draft decision for inspection,register receipt updated plan,0,1,0.0,5.3,4.333,2.115,0.0,True,learned_prefer
date draft decision for inspection,reception through OLO,0,1,0.0,5.3,4.333,2.115,0.0,False,impossible
date draft decision for inspection,phase draft decision made,0,1,0.0,5.3,4.333,2.115,0.0,True,learned_prefer
date draft decision for inspection,terminate on request,0,1,0.0,5.3,4.333,2.115,0.0,False,impossible
create publication document,enter senddate decision,0,4,0.0,7.0,4.259,2.091,0.0,True,learned_prefer
entering senddate draft decision environmental permit,completed subcases content,0,3,0.0,6.8,4.238,2.083,0.0,True,learned_prefer
entering senddate draft decision environmental permit,start decisionphase draft decision - permitting decided,0,3,0.0,6.8,4.238,2.083,0.0,True,learned_prefer
entering senddate draft decision environmental permit,phase application received,0,3,0.0,6.8,4.238,2.083,0.0,True,learned_prefer
phase asked additional information,create decision procedure term extension,0,3,0.0,6.8,4.238,2.083,0.0,False,impossible
phase asked additional information,start decision phase extension granted,0,3,0.0,6.8,4.238,2.083,0.0,True,learned_prefer
create draft environtmental permit,enter senddate draft decision,0,2,0.0,6.5,4.2,2.07,0.0,True,learned_prefer
enter date advice on treatment of environmental permit,enrich draft decision,0,2,0.0,6.5,4.2,2.07,0.0,True,learned_prefer
enter date advice on treatment of environmental permit,register submission date request,0,2,0.0,6.5,4.2,2.07,0.0,True,learned_prefer
enter date advice on treatment of environmental permit,enrich draft decision environmental permit,0,2,0.0,6.5,4.2,2.07,0.0,True,learned_prefer
enter date advice on treatment of environmental permit,register date environmental permit decision,0,2,0.0,6.5,4.2,2.07,0.0,True,learned_prefer
enter date advice on treatment of environmental permit,date draft decision for inspection,0,2,0.0,6.5,4.2,2.07,0.0,True,learned_prefer
send letter in progress,enter senddate decision procedure term extension,0,2,0.0,6.5,4.2,2.07,0.0,True,learned_prefer
enter date advice on treatment of environmental permit,date decision for inspection,0,2,0.0,6.5,4.2,2.07,0.0,True,learned_prefer
enter date advice on treatment of environmental permit,request complete,0,2,0.0,6.5,4.2,2.07,0.0,True,learned_prefer
phase draft decision made,treat subcases content,0,2,0.0,6.5,4.2,2.07,0.0,True,learned_prefer
phase draft decision made,start decisionphase draft decision - permitting decided,0,2,0.0,6.5,4.2,2.07,0.0,True,learned_prefer
phase draft decision made,generate draft decision environmental permit,0,2,0.0,6.5,4.2,2.07,0.0,True,learned_prefer
phase draft decision made,create monitoring case,0,2,0.0,6.5,4.2,2.07,0.0,True,learned_prefer
send letter in progress,treat subcases completeness,0,2,0.0,6.5,4.2,2.07,0.0,True,learned_prefer
send letter in progress,suspend term,0,2,0.0,6.5,4.2,2.07,0.0,True,learned_prefer
send letter in progress,subcases completeness completed,0,2,0.0,6.5,4.2,2.07,0.0,True,learned_prefer
phase draft decision made,subcase perspective complete,0,2,0.0,6.5,4.2,2.07,0.0,True,learned_prefer
send letter in progress,creating cover letter decision,0,2,0.0,6.5,4.2,2.07,0.0,True,learned_prefer
send letter in progress,assessment of content completed,0,2,0.0,6.5,4.2,2.07,0.0,True,learned_prefer
send letter in progress,continuation term to decision,0,2,0.0,6.5,4.2,2.07,0.0,True,learned_prefer
phase decision taken,read publication date field,0,3,0.0,7.0,4.143,2.051,0.0,True,learned_prefer
phase decision taken,set phase: phase permitting irrevocable,0,3,0.0,7.0,4.143,2.051,0.0,True,learned_prefer
start decision phase decision permitting sent,enter senddate draft decision,0,3,0.0,7.0,4.143,2.051,0.0,True,learned_prefer
start decision phase decision permitting sent,resume completeness subcases,0,3,0.0,7.0,4.143,2.051,0.0,True,learned_prefer
create subcases completeness,generating decision environmental permit,0,3,0.0,7.0,4.143,2.051,0.0,True,learned_prefer
message change status,create draft environtmental permit,0,1,0.0,5.6,4.111,2.04,0.0,True,learned_prefer
message change status,assessment of content completed,0,1,0.0,5.6,4.111,2.04,0.0,True,learned_prefer
stop all running subcases 2b,creating decision permanently suspended,0,1,0.0,5.6,4.111,2.04,0.0,False,impossible
stop all running subcases 2b,cancel case,0,1,0.0,5.6,4.111,2.04,0.0,True,learned_prefer
stop all running subcases 2b,set decision phase decision no permit required sent,0,1,0.0,5.6,4.111,2.04,0.0,False,impossible
stop all running subcases 2b,registration date publication,0,1,0.0,5.6,4.111,2.04,0.0,True,learned_prefer
stop all running subcases 2b,register deadline,0,1,0.0,5.6,4.111,2.04,0.0,True,learned_prefer
stop all running subcases 2b,phase decision ready,0,1,0.0,5.6,4.111,2.04,0.0,True,learned_prefer
stop all running subcases 2b,enter date advice on treatment of environmental permit,0,1,0.0,5.6,4.111,2.04,0.0,False,impossible
message change status,set phase,0,1,0.0,5.6,4.111,2.04,0.0,True,learned_prefer
message change status,register deadline,0,1,0.0,5.6,4.111,2.04,0.0,True,learned_prefer
message change status,phase advice known,0,1,0.0,5.6,4.111,2.04,0.0,True,learned_prefer
message change status,creating environmental permit decision,0,1,0.0,5.6,4.111,2.04,0.0,True,learned_prefer
message change status,treat subcase final VVGB,0,1,0.0,5.6,4.111,2.04,0.0,False,impossible
message change status,enter senddate decision environmental permit,0,1,0.0,5.6,4.111,2.04,0.0,True,learned_prefer
message change status,suspension ground applicable,0,1,0.0,5.6,4.111,2.04,0.0,True,learned_prefer
send decision suspension,subcase art. 33 WABO completed,0,1,0.0,5.6,4.111,2.04,0.0,False,impossible
send decision suspension,start decision phase decision permitting sent,0,1,0.0,5.6,4.111,2.04,0.0,True,learned_prefer
send decision suspension,set decision phase suspension sent,0,1,0.0,5.6,4.111,2.04,0.0,True,learned_prefer
send decision suspension,start WABOprocedure,0,1,0.0,5.6,4.111,2.04,0.0,True,learned_prefer
send decision suspension,no permit needed or only notification needed,0,1,0.0,5.6,4.111,2.04,0.0,False,impossible
send decision suspension,enter senddate decision suspension,0,1,0.0,5.6,4.111,2.04,0.0,True,learned_prefer
send decision suspension,creating decision suspension 35 WABO,0,1,0.0,5.6,4.111,2.04,0.0,False,impossible
send decision suspension,creating decision suspension art. 33 WABO,0,1,0.0,5.6,4.111,2.04,0.0,True,learned_prefer
send decision suspension,completed subcases content,0,1,0.0,5.6,4.111,2.04,0.0,True,learned_prefer
stop all running subcases 2b,generate letter no permit required,0,1,0.0,5.6,4.111,2.04,0.0,False,impossible
send decision suspension,treat subcases content,0,1,0.0,5.6,4.111,2.04,0.0,True,learned_prefer
send decision suspension,treat subcase suspension art. 33 WABO,0,1,0.0,5.6,4.111,2.04,0.0,True,learned_prefer
create cover letter extend procedure term,phase additional information received,0,1,0.0,5.6,4.111,2.04,0.0,False,impossible
create cover letter extend procedure term,procedure change,0,1,0.0,5.6,4.111,2.04,0.0,True,learned_prefer
create cover letter extend procedure term,send confirmation receipt additional data,0,1,0.0,5.6,4.111,2.04,0.0,True,learned_prefer
request further information,phase application receptive,0,1,0.0,5.6,4.111,2.04,0.0,True,learned_prefer
request further information,send message OLO-status in progress,0,1,0.0,5.6,4.111,2.04,0.0,True,learned_prefer
subcase art. 33 WABO completed,phase decision taken,0,1,0.0,5.6,4.111,2.04,0.0,False,impossible
create cover letter extend procedure term,creating decision procedure term extension,0,1,0.0,5.6,4.111,2.04,0.0,True,learned_prefer
create cover letter extend procedure term,enter senddate procedure term extension,0,1,0.0,5.6,4.111,2.04,0.0,True,learned_prefer
create cover letter extend procedure term,extend procedure term,0,1,0.0,5.6,4.111,2.04,0.0,True,learned_prefer
create cover letter extend procedure term,forward to the competent authority,0,1,0.0,5.6,4.111,2.04,0.0,False,impossible
create cover letter extend procedure term,set decision status,0,1,0.0,5.6,4.111,2.04,0.0,True,learned_prefer
create cover letter extend procedure term,suspend term,0,1,0.0,5.6,4.111,2.04,0.0,False,impossible
request further information,enter senddate decision environmental permit,0,1,0.0,5.6,4.111,2.04,0.0,True,learned_prefer
request further information,subcases completeness completed,0,1,0.0,5.6,4.111,2.04,0.0,True,learned_prefer
request further information,suspend term,0,1,0.0,5.6,4.111,2.04,0.0,True,learned_prefer
request further information,suspension ground applicable,0,1,0.0,5.6,4.111,2.04,0.0,False,impossible
stop all running subcases 2b,enter senddate decision environmental permit,0,1,0.0,5.6,4.111,2.04,0.0,True,learned_prefer
subcase art. 33 WABO completed,assessment of content completed,0,1,0.0,5.6,4.111,2.04,0.0,False,impossible
subcase art. 33 WABO completed,creating decision suspension art. 34 WABO,0,1,0.0,5.6,4.111,2.04,0.0,True,learned_prefer
stop all running subcases 2b,set decision phase decision permitting decided,0,1,0.0,5.6,4.111,2.04,0.0,True,learned_prefer
stop all running subcases 2b,start decision phase permanent suspension sent,0,1,0.0,5.6,4.111,2.04,0.0,True,learned_prefer
stop all running subcases 2b,phase application received,0,1,0.0,5.6,4.111,2.04,0.0,False,impossible
stop all running subcases 2b,phase archived case,0,1,0.0,5.6,4.111,2.04,0.0,True,learned_prefer
subcase art. 33 WABO completed,treat subcases content,0,1,0.0,5.6,4.111,2.04,0.0,True,learned_prefer
stop all running subcases 2b,read publication date field,0,1,0.0,5.6,4.111,2.04,0.0,True,learned_prefer
subcase art. 33 WABO completed,phase updated plan received,0,1,0.0,5.6,4.111,2.04,0.0,True,learned_prefer
subcase art. 33 WABO completed,refusal after suspension,0,1,0.0,5.6,4.111,2.04,0.0,True,learned_prefer
subcase art. 33 WABO completed,send decision suspension,0,1,0.0,5.6,4.111,2.04,0.0,True,learned_prefer
subcase art. 33 WABO completed,set decision phase suspension sent,0,1,0.0,5.6,4.111,2.04,0.0,True,learned_prefer
subcase art. 33 WABO completed,set decision phase: suspension cancelled,0,1,0.0,5.6,4.111,2.04,0.0,True,learned_prefer
create cover letter extend procedure term,procedure change after completeness,0,1,0.0,5.6,4.111,2.04,0.0,False,impossible
create cover letter extend procedure term,MER present in supplement,0,1,0.0,5.6,4.111,2.04,0.0,False,impossible
create cover letter extend procedure term,ask stakeholders views,0,1,0.0,5.6,4.111,2.04,0.0,True,learned_prefer
create cover letter extend procedure term,copy decision to extend procedure to stakeholders,0,1,0.0,5.6,4.111,2.04,0.0,True,learned_prefer
create cover letter extend procedure term,create cover letter permanent suspension,0,1,0.0,5.6,4.111,2.04,0.0,False,impossible
subcase art. 33 WABO completed,treat subcase suspension art. 33 WABO,0,1,0.0,5.6,4.111,2.04,0.0,True,learned_prefer
WAW permit aspect,receive additional information,0,2,0.0,6.7,4.067,2.024,0.0,True,learned_prefer
WAW permit aspect,phase procedure aborted,0,2,0.0,6.7,4.067,2.024,0.0,True,learned_prefer
WAW permit aspect,multiple components selected,0,2,0.0,6.7,4.067,2.024,0.0,True,learned_prefer
enter senddate decision procedure term extension,create subcases completeness,0,2,0.0,6.7,4.067,2.024,0.0,True,learned_prefer
enter senddate decision procedure term extension,phase application receptive,0,2,0.0,6.7,4.067,2.024,0.0,True,learned_prefer
enter senddate decision procedure term extension,read field phased application,0,2,0.0,6.7,4.067,2.024,0.0,False,impossible
send design decision to stakeholders,create draft environtmental permit,0,2,0.0,6.7,4.067,2.024,0.0,True,learned_prefer
send design decision to stakeholders,transcript decision environmental permit to stakeholders,0,2,0.0,6.7,4.067,2.024,0.0,True,learned_prefer
phase archived case,phase procedure aborted,0,2,0.0,6.7,4.067,2.024,0.0,True,learned_prefer
send design decision to stakeholders,generating decision environmental permit,0,2,0.0,6.7,4.067,2.024,0.0,True,learned_prefer
send design decision to stakeholders,entering senddate draft decision environmental permit,0,2,0.0,6.7,4.067,2.024,0.0,True,learned_prefer
send design decision to stakeholders,enter senddate decision environmental permit,0,2,0.0,6.7,4.067,2.024,0.0,True,learned_prefer
phase archived case,generate letter no permit required,0,2,0.0,6.7,4.067,2.024,0.0,False,impossible
phase archived case,record date of decision environmental permit,0,2,0.0,6.7,4.067,2.024,0.0,True,learned_prefer
enter senddate decision procedure term extension,set decision status,0,2,0.0,6.7,4.067,2.024,0.0,True,learned_prefer
enter senddate decision procedure term extension,create publication document,0,2,0.0,6.7,4.067,2.024,0.0,True,learned_prefer
WAW permit aspect,phase application received,0,2,0.0,6.7,4.067,2.024,0.0,False,impossible
phase archived case,enter senddate decision environmental permit,0,2,0.0,6.7,4.067,2.024,0.0,True,learned_prefer
phase archived case,phase application receptive,0,2,0.0,6.7,4.067,2.024,0.0,True,learned_prefer
phase archived case,set phase: phase permitting irrevocable,0,2,0.0,6.7,4.067,2.024,0.0,True,learned_prefer
send procedure confirmation,enter senddate draft decision,0,4,0.0,7.4,4.037,2.013,0.0,True,learned_prefer
send procedure confirmation,creating decision procedure term extension,0,4,0.0,7.4,4.037,2.013,0.0,True,learned_prefer
procedure change after completeness,procedure change,0,3,0.0,7.3,3.952,1.983,0.0,True,learned_prefer
enter senddate retrieve missing data,enrich draft decision,0,3,0.0,7.3,3.952,1.983,0.0,False,impossible
enter senddate retrieve missing data,set decision phase: draft decision permitted sent,0,3,0.0,7.3,3.952,1.983,0.0,False,impossible
procedure change after completeness,completed subcases content,0,3,0.0,7.3,3.952,1.983,0.0,True,learned_prefer
procedure change after completeness,investigate BAG objects,0,3,0.0,7.3,3.952,1.983,0.0,True,learned_prefer
procedure change after completeness,grounds for refusal,0,3,0.0,7.3,3.952,1.983,0.0,True,learned_prefer
procedure change after completeness,start WABOprocedure,0,3,0.0,7.3,3.952,1.983,0.0,True,learned_prefer
procedure change after completeness,enter senddate procedure confirmation,0,3,0.0,7.3,3.952,1.983,0.0,True,learned_prefer
procedure change after completeness,phase advice known,0,3,0.0,7.3,3.952,1.983,0.0,True,learned_prefer
publish,phase application receptive,0,2,0.0,6.9,3.933,1.976,0.0,True,learned_prefer
enter receipt of additional data,creating cover letter decision,0,2,0.0,6.9,3.933,1.976,0.0,False,impossible
enter receipt of additional data,enter senddate acknowledgement,0,2,0.0,6.9,3.933,1.976,0.0,True,learned_prefer
generate draft decision environmental permit,enter senddate draft decision,0,2,0.0,6.9,3.933,1.976,0.0,True,learned_prefer
enter receipt of additional data,article 34  WABO applies,0,2,0.0,6.9,3.933,1.976,0.0,True,learned_prefer
enter receipt of additional data,send procedure confirmation,0,2,0.0,6.9,3.933,1.976,0.0,True,learned_prefer
enter receipt of additional data,send confirmation receipt additional data,0,2,0.0,6.9,3.933,1.976,0.0,True,learned_prefer
publish,subcases completeness completed,0,2,0.0,6.9,3.933,1.976,0.0,True,learned_prefer
publish,send confirmation receipt,0,2,0.0,6.9,3.933,1.976,0.0,True,learned_prefer
publish,phase decision ready,0,2,0.0,6.9,3.933,1.976,0.0,True,learned_prefer
generate draft decision environmental permit,phase decision sent,0,2,0.0,6.9,3.933,1.976,0.0,True,learned_prefer
phase procedure resumed,phase advice known,0,1,0.0,5.9,3.889,1.959,0.0,True,learned_prefer
send confirmation receipt additional data,phase decision ready,0,1,0.0,5.9,3.889,1.959,0.0,True,learned_prefer
by law,procedure change,0,1,0.0,5.9,3.889,1.959,0.0,True,learned_prefer
article 34  WABO applies,regular procedure without MER,0,1,0.0,5.9,3.889,1.959,0.0,True,learned_prefer
article 34  WABO applies,request further information,0,1,0.0,5.9,3.889,1.959,0.0,True,learned_prefer
by law,phase application receptive,0,1,0.0,5.9,3.889,1.959,0.0,True,learned_prefer
article 34  WABO applies,set decision status,0,1,0.0,5.9,3.889,1.959,0.0,True,learned_prefer
article 34  WABO applies,submit decision,0,1,0.0,5.9,3.889,1.959,0.0,True,learned_prefer
by law,phase procedure resumed,0,1,0.0,5.9,3.889,1.959,0.0,True,learned_prefer
article 34  WABO applies,publication date draft decision,0,1,0.0,5.9,3.889,1.959,0.0,True,learned_prefer
send confirmation receipt additional data,set decision phase decision permitting decided,0,1,0.0,5.9,3.889,1.959,0.0,True,learned_prefer
send confirmation receipt additional data,completed subcases content,0,1,0.0,5.9,3.889,1.959,0.0,True,learned_prefer
send confirmation receipt additional data,set decision status,0,1,0.0,5.9,3.889,1.959,0.0,True,learned_prefer
send confirmation receipt additional data,creating environmental permit decision,0,1,0.0,5.9,3.889,1.959,0.0,True,learned_prefer
phase procedure resumed,decision date prior to decision,0,1,0.0,5.9,3.889,1.959,0.0,True,learned_prefer
start decision phase permanent suspension sent,receive additional information,0,1,0.0,5.9,3.889,1.959,0.0,True,learned_prefer
send confirmation receipt additional data,extend procedure term,0,1,0.0,5.9,3.889,1.959,0.0,True,learned_prefer
start decision phase permanent suspension sent,phase permanently suspended,0,1,0.0,5.9,3.889,1.959,0.0,True,learned_prefer
by law,set phase: phase permitting irrevocable,0,1,0.0,5.9,3.889,1.959,0.0,True,learned_prefer
by law,send letter in progress,0,1,0.0,5.9,3.889,1.959,0.0,True,learned_prefer
by law,send confirmation receipt,0,1,0.0,5.9,3.889,1.959,0.0,True,learned_prefer
by law,objection to extension procedure term receptive,0,1,0.0,5.9,3.889,1.959,0.0,True,learned_prefer
by law,create subcases completeness,0,1,0.0,5.9,3.889,1.959,0.0,True,learned_prefer
by law,objection lodged against decision,0,1,0.0,5.9,3.889,1.959,0.0,False,impossible
by law,start decision phase decision permitting sent,0,1,0.0,5.9,3.889,1.959,0.0,True,learned_prefer
by law,register number of days extension period,0,1,0.0,5.9,3.889,1.959,0.0,False,impossible
by law,message change status,0,1,0.0,5.9,3.889,1.959,0.0,True,learned_prefer
by law,decision terminate on request,0,1,0.0,5.9,3.889,1.959,0.0,True,learned_prefer
by law,completed subcases content,0,1,0.0,5.9,3.889,1.959,0.0,True,learned_prefer
by law,assessment of content completed,0,1,0.0,5.9,3.889,1.959,0.0,True,learned_prefer
phase decision suspended,set decision status,0,1,0.0,5.9,3.889,1.959,0.0,True,learned_prefer
phase decision suspended,phase advice known,0,1,0.0,5.9,3.889,1.959,0.0,True,learned_prefer
phase decision suspended,creating decision suspension art. 33 WABO,0,1,0.0,5.9,3.889,1.959,0.0,True,learned_prefer
phase decision suspended,set decision phase: suspension cancelled,0,1,0.0,5.9,3.889,1.959,0.0,False,impossible
send confirmation receipt additional data,enter receipt of additional data,0,1,0.0,5.9,3.889,1.959,0.0,True,learned_prefer
send confirmation receipt additional data,phase procedure aborted,0,1,0.0,5.9,3.889,1.959,0.0,False,impossible
send confirmation receipt additional data,request complete,0,1,0.0,5.9,3.889,1.959,0.0,True,learned_prefer
article 34  WABO applies,terminate on request,0,1,0.0,5.9,3.889,1.959,0.0,True,learned_prefer
article 34  WABO applies,extend procedure term,0,1,0.0,5.9,3.889,1.959,0.0,True,learned_prefer
article 34  WABO applies,MER present in supplement,0,1,0.0,5.9,3.889,1.959,0.0,True,learned_prefer
phase decision suspended,suspension ground applicable,0,1,0.0,5.9,3.889,1.959,0.0,True,learned_prefer
phase decision suspended,enter date decision suspension,0,1,0.0,5.9,3.889,1.959,0.0,True,learned_prefer
phase procedure resumed,enter senddate decision environmental permit,0,1,0.0,5.9,3.889,1.959,0.0,False,impossible
phase procedure resumed,generating decision environmental permit,0,1,0.0,5.9,3.889,1.959,0.0,True,learned_prefer
request updated plan,completed subcases content,0,1,0.0,5.9,3.889,1.959,0.0,True,learned_prefer
request updated plan,updated plan received,0,1,0.0,5.9,3.889,1.959,0.0,True,learned_prefer
request updated plan,phase advice known,0,1,0.0,5.9,3.889,1.959,0.0,True,learned_prefer
request updated plan,receive request extension,0,1,0.0,5.9,3.889,1.959,0.0,True,learned_prefer
request updated plan,registrer date of publishing received request,0,1,0.0,5.9,3.889,1.959,0.0,True,learned_prefer
request updated plan,registration date publication,0,1,0.0,5.9,3.889,1.959,0.0,True,learned_prefer
send confirmation receipt additional data,phase additional information received,0,1,0.0,5.9,3.889,1.959,0.0,True,learned_prefer
phase procedure resumed,phase decision ready,0,1,0.0,5.9,3.889,1.959,0.0,True,learned_prefer
phase procedure resumed,set decision status,0,1,0.0,5.9,3.889,1.959,0.0,True,learned_prefer
start decision phase permanent suspension sent,start decision phase permanently suspended decided,0,1,0.0,5.9,3.889,1.959,0.0,True,learned_prefer
start decision phase permanent suspension sent,creating decision permanently suspended,0,1,0.0,5.9,3.889,1.959,0.0,True,learned_prefer
start decision phase permanent suspension sent,decision keep permanently suspended,0,1,0.0,5.9,3.889,1.959,0.0,True,learned_prefer
start decision phase permanent suspension sent,close case,0,1,0.0,5.9,3.889,1.959,0.0,True,learned_prefer
phase procedure resumed,start decision phase decision permitting sent,0,1,0.0,5.9,3.889,1.959,0.0,True,learned_prefer
phase procedure resumed,treat subcases content,0,1,0.0,5.9,3.889,1.959,0.0,True,learned_prefer
start decision phase permanent suspension sent,subcases completeness completed,0,1,0.0,5.9,3.889,1.959,0.0,True,learned_prefer
phase procedure resumed,completed subcases content,0,1,0.0,5.9,3.889,1.959,0.0,True,learned_prefer
request updated plan,extend procedure term,0,1,0.0,5.9,3.889,1.959,0.0,True,learned_prefer
activities regular procedure,enter senddate procedure confirmation,0,2,0.0,7.1,3.8,1.926,0.0,True,learned_prefer
activities regular procedure,extend procedure term,0,2,0.0,7.1,3.8,1.926,0.0,True,learned_prefer
activities regular procedure,start WABOprocedure,0,2,0.0,7.1,3.8,1.926,0.0,True,learned_prefer
enter date decision procedure term extension,enter senddate procedure confirmation,0,2,0.0,7.1,3.8,1.926,0.0,True,learned_prefer
enter date decision procedure term extension,entering senddate draft decision environmental permit,0,2,0.0,7.1,3.8,1.926,0.0,False,impossible
enter date decision procedure term extension,terminate on request,0,2,0.0,7.1,3.8,1.926,0.0,True,learned_prefer
create decision procedure term extension,copy decision to extend procedure to stakeholders,0,2,0.0,7.1,3.8,1.926,0.0,True,learned_prefer
create decision procedure term extension,treat subcases content,0,2,0.0,7.1,3.8,1.926,0.0,True,learned_prefer
enter date decision procedure term extension,inform BAG administrator,0,2,0.0,7.1,3.8,1.926,0.0,True,learned_prefer
phase procedure aborted,set decision phase decision no permit required sent,0,2,0.0,7.1,3.8,1.926,0.0,True,learned_prefer
enter date decision procedure term extension,request updated plan,0,2,0.0,7.1,3.8,1.926,0.0,True,learned_prefer
create decision procedure term extension,enter date decision procedure term extension,0,2,0.0,7.1,3.8,1.926,0.0,True,learned_prefer
create decision procedure term extension,received OLO documents,0,2,0.0,7.1,3.8,1.926,0.0,True,learned_prefer
activities regular procedure,perspective regarding draft founded,0,2,0.0,7.1,3.8,1.926,0.0,False,impossible
phase decision sent,subcases completeness completed,0,3,0.0,7.7,3.762,1.911,0.0,True,learned_prefer
phase application received,phase decision ready,0,1,0.0,1.2,3.756,1.909,0.0,True,learned_prefer
phase application received,subcases completeness completed,0,1,0.0,1.2,3.756,1.909,0.0,True,learned_prefer
phase application received,send confirmation receipt,0,1,0.0,1.2,3.756,1.909,0.0,True,learned_prefer
phase application received,terminate on request,0,1,0.0,1.2,3.756,1.909,0.0,True,learned_prefer
phase application received,suspend term,0,1,0.0,1.2,3.756,1.909,0.0,False,impossible
phase application received,applicant is stakeholder,0,1,0.0,1.2,3.756,1.909,0.0,True,learned_prefer
phase application received,forward to the competent authority,0,1,0.0,1.2,3.756,1.909,0.0,True,learned_prefer
phase application received,enter senddate decision,0,1,0.0,1.2,3.756,1.909,0.0,True,learned_prefer
phase application received,generating decision no permit required,0,1,0.0,1.2,3.756,1.909,0.0,False,impossible
phase application received,WAW permit aspect,0,1,0.0,1.2,3.756,1.909,0.0,True,learned_prefer
phase application received,MER required,0,1,0.0,1.2,3.756,1.909,0.0,True,learned_prefer
phase application received,phase application receptive,0,1,0.0,1.2,3.756,1.909,0.0,True,learned_prefer
phase application received,phase additional information received,0,1,0.0,1.2,3.756,1.909,0.0,False,impossible
phase application received,message terminate request,0,1,0.0,1.2,3.756,1.909,0.0,True,learned_prefer
phase application received,initiative competent authority,0,1,0.0,1.2,3.756,1.909,0.0,True,learned_prefer
phase application received,inform BAG administrator,0,1,0.0,1.2,3.756,1.909,0.0,True,learned_prefer
phase application received,regular procedure without MER,0,1,0.0,1.2,3.756,1.909,0.0,True,learned_prefer
phase application received,registrer date of publishing received request,0,1,0.0,1.2,3.756,1.909,0.0,True,learned_prefer
phase application received,start decision phase decision permitting sent,0,1,0.0,1.2,3.756,1.909,0.0,True,learned_prefer
phase application received,register submission date request,0,1,0.0,1.2,3.756,1.909,0.0,True,learned_prefer
phase application received,registration date publication,0,1,0.0,1.2,3.756,1.909,0.0,True,learned_prefer
phase application received,receive additional information,0,1,0.0,1.2,3.756,1.909,0.0,True,learned_prefer
phase application received,publish,0,1,0.0,1.2,3.756,1.909,0.0,True,learned_prefer
phase application received,start WABOprocedure,0,1,0.0,1.2,3.756,1.909,0.0,True,learned_prefer
phase application received,set decision phase: draft decision permitted sent,0,1,0.0,1.2,3.756,1.909,0.0,False,impossible
phase application received,set decision phase decision permitting decided,0,1,0.0,1.2,3.756,1.909,0.0,True,learned_prefer
phase application received,send letter in progress,0,1,0.0,1.2,3.756,1.909,0.0,True,learned_prefer
phase application received,register deadline,0,1,0.0,1.2,3.756,1.909,0.0,True,learned_prefer
phase application received,retrieve missing data,0,1,0.0,1.2,3.756,1.909,0.0,True,learned_prefer
phase application received,request complete,0,1,0.0,1.2,3.756,1.909,0.0,True,learned_prefer
extend procedure term,enter date decision procedure term extension,0,4,0.0,8.0,3.741,1.903,0.0,True,learned_prefer
extend procedure term,request further information,0,4,0.0,8.0,3.741,1.903,0.0,True,learned_prefer
received OLO documents,enter publication date draft decision,0,2,0.0,7.4,3.667,1.874,0.0,False,impossible
enter senddate decision permanent suspension,receive additional information,0,1,0.0,6.2,3.667,1.874,0.0,True,learned_prefer
MER present,investigate BAG objects,0,1,0.0,6.2,3.667,1.874,0.0,True,learned_prefer
received OLO documents,perspective on draft decision environmental permit received,0,2,0.0,7.4,3.667,1.874,0.0,False,impossible
enter senddate decision permanent suspension,retrieve missing data,0,1,0.0,6.2,3.667,1.874,0.0,True,learned_prefer
decision keep permanently suspended,register deadline,0,1,0.0,6.2,3.667,1.874,0.0,False,impossible
decision keep permanently suspended,phase asked additional information,0,1,0.0,6.2,3.667,1.874,0.0,True,learned_prefer
decision keep permanently suspended,start decision phase permanently suspended decided,0,1,0.0,6.2,3.667,1.874,0.0,True,learned_prefer
set decision phase suspension decided,enter senddate decision suspension,0,1,0.0,6.2,3.667,1.874,0.0,True,learned_prefer
set decision phase suspension decided,set decision phase suspension sent,0,1,0.0,6.2,3.667,1.874,0.0,True,learned_prefer
set decision phase suspension decided,send confirmation receipt,0,1,0.0,6.2,3.667,1.874,0.0,True,learned_prefer
set decision phase suspension decided,treat subcases content,0,1,0.0,6.2,3.667,1.874,0.0,False,impossible
set decision phase suspension decided,set decision status,0,1,0.0,6.2,3.667,1.874,0.0,False,impossible
set decision phase suspension decided,enter senddate acknowledgement,0,1,0.0,6.2,3.667,1.874,0.0,True,learned_prefer
phase procedure extended,treat subcases content,0,1,0.0,6.2,3.667,1.874,0.0,True,learned_prefer
enrich draft decision,phase draft decision ready,0,1,0.0,6.2,3.667,1.874,0.0,True,learned_prefer
enrich draft decision,procedure change,0,1,0.0,6.2,3.667,1.874,0.0,True,learned_prefer
enrich draft decision,subcases completeness completed,0,1,0.0,6.2,3.667,1.874,0.0,False,impossible
enrich draft decision,request complete,0,1,0.0,6.2,3.667,1.874,0.0,True,learned_prefer
enrich draft decision,publish official draft decision,0,1,0.0,6.2,3.667,1.874,0.0,False,impossible
enrich draft decision,completed subcases content,0,1,0.0,6.2,3.667,1.874,0.0,True,learned_prefer
decision keep permanently suspended,close case,0,1,0.0,6.2,3.667,1.874,0.0,True,learned_prefer
set decision phase suspension decided,assessment of content completed,0,1,0.0,6.2,3.667,1.874,0.0,True,learned_prefer
enrich draft decision,enrich draft decision environmental permit,0,1,0.0,6.2,3.667,1.874,0.0,True,learned_prefer
decision keep permanently suspended,enter date decision permanent suspension,0,1,0.0,6.2,3.667,1.874,0.0,True,learned_prefer
enter senddate decision permanent suspension,phase application received,0,1,0.0,6.2,3.667,1.874,0.0,True,learned_prefer
enter senddate decision permanent suspension,objection to permanent suspension received,0,1,0.0,6.2,3.667,1.874,0.0,True,learned_prefer
enter senddate decision permanent suspension,creating decision permanently suspended,0,1,0.0,6.2,3.667,1.874,0.0,True,learned_prefer
enter senddate decision permanent suspension,stop all running subcases 2b,0,1,0.0,6.2,3.667,1.874,0.0,True,learned_prefer
received OLO documents,enter senddate retrieve missing data,0,2,0.0,7.4,3.667,1.874,0.0,False,impossible
decision keep permanently suspended,start decision phase permanent suspension sent,0,1,0.0,6.2,3.667,1.874,0.0,True,learned_prefer
decision keep permanently suspended,registration date publication,0,1,0.0,6.2,3.667,1.874,0.0,True,learned_prefer
decision keep permanently suspended,send confirmation receipt,0,1,0.0,6.2,3.667,1.874,0.0,False,impossible
set decision phase: draft decision for inspection,generating decision environmental permit,0,1,0.0,6.2,3.667,1.874,0.0,True,learned_prefer
set decision phase: draft decision for inspection,enter senddate draft decision,0,1,0.0,6.2,3.667,1.874,0.0,True,learned_prefer
set decision phase: draft decision for inspection,procedure change after completeness,0,1,0.0,6.2,3.667,1.874,0.0,False,impossible
set decision phase: draft decision for inspection,close case,0,1,0.0,6.2,3.667,1.874,0.0,True,learned_prefer
set decision phase: draft decision for inspection,enter date advice on treatment of environmental permit,0,1,0.0,6.2,3.667,1.874,0.0,True,learned_prefer
set decision phase: draft decision for inspection,set decision phase: draft decision for inspection,0,1,0.0,6.2,3.667,1.874,0.0,True,learned_prefer
set decision phase: draft decision for inspection,set decision phase suspension sent,0,1,0.0,6.2,3.667,1.874,0.0,False,impossible
set decision phase: draft decision for inspection,set decision phase decision permitting decided,0,1,0.0,6.2,3.667,1.874,0.0,True,learned_prefer
set decision phase: draft decision for inspection,enter senddate decision environmental permit,0,1,0.0,6.2,3.667,1.874,0.0,True,learned_prefer
set decision phase: draft decision for inspection,regular procedure without MER,0,1,0.0,6.2,3.667,1.874,0.0,False,impossible
set decision phase: draft decision for inspection,OLO messaging active,0,1,0.0,6.2,3.667,1.874,0.0,False,impossible
set decision phase: draft decision for inspection,send design decision to stakeholders,0,1,0.0,6.2,3.667,1.874,0.0,True,learned_prefer
enter senddate decision suspension,decision date prior to decision,0,2,0.0,7.4,3.667,1.874,0.0,True,learned_prefer
phase perspective submitted,send confirmation receipt,0,1,0.0,6.2,3.667,1.874,0.0,False,impossible
phase procedure extended,phase asked additional information,0,1,0.0,6.2,3.667,1.874,0.0,False,impossible
phase procedure extended,enter date decision procedure term extension,0,1,0.0,6.2,3.667,1.874,0.0,True,learned_prefer
phase procedure extended,set decision status,0,1,0.0,6.2,3.667,1.874,0.0,True,learned_prefer
phase perspective submitted,subcases completeness completed,0,1,0.0,6.2,3.667,1.874,0.0,True,learned_prefer
phase perspective submitted,treat subcases content,0,1,0.0,6.2,3.667,1.874,0.0,True,learned_prefer
enter senddate decision suspension,enter enddate of suspension,0,2,0.0,7.4,3.667,1.874,0.0,True,learned_prefer
phase procedure extended,completed subcases content,0,1,0.0,6.2,3.667,1.874,0.0,True,learned_prefer
phase perspective submitted,creating environmental permit decision,0,1,0.0,6.2,3.667,1.874,0.0,True,learned_prefer
phase perspective submitted,decision date prior to decision,0,1,0.0,6.2,3.667,1.874,0.0,True,learned_prefer
phase perspective submitted,final VVGB applications,0,1,0.0,6.2,3.667,1.874,0.0,True,learned_prefer
phase perspective submitted,phase decision ready,0,1,0.0,6.2,3.667,1.874,0.0,False,impossible
phase perspective submitted,phase decision sent,0,1,0.0,6.2,3.667,1.874,0.0,True,learned_prefer
phase perspective submitted,publish official draft decision,0,1,0.0,6.2,3.667,1.874,0.0,True,learned_prefer
phase perspective submitted,record date of decision environmental permit,0,1,0.0,6.2,3.667,1.874,0.0,False,impossible
enter senddate procedure term extension,register objection and appeal periods,0,1,0.0,6.2,3.667,1.874,0.0,True,learned_prefer
enter senddate procedure term extension,create publication document,0,1,0.0,6.2,3.667,1.874,0.0,True,learned_prefer
enter senddate procedure term extension,decision date prior to decision,0,1,0.0,6.2,3.667,1.874,0.0,True,learned_prefer
enter senddate procedure term extension,phase application receptive,0,1,0.0,6.2,3.667,1.874,0.0,True,learned_prefer
enter senddate procedure term extension,phase asked additional information,0,1,0.0,6.2,3.667,1.874,0.0,False,impossible
enter senddate procedure term extension,phase procedure extended,0,1,0.0,6.2,3.667,1.874,0.0,True,learned_prefer
phase perspective submitted,create draft environtmental permit,0,1,0.0,6.2,3.667,1.874,0.0,True,learned_prefer
phase perspective submitted,create publication document,0,1,0.0,6.2,3.667,1.874,0.0,False,impossible
terminate on request,decision procedure term extension,0,2,0.0,4.4,3.64,1.864,0.0,True,learned_prefer
terminate on request,subcases completeness completed,0,2,0.0,4.4,3.64,1.864,0.0,True,learned_prefer
terminate on request,activities regular procedure,0,2,0.0,4.4,3.64,1.864,0.0,True,learned_prefer
terminate on request,enter date decision procedure term extension,0,2,0.0,4.4,3.64,1.864,0.0,True,learned_prefer
terminate on request,enter receipt of additional data,0,2,0.0,4.4,3.64,1.864,0.0,True,learned_prefer
terminate on request,keep permanently suspended,0,2,0.0,4.4,3.64,1.864,0.0,False,impossible
send confirmation receipt,set decision phase suspension sent,0,4,0.0,4.9,3.622,1.857,0.0,True,learned_prefer
send confirmation receipt,create decision no permit required,0,4,0.0,4.9,3.622,1.857,0.0,False,impossible
send confirmation receipt,enter senddate letter no permit or only notification required,0,4,0.0,4.9,3.622,1.857,0.0,True,learned_prefer
send confirmation receipt,enter senddate acknowledgement,0,4,0.0,4.9,3.622,1.857,0.0,True,learned_prefer
no permit needed or only notification needed,request complete,0,4,0.0,8.5,3.519,1.815,0.0,True,learned_prefer
suspend term,activities regular procedure,0,3,0.0,8.3,3.476,1.798,0.0,True,learned_prefer
inform BAG administrator,grounds for refusal,0,3,0.0,8.3,3.476,1.798,0.0,True,learned_prefer
enter date termination request received,enter senddate request termination,0,3,0.0,8.3,3.476,1.798,0.0,True,learned_prefer
enter date termination request received,phase application received,0,3,0.0,8.3,3.476,1.798,0.0,True,learned_prefer
enter date termination request received,cancel case,0,3,0.0,8.3,3.476,1.798,0.0,True,learned_prefer
enter senddate letter no permit or only notification required,create letter no permit or only notification required,0,1,0.0,6.7,3.444,1.784,0.0,True,learned_prefer
enter senddate letter no permit or only notification required,phase procedure aborted,0,1,0.0,6.7,3.444,1.784,0.0,True,learned_prefer
create monitoring case,assessment of content completed,0,1,0.0,6.7,3.444,1.784,0.0,False,impossible
create monitoring case,treat subcases content,0,1,0.0,6.7,3.444,1.784,0.0,True,learned_prefer
create monitoring case,set phase: phase permitting irrevocable,0,1,0.0,6.7,3.444,1.784,0.0,False,impossible
create monitoring case,start decision phase decision permitting sent,0,1,0.0,6.7,3.444,1.784,0.0,True,learned_prefer
create monitoring case,phase advice known,0,1,0.0,6.7,3.444,1.784,0.0,True,learned_prefer
create monitoring case,phase draft decision ready,0,1,0.0,6.7,3.444,1.784,0.0,False,impossible
create monitoring case,calculate final charges,0,1,0.0,6.7,3.444,1.784,0.0,True,learned_prefer
continuation term to decision,treat subcases completeness,0,1,0.0,6.7,3.444,1.784,0.0,True,learned_prefer
continuation term to decision,send letter in progress,0,1,0.0,6.7,3.444,1.784,0.0,True,learned_prefer
continuation term to decision,request complete,0,1,0.0,6.7,3.444,1.784,0.0,False,impossible
create monitoring case,close case,0,1,0.0,6.7,3.444,1.784,0.0,True,learned_prefer
phased application,WAW permit aspect,0,1,0.0,6.7,3.444,1.784,0.0,False,impossible
treat subcase perspective,updated plan after perspective,0,1,0.0,6.7,3.444,1.784,0.0,False,impossible
phased application,create procedure confirmation,0,1,0.0,6.7,3.444,1.784,0.0,True,learned_prefer
continuation term to decision,receive additional information,0,1,0.0,6.7,3.444,1.784,0.0,True,learned_prefer
continuation term to decision,date continuation term to decision,0,1,0.0,6.7,3.444,1.784,0.0,True,learned_prefer
create monitoring case,enter publication date draft decision,0,1,0.0,6.7,3.444,1.784,0.0,False,impossible
create monitoring case,creating cover letter decision,0,1,0.0,6.7,3.444,1.784,0.0,True,learned_prefer
create monitoring case,enter senddate draft decision,0,1,0.0,6.7,3.444,1.784,0.0,False,impossible
phased application,enter senddate retrieve missing data,0,1,0.0,6.7,3.444,1.784,0.0,True,learned_prefer
treat subcase perspective,hearing about draft,0,1,0.0,6.7,3.444,1.784,0.0,False,impossible
treat subcase perspective,phase application received,0,1,0.0,6.7,3.444,1.784,0.0,False,impossible
date decision for inspection,register submission date request,0,1,0.0,6.7,3.444,1.784,0.0,True,learned_prefer
date decision for inspection,phase decision taken,0,1,0.0,6.7,3.444,1.784,0.0,True,learned_prefer
date decision for inspection,phase decision sent,0,1,0.0,6.7,3.444,1.784,0.0,True,learned_prefer
date decision for inspection,phase decision ready,0,1,0.0,6.7,3.444,1.784,0.0,False,impossible
treat subcase perspective,perspective from GS or VROM received,0,1,0.0,6.7,3.444,1.784,0.0,True,learned_prefer
treat subcase perspective,retrieve missing data,0,1,0.0,6.7,3.444,1.784,0.0,False,impossible
treat subcase perspective,phase decision ready,0,1,0.0,6.7,3.444,1.784,0.0,True,learned_prefer
phased application,send procedure confirmation,0,1,0.0,6.7,3.444,1.784,0.0,True,learned_prefer
generating decision no permit required,set decision phase decision no permit required sent,0,1,0.0,6.7,3.444,1.784,0.0,False,impossible
generating decision no permit required,set decision status,0,1,0.0,6.7,3.444,1.784,0.0,True,learned_prefer
phased application,register date environmental permit decision,0,1,0.0,6.7,3.444,1.784,0.0,True,learned_prefer
phased application,registration date publication,0,1,0.0,6.7,3.444,1.784,0.0,True,learned_prefer
generating decision no permit required,enter senddate letter no permit required,0,1,0.0,6.7,3.444,1.784,0.0,True,learned_prefer
generating decision no permit required,phase procedure aborted,0,1,0.0,6.7,3.444,1.784,0.0,False,impossible
generating decision no permit required,phase activity no permit required,0,1,0.0,6.7,3.444,1.784,0.0,True,learned_prefer
phased application,request complete,0,1,0.0,6.7,3.444,1.784,0.0,True,learned_prefer
phased application,terminate on request,0,1,0.0,6.7,3.444,1.784,0.0,True,learned_prefer
generating decision no permit required,close case,0,1,0.0,6.7,3.444,1.784,0.0,False,impossible
generating decision no permit required,create decision no permit required,0,1,0.0,6.7,3.444,1.784,0.0,True,learned_prefer
generating decision no permit required,creating cover letter no permit required,0,1,0.0,6.7,3.444,1.784,0.0,True,learned_prefer
date decision for inspection,date draft decision for inspection,0,1,0.0,6.7,3.444,1.784,0.0,True,learned_prefer
publication date draft decision,suspend term,0,1,0.0,6.7,3.444,1.784,0.0,True,learned_prefer
publication date draft decision,VVGB positive,0,1,0.0,6.7,3.444,1.784,0.0,True,learned_prefer
date decision for inspection,enter senddate decision,0,1,0.0,6.7,3.444,1.784,0.0,True,learned_prefer
date decision for inspection,appeal and preliminary injunction in system,0,1,0.0,6.7,3.444,1.784,0.0,True,learned_prefer
date decision for inspection,enter senddate decision environmental permit,0,1,0.0,6.7,3.444,1.784,0.0,True,learned_prefer
date decision for inspection,OLO messaging active,0,1,0.0,6.7,3.444,1.784,0.0,True,learned_prefer
publication date draft decision,enter date draft decisionenvironmental permit,0,1,0.0,6.7,3.444,1.784,0.0,True,learned_prefer
publication date draft decision,extend procedure term,0,1,0.0,6.7,3.444,1.784,0.0,True,learned_prefer
publication date draft decision,phase concept draft decision ready,0,1,0.0,6.7,3.444,1.784,0.0,False,impossible
date decision for inspection,enter date draft decisionenvironmental permit,0,1,0.0,6.7,3.444,1.784,0.0,False,impossible
date decision for inspection,creating environmental permit decision,0,1,0.0,6.7,3.444,1.784,0.0,True,learned_prefer
treat subcase perspective,set decision phase inspection of decision permitting,0,1,0.0,6.7,3.444,1.784,0.0,False,impossible
treat subcase perspective,set decision status,0,1,0.0,6.7,3.444,1.784,0.0,True,learned_prefer
phased application,inform BAG administrator,0,1,0.0,6.7,3.444,1.784,0.0,True,learned_prefer
submit draft decision,enter date advice on treatment of environmental permit,0,2,0.0,8.0,3.4,1.766,0.0,True,learned_prefer
submit draft decision,enrich draft decision,0,2,0.0,8.0,3.4,1.766,0.0,True,learned_prefer
submit draft decision,request complete,0,2,0.0,8.0,3.4,1.766,0.0,True,learned_prefer
read publication date field,phase decision irrevocable,0,3,0.0,8.6,3.381,1.757,0.0,True,learned_prefer
suspension ground applicable,phase advice known,0,3,0.0,8.6,3.381,1.757,0.0,True,learned_prefer
entering senddate draft decision environmental permit,perspective on draft decision environmental permit received,0,4,0.0,9.1,3.296,1.721,0.0,True,learned_prefer
entering senddate draft decision environmental permit,send design decision to stakeholders,0,4,0.0,9.1,3.296,1.721,0.0,True,learned_prefer
enter senddate draft decision,enter publication date draft decision,0,3,0.0,8.8,3.286,1.716,0.0,True,learned_prefer
registrer date of publishing received request,record date of decision no permit required,0,3,0.0,8.8,3.286,1.716,0.0,True,learned_prefer
registrer date of publishing received request,send suspension by competent authority,0,3,0.0,8.8,3.286,1.716,0.0,True,learned_prefer
enter date draft decisionenvironmental permit,retrieve missing data,0,3,0.0,8.8,3.286,1.716,0.0,True,learned_prefer
creating decision procedure term extension,creating environmental permit decision,0,2,0.0,8.3,3.267,1.708,0.0,True,learned_prefer
creating decision procedure term extension,create decision procedure term extension,0,2,0.0,8.3,3.267,1.708,0.0,True,learned_prefer
register objection and appeal periods,phase advice known,0,2,0.0,8.3,3.267,1.708,0.0,True,learned_prefer
register objection and appeal periods,create publication document,0,2,0.0,8.3,3.267,1.708,0.0,True,learned_prefer
register objection and appeal periods,ask stakeholders views,0,2,0.0,8.3,3.267,1.708,0.0,True,learned_prefer
creating decision procedure term extension,phase procedure extended,0,2,0.0,8.3,3.267,1.708,0.0,True,learned_prefer
phase concept draft decision ready,register date environmental permit decision,0,2,0.0,8.3,3.267,1.708,0.0,True,learned_prefer
phase concept draft decision ready,set decision phase decision permitting decided,0,2,0.0,8.3,3.267,1.708,0.0,True,learned_prefer
creating decision procedure term extension,phase advice known,0,2,0.0,8.3,3.267,1.708,0.0,True,learned_prefer
phase concept draft decision ready,creating environmental permit decision,0,2,0.0,8.3,3.267,1.708,0.0,True,learned_prefer
creating decision procedure term extension,copy decision to extend procedure to stakeholders,0,2,0.0,8.3,3.267,1.708,0.0,True,learned_prefer
creating decision procedure term extension,decision procedure term extension,0,2,0.0,8.3,3.267,1.708,0.0,True,learned_prefer
register objection and appeal periods,enter date publication decision environmental permit,0,2,0.0,8.3,3.267,1.708,0.0,True,learned_prefer
register objection and appeal periods,enter senddate decision environmental permit,0,2,0.0,8.3,3.267,1.708,0.0,True,learned_prefer
term for supplying missing data,decision date prior to decision,0,1,0.0,7.1,3.222,1.688,0.0,True,learned_prefer
term for supplying missing data,enter senddate decision environmental permit,0,1,0.0,7.1,3.222,1.688,0.0,True,learned_prefer
term for supplying missing data,objection to permanent suspension received,0,1,0.0,7.1,3.222,1.688,0.0,False,impossible
term for supplying missing data,forward to the competent authority,0,1,0.0,7.1,3.222,1.688,0.0,True,learned_prefer
treat subcase suspension art. 33 WABO,send decision suspension,0,1,0.0,7.1,3.222,1.688,0.0,True,learned_prefer
term for supplying missing data,enter senddate procedure resumption,0,1,0.0,7.1,3.222,1.688,0.0,False,impossible
generate publication document decision environmental permit,phase decision taken,0,1,0.0,7.1,3.222,1.688,0.0,True,learned_prefer
generate publication document decision environmental permit,read publication date field,0,1,0.0,7.1,3.222,1.688,0.0,False,impossible
generate publication document decision environmental permit,registrer date of publishing received request,0,1,0.0,7.1,3.222,1.688,0.0,True,learned_prefer
generate publication document decision environmental permit,send design decision to stakeholders,0,1,0.0,7.1,3.222,1.688,0.0,False,impossible
generate publication document decision environmental permit,set phase: phase permitting irrevocable,0,1,0.0,7.1,3.222,1.688,0.0,True,learned_prefer
generate publication document decision environmental permit,objection lodged against decision,0,1,0.0,7.1,3.222,1.688,0.0,True,learned_prefer
generate publication document decision environmental permit,record date of decision environmental permit,0,1,0.0,7.1,3.222,1.688,0.0,True,learned_prefer
term for supplying missing data,registrer date of publishing received request,0,1,0.0,7.1,3.222,1.688,0.0,True,learned_prefer
treat subcase suspension art. 33 WABO,subcase art. 33 WABO completed,0,1,0.0,7.1,3.222,1.688,0.0,True,learned_prefer
treat subcase suspension art. 33 WABO,treat subcases content,0,1,0.0,7.1,3.222,1.688,0.0,True,learned_prefer
create subcases content,submit decision,0,1,0.0,7.1,3.222,1.688,0.0,True,learned_prefer
treat subcase suspension art. 33 WABO,set decision status,0,1,0.0,7.1,3.222,1.688,0.0,True,learned_prefer
create subcases content,create subcases completeness,0,1,0.0,7.1,3.222,1.688,0.0,True,learned_prefer
treat subcase suspension art. 33 WABO,treat subcase suspension art. 34 WABO,0,1,0.0,7.1,3.222,1.688,0.0,True,learned_prefer
create subcases content,forward to the competent authority,0,1,0.0,7.1,3.222,1.688,0.0,True,learned_prefer
create subcases content,phase advice known,0,1,0.0,7.1,3.222,1.688,0.0,True,learned_prefer
create subcases content,phase decision ready,0,1,0.0,7.1,3.222,1.688,0.0,True,learned_prefer
create subcases content,extend procedure term,0,1,0.0,7.1,3.222,1.688,0.0,False,impossible
create subcases content,send confirmation receipt,0,1,0.0,7.1,3.222,1.688,0.0,True,learned_prefer
create subcases content,procedure change,0,1,0.0,7.1,3.222,1.688,0.0,True,learned_prefer
create subcases content,request advice through OLO,0,1,0.0,7.1,3.222,1.688,0.0,False,impossible
create subcases content,register number of days extension period,0,1,0.0,7.1,3.222,1.688,0.0,False,impossible
treat subcase suspension art. 33 WABO,creating decision suspension 35 WABO,0,1,0.0,7.1,3.222,1.688,0.0,False,impossible
enter enddate of suspension,create procedure confirmation,0,1,0.0,7.1,3.222,1.688,0.0,True,learned_prefer
enter enddate of suspension,suspension ground applicable,0,1,0.0,7.1,3.222,1.688,0.0,False,impossible
enter enddate of suspension,procedure change,0,1,0.0,7.1,3.222,1.688,0.0,False,impossible
enter enddate of suspension,by law,0,1,0.0,7.1,3.222,1.688,0.0,True,learned_prefer
treat subcase suspension art. 33 WABO,phase decision sent,0,1,0.0,7.1,3.222,1.688,0.0,True,learned_prefer
treat subcase suspension art. 33 WABO,enter enddate suspension art. 33 WABO,0,1,0.0,7.1,3.222,1.688,0.0,True,learned_prefer
treat subcase suspension art. 33 WABO,phase advice known,0,1,0.0,7.1,3.222,1.688,0.0,True,learned_prefer
updated plan received,phase updated plan received,0,1,0.0,7.1,3.222,1.688,0.0,True,learned_prefer
generate publication document decision environmental permit,enter senddate decision environmental permit,0,1,0.0,7.1,3.222,1.688,0.0,True,learned_prefer
generate publication document decision environmental permit,assessment of content completed,0,1,0.0,7.1,3.222,1.688,0.0,False,impossible
generate publication document decision environmental permit,date decision for inspection,0,1,0.0,7.1,3.222,1.688,0.0,True,learned_prefer
updated plan received,treat subcases completeness,0,1,0.0,7.1,3.222,1.688,0.0,False,impossible
updated plan received,WAW permit aspect,0,1,0.0,7.1,3.222,1.688,0.0,True,learned_prefer
updated plan received,treat subcases reassessment plan,0,1,0.0,7.1,3.222,1.688,0.0,True,learned_prefer
term for supplying missing data,send procedure confirmation,0,1,0.0,7.1,3.222,1.688,0.0,True,learned_prefer
updated plan received,set decision status,0,1,0.0,7.1,3.222,1.688,0.0,True,learned_prefer
updated plan received,send confirmation receipt,0,1,0.0,7.1,3.222,1.688,0.0,True,learned_prefer
updated plan received,continuation term to decision,0,1,0.0,7.1,3.222,1.688,0.0,True,learned_prefer
updated plan received,phase advice known,0,1,0.0,7.1,3.222,1.688,0.0,True,learned_prefer
term for supplying missing data,enter receipt of additional data,0,1,0.0,7.1,3.222,1.688,0.0,True,learned_prefer
set decision phase: draft decision permitted sent,start WABOprocedure,0,3,0.0,9.1,3.19,1.674,0.0,True,learned_prefer
start decision phase extension granted,procedure change after completeness,0,3,0.0,9.1,3.19,1.674,0.0,False,impossible
set decision phase: draft decision permitted sent,set decision phase: draft decision for inspection,0,3,0.0,9.1,3.19,1.674,0.0,True,learned_prefer
start decision phase extension granted,enter senddate decision procedure term extension,0,3,0.0,9.1,3.19,1.674,0.0,True,learned_prefer
retrieve missing data,enter date decision procedure term extension,0,2,0.0,5.1,3.16,1.66,0.0,True,learned_prefer
retrieve missing data,treat subcases content,0,2,0.0,5.1,3.16,1.66,0.0,True,learned_prefer
retrieve missing data,set decision phase suspension sent,0,2,0.0,5.1,3.16,1.66,0.0,True,learned_prefer
retrieve missing data,phase application receptive,0,2,0.0,5.1,3.16,1.66,0.0,True,learned_prefer
retrieve missing data,decision permanent suspension irrevocable,0,2,0.0,5.1,3.16,1.66,0.0,True,learned_prefer
retrieve missing data,treat subcase perspective,0,2,0.0,5.1,3.16,1.66,0.0,True,learned_prefer
MER present in supplement,subcases completeness completed,0,2,0.0,8.7,3.133,1.648,0.0,True,learned_prefer
MER present in supplement,register number of days extension period,0,2,0.0,8.7,3.133,1.648,0.0,False,impossible
MER present in supplement,procedure change,0,2,0.0,8.7,3.133,1.648,0.0,True,learned_prefer
MER present in supplement,extend procedure term,0,2,0.0,8.7,3.133,1.648,0.0,True,learned_prefer
resume completeness subcases,phase asked additional information,0,3,0.0,9.4,3.095,1.63,0.0,True,learned_prefer
read field phased application,create draft environtmental permit,0,3,0.0,9.4,3.095,1.63,0.0,False,impossible
resume completeness subcases,phase draft decision made,0,3,0.0,9.4,3.095,1.63,0.0,False,impossible
enter senddate decision,continue or abort mutation BAG objects,0,3,0.0,9.4,3.095,1.63,0.0,True,learned_prefer
create procedure confirmation,enter senddate acknowledgement,0,3,0.0,9.4,3.095,1.63,0.0,True,learned_prefer
creating decision permanently suspended,treat subcases completeness,0,1,0.0,7.7,3.0,1.585,0.0,False,impossible
creating decision permanently suspended,enter date decision permanent suspension,0,1,0.0,7.7,3.0,1.585,0.0,True,learned_prefer
creating decision permanently suspended,read publication date field,0,1,0.0,7.7,3.0,1.585,0.0,False,impossible
perspective on draft decision environmental permit received,enter enddate of suspension,0,2,0.0,9.1,3.0,1.585,0.0,False,impossible
start phased application,procedure change,1,1,100.0,25.0,3.0,1.585,0.25,True,learned_prefer
create draft environtmental permit,phase draft decision ready,0,3,0.0,9.7,3.0,1.585,0.0,True,learned_prefer
create draft environtmental permit,extension not allowed,0,3,0.0,9.7,3.0,1.585,0.0,True,learned_prefer
perspective on draft decision environmental permit received,treat subcase perspective,0,2,0.0,9.1,3.0,1.585,0.0,True,learned_prefer
creating decision permanently suspended,start decision phase permanent suspension sent,0,1,0.0,7.7,3.0,1.585,0.0,True,learned_prefer
creating decision permanently suspended,set decision status,0,1,0.0,7.7,3.0,1.585,0.0,True,learned_prefer
phase procedure term suspended,continuation term to decision,0,1,0.0,7.7,3.0,1.585,0.0,True,learned_prefer
create decision no permit required,objection decision no permit required received,0,2,0.0,9.1,3.0,1.585,0.0,False,impossible
create decision no permit required,decision date prior to decision,0,2,0.0,9.1,3.0,1.585,0.0,True,learned_prefer
perspective on draft decision environmental permit received,perspective from GS or VROM received,0,2,0.0,9.1,3.0,1.585,0.0,True,learned_prefer
perspective on draft decision environmental permit received,transcript decision environmental permit to stakeholders,0,2,0.0,9.1,3.0,1.585,0.0,True,learned_prefer
create draft environtmental permit,send message OLO-status in progress,0,3,0.0,9.7,3.0,1.585,0.0,False,impossible
coordination of application,set decision status,0,1,0.0,7.7,3.0,1.585,0.0,True,learned_prefer
coordination of application,subcases completeness completed,0,1,0.0,7.7,3.0,1.585,0.0,False,impossible
coordination of application,create continuation letter,0,1,0.0,7.7,3.0,1.585,0.0,False,impossible
coordination of application,assessment of content completed,0,1,0.0,7.7,3.0,1.585,0.0,True,learned_prefer
creating decision permanently suspended,create cover letter permanent suspension,0,1,0.0,7.7,3.0,1.585,0.0,True,learned_prefer
creating decision permanently suspended,start decision phase permanently suspended decided,0,1,0.0,7.7,3.0,1.585,0.0,True,learned_prefer
creating decision permanently suspended,extend procedure term,0,1,0.0,7.7,3.0,1.585,0.0,True,learned_prefer
cancel case,phase application received,0,2,0.0,9.1,3.0,1.585,0.0,True,learned_prefer
calculate provisional charges,register submission date request,0,2,0.0,9.1,3.0,1.585,0.0,True,learned_prefer
calculate provisional charges,read field phased application,0,2,0.0,9.1,3.0,1.585,0.0,False,impossible
calculate provisional charges,perspective on draft decision environmental permit received,0,2,0.0,9.1,3.0,1.585,0.0,False,impossible
calculate provisional charges,create cover letter draft decision,0,2,0.0,9.1,3.0,1.585,0.0,False,impossible
cancel case,phase procedure prematurely terminated,0,2,0.0,9.1,3.0,1.585,0.0,True,learned_prefer
calculate provisional charges,applicant is stakeholder,0,2,0.0,9.1,3.0,1.585,0.0,True,learned_prefer
coordination of application,submit decision,0,1,0.0,7.7,3.0,1.585,0.0,True,learned_prefer
cancel case,phase archived case,0,2,0.0,9.1,3.0,1.585,0.0,True,learned_prefer
phase procedure term suspended,start date suspension competent authority,0,1,0.0,7.7,3.0,1.585,0.0,True,learned_prefer
phase case handled,phase decision sent,0,2,0.0,9.1,3.0,1.585,0.0,True,learned_prefer
phase case handled,set phase: phase permitting irrevocable,0,2,0.0,9.1,3.0,1.585,0.0,True,learned_prefer
phase draft decision made,phase decision sent,0,3,0.0,9.7,3.0,1.585,0.0,True,learned_prefer
send letter in progress,enter date draft decisionenvironmental permit,0,3,0.0,9.7,3.0,1.585,0.0,True,learned_prefer
phase case handled,stop all running subcases 2b,0,2,0.0,9.1,3.0,1.585,0.0,True,learned_prefer
phase procedure term suspended,updated plan received,0,1,0.0,7.7,3.0,1.585,0.0,True,learned_prefer
phase procedure term suspended,enter senddate suspension by competent authority,0,1,0.0,7.7,3.0,1.585,0.0,True,learned_prefer
phase procedure term suspended,enter date decision procedure term extension,0,1,0.0,7.7,3.0,1.585,0.0,True,learned_prefer
phase procedure term suspended,phase additional information received,0,1,0.0,7.7,3.0,1.585,0.0,True,learned_prefer
enter date advice on treatment of environmental permit,phase application received,0,3,0.0,9.7,3.0,1.585,0.0,True,learned_prefer
phase procedure term suspended,create suspension competent authority,0,1,0.0,7.7,3.0,1.585,0.0,True,learned_prefer
phase draft decision made,treat subcases completeness,0,3,0.0,9.7,3.0,1.585,0.0,True,learned_prefer
register number of days extension period,decision date prior to decision,0,2,0.0,9.1,3.0,1.585,0.0,True,learned_prefer
phase case handled,create decision no permit required,0,2,0.0,9.1,3.0,1.585,0.0,False,impossible
phase case handled,phase decision ready,0,2,0.0,9.1,3.0,1.585,0.0,True,learned_prefer
calculate provisional charges,submit draft decision,0,2,0.0,9.1,3.0,1.585,0.0,False,impossible
coordination of application,phase application receptive,0,1,0.0,7.7,3.0,1.585,0.0,True,learned_prefer
coordination of application,creating cover letter decision,0,1,0.0,7.7,3.0,1.585,0.0,True,learned_prefer
creating decision permanently suspended,phase archived case,0,1,0.0,7.7,3.0,1.585,0.0,True,learned_prefer
creating decision permanently suspended,stop procedure after permanent suspension,0,1,0.0,7.7,3.0,1.585,0.0,False,impossible
creating decision permanently suspended,phase permanently suspended,0,1,0.0,7.7,3.0,1.585,0.0,True,learned_prefer
cancel case,phase procedure aborted,0,2,0.0,9.1,3.0,1.585,0.0,True,learned_prefer
phase case handled,start decision phase permanent suspension sent,0,2,0.0,9.1,3.0,1.585,0.0,True,learned_prefer
register number of days extension period,send confirmation receipt additional data,0,2,0.0,9.1,3.0,1.585,0.0,False,impossible
register number of days extension period,procedure change after completeness,0,2,0.0,9.1,3.0,1.585,0.0,True,learned_prefer
treat subcases completeness,phase additional information received,0,1,0.0,1.5,2.956,1.563,0.0,True,learned_prefer
treat subcases completeness,phase advice known,0,1,0.0,1.5,2.956,1.563,0.0,True,learned_prefer
treat subcases completeness,phase concept draft decision ready,0,1,0.0,1.5,2.956,1.563,0.0,True,learned_prefer
treat subcases completeness,phase decision ready,0,1,0.0,1.5,2.956,1.563,0.0,True,learned_prefer
treat subcases completeness,set decision phase suspension sent,0,1,0.0,1.5,2.956,1.563,0.0,False,impossible
treat subcases completeness,phase decision sent,0,1,0.0,1.5,2.956,1.563,0.0,False,impossible
treat subcases completeness,WAW permit aspect,0,1,0.0,1.5,2.956,1.563,0.0,True,learned_prefer
treat subcases completeness,investigate BAG objects,0,1,0.0,1.5,2.956,1.563,0.0,True,learned_prefer
treat subcases completeness,enter objectionterm,0,1,0.0,1.5,2.956,1.563,0.0,True,learned_prefer
treat subcases completeness,enter date advice on treatment of environmental permit,0,1,0.0,1.5,2.956,1.563,0.0,True,learned_prefer
treat subcases completeness,decision extension procedure term irrevocable,0,1,0.0,1.5,2.956,1.563,0.0,True,learned_prefer
treat subcases completeness,creating environmental permit decision,0,1,0.0,1.5,2.956,1.563,0.0,True,learned_prefer
treat subcases completeness,phase application receptive,0,1,0.0,1.5,2.956,1.563,0.0,True,learned_prefer
treat subcases completeness,phase asked additional information,0,1,0.0,1.5,2.956,1.563,0.0,True,learned_prefer
treat subcases completeness,subcase WAW completed,0,1,0.0,1.5,2.956,1.563,0.0,True,learned_prefer
treat subcases completeness,start decision phase decision permitting sent,0,1,0.0,1.5,2.956,1.563,0.0,True,learned_prefer
treat subcases completeness,by law,0,1,0.0,1.5,2.956,1.563,0.0,True,learned_prefer
treat subcases completeness,decision date prior to decision,0,1,0.0,1.5,2.956,1.563,0.0,True,learned_prefer
treat subcases completeness,creating decision procedure term extension,0,1,0.0,1.5,2.956,1.563,0.0,True,learned_prefer
treat subcases completeness,create publication document,0,1,0.0,1.5,2.956,1.563,0.0,True,learned_prefer
treat subcases completeness,treat subcase WAW,0,1,0.0,1.5,2.956,1.563,0.0,False,impossible
treat subcases completeness,treat subcases completeness,0,1,0.0,1.5,2.956,1.563,0.0,True,learned_prefer
treat subcases completeness,publish official draft decision,0,1,0.0,1.5,2.956,1.563,0.0,False,impossible
treat subcases completeness,process received advice,0,1,0.0,1.5,2.956,1.563,0.0,False,impossible
treat subcases completeness,phase procedure term resumed,0,1,0.0,1.5,2.956,1.563,0.0,False,impossible
treat subcases completeness,phase procedure aborted,0,1,0.0,1.5,2.956,1.563,0.0,True,learned_prefer
treat subcases completeness,send design decision to stakeholders,0,1,0.0,1.5,2.956,1.563,0.0,True,learned_prefer
treat subcases completeness,suspension ground applicable,0,1,0.0,1.5,2.956,1.563,0.0,True,learned_prefer
treat subcases completeness,term for supplying missing data,0,1,0.0,1.5,2.956,1.563,0.0,True,learned_prefer
treat subcases completeness,received OLO documents,0,1,0.0,1.5,2.956,1.563,0.0,True,learned_prefer
treat subcases completeness,register number of days extension period,0,1,0.0,1.5,2.956,1.563,0.0,True,learned_prefer
treat subcases completeness,register date environmental permit decision,0,1,0.0,1.5,2.956,1.563,0.0,True,learned_prefer
treat subcases completeness,send message OLO-status in progress,0,1,0.0,1.5,2.956,1.563,0.0,False,impossible
treat subcases completeness,record date of decision environmental permit,0,1,0.0,1.5,2.956,1.563,0.0,True,learned_prefer
treat subcases completeness,read field phased application,0,1,0.0,1.5,2.956,1.563,0.0,True,learned_prefer
treat subcases completeness,request updated plan,0,1,0.0,1.5,2.956,1.563,0.0,False,impossible
treat subcases completeness,registration date publication,0,1,0.0,1.5,2.956,1.563,0.0,True,learned_prefer
treat subcases completeness,registrer date of publishing received request,0,1,0.0,1.5,2.956,1.563,0.0,True,learned_prefer
phase decision sent,treat subcases completeness,0,4,0.0,10.3,2.926,1.549,0.0,True,learned_prefer
enter senddate decision procedure term extension,phase application received,0,3,0.0,10.0,2.905,1.538,0.0,True,learned_prefer
WAW permit aspect,send confirmation receipt,0,3,0.0,10.0,2.905,1.538,0.0,True,learned_prefer
WAW permit aspect,start WABOprocedure,0,3,0.0,10.0,2.905,1.538,0.0,False,impossible
send design decision to stakeholders,start decisionphase draft decision - permitting decided,0,3,0.0,10.0,2.905,1.538,0.0,True,learned_prefer
phase archived case,register deadline,0,3,0.0,10.0,2.905,1.538,0.0,True,learned_prefer
send design decision to stakeholders,creating environmental permit decision,0,3,0.0,10.0,2.905,1.538,0.0,True,learned_prefer
investigate BAG objects,ask stakeholders views,0,2,0.0,9.5,2.867,1.519,0.0,True,learned_prefer
investigate BAG objects,registration date publication,0,2,0.0,9.5,2.867,1.519,0.0,True,learned_prefer
investigate BAG objects,extend procedure term,0,2,0.0,9.5,2.867,1.519,0.0,True,learned_prefer
subcase perspective complete,updated plan after perspective,0,2,0.0,9.5,2.867,1.519,0.0,True,learned_prefer
subcase perspective complete,transcript decision environmental permit to stakeholders,0,2,0.0,9.5,2.867,1.519,0.0,True,learned_prefer
enter senddate acknowledgement,grounds for refusal,0,1,0.0,1.8,2.846,1.509,0.0,True,learned_prefer
enter senddate acknowledgement,updated plan received,0,1,0.0,1.8,2.846,1.509,0.0,False,impossible
enter senddate acknowledgement,send confirmation receipt,0,1,0.0,1.8,2.846,1.509,0.0,True,learned_prefer
enter senddate acknowledgement,investigate BAG objects,0,1,0.0,1.8,2.846,1.509,0.0,True,learned_prefer
enter senddate acknowledgement,OLO messaging active,0,1,0.0,1.8,2.846,1.509,0.0,True,learned_prefer
enter senddate acknowledgement,applicant is stakeholder,0,1,0.0,1.8,2.846,1.509,0.0,True,learned_prefer
enter senddate acknowledgement,ask stakeholders views,0,1,0.0,1.8,2.846,1.509,0.0,True,learned_prefer
enter senddate acknowledgement,calculate final charges,0,1,0.0,1.8,2.846,1.509,0.0,True,learned_prefer
enter senddate acknowledgement,register date environmental permit decision,0,1,0.0,1.8,2.846,1.509,0.0,True,learned_prefer
enter senddate acknowledgement,enter date decision permanent suspension,0,1,0.0,1.8,2.846,1.509,0.0,True,learned_prefer
enter senddate acknowledgement,enter date termination request received,0,1,0.0,1.8,2.846,1.509,0.0,True,learned_prefer
enter senddate acknowledgement,MER present,0,1,0.0,1.8,2.846,1.509,0.0,True,learned_prefer
enter senddate acknowledgement,registration date publication,0,1,0.0,1.8,2.846,1.509,0.0,True,learned_prefer
enter senddate acknowledgement,objection to permanent suspension accepted,0,1,0.0,1.8,2.846,1.509,0.0,True,learned_prefer
enter senddate acknowledgement,create publication document,0,1,0.0,1.8,2.846,1.509,0.0,True,learned_prefer
enter senddate acknowledgement,enter date advice on treatment of environmental permit,0,1,0.0,1.8,2.846,1.509,0.0,True,learned_prefer
enter senddate acknowledgement,date for inspection MER,0,1,0.0,1.8,2.846,1.509,0.0,True,learned_prefer
enter senddate acknowledgement,date draft decision for inspection,0,1,0.0,1.8,2.846,1.509,0.0,True,learned_prefer
enter senddate acknowledgement,creating cover letter no permit required,0,1,0.0,1.8,2.846,1.509,0.0,False,impossible
enter senddate acknowledgement,create subcases completeness,0,1,0.0,1.8,2.846,1.509,0.0,True,learned_prefer
enter senddate acknowledgement,phase asked additional information,0,1,0.0,1.8,2.846,1.509,0.0,True,learned_prefer
enter senddate acknowledgement,entering senddate draft decision environmental permit,0,1,0.0,1.8,2.846,1.509,0.0,True,learned_prefer
enter senddate acknowledgement,submit decision,0,1,0.0,1.8,2.846,1.509,0.0,True,learned_prefer
enter senddate acknowledgement,term for submitting updated plan,0,1,0.0,1.8,2.846,1.509,0.0,False,impossible
enter senddate acknowledgement,suspend term,0,1,0.0,1.8,2.846,1.509,0.0,True,learned_prefer
enter senddate acknowledgement,publish,0,1,0.0,1.8,2.846,1.509,0.0,True,learned_prefer
enter senddate acknowledgement,enter senddate information request,0,1,0.0,1.8,2.846,1.509,0.0,True,learned_prefer
generate draft decision environmental permit,treat subcases content,0,3,0.0,10.3,2.81,1.49,0.0,True,learned_prefer
publish,create message terminate request,0,3,0.0,10.3,2.81,1.49,0.0,True,learned_prefer
generate draft decision environmental permit,assessment of content completed,0,3,0.0,10.3,2.81,1.49,0.0,True,learned_prefer
generate draft decision environmental permit,entering senddate draft decision environmental permit,0,3,0.0,10.3,2.81,1.49,0.0,True,learned_prefer
phase updated plan received,phase advice known,0,1,0.0,8.3,2.778,1.474,0.0,True,learned_prefer
phase permanently suspended,read publication date field,0,1,0.0,8.3,2.778,1.474,0.0,True,learned_prefer
phase permanently suspended,phase archived case,0,1,0.0,8.3,2.778,1.474,0.0,True,learned_prefer
phase draft decision sent,send design decision to stakeholders,0,1,0.0,8.3,2.778,1.474,0.0,True,learned_prefer
phase draft decision sent,subcases completeness completed,0,1,0.0,8.3,2.778,1.474,0.0,True,learned_prefer
set decision phase: suspension cancelled,enter enddate suspension art. 33 WABO,0,1,0.0,8.3,2.778,1.474,0.0,True,learned_prefer
set decision phase: suspension cancelled,enter enddate suspension art. 35 WABO,0,1,0.0,8.3,2.778,1.474,0.0,True,learned_prefer
set decision phase: suspension cancelled,refusal after suspension,0,1,0.0,8.3,2.778,1.474,0.0,True,learned_prefer
phase permanently suspended,start decision phase permanent suspension sent,0,1,0.0,8.3,2.778,1.474,0.0,True,learned_prefer
phase permanently suspended,resume completeness subcases,0,1,0.0,8.3,2.778,1.474,0.0,True,learned_prefer
phase permanently suspended,subcases completeness completed,0,1,0.0,8.3,2.778,1.474,0.0,False,impossible
phase permanently suspended,enter senddate decision permanent suspension,0,1,0.0,8.3,2.778,1.474,0.0,True,learned_prefer
phase permanently suspended,creating decision permanently suspended,0,1,0.0,8.3,2.778,1.474,0.0,True,learned_prefer
phase draft decision sent,phase draft decision made,0,1,0.0,8.3,2.778,1.474,0.0,True,learned_prefer
set decision phase: suspension cancelled,phase decision sent,0,1,0.0,8.3,2.778,1.474,0.0,False,impossible
set decision phase: suspension cancelled,enter senddate decision environmental permit,0,1,0.0,8.3,2.778,1.474,0.0,True,learned_prefer
phase updated plan received,generating decision environmental permit,0,1,0.0,8.3,2.778,1.474,0.0,True,learned_prefer
phase updated plan received,completed subcases content,0,1,0.0,8.3,2.778,1.474,0.0,True,learned_prefer
phase updated plan received,article 34  WABO applies,0,1,0.0,8.3,2.778,1.474,0.0,True,learned_prefer
phase updated plan received,phase updated plan requested,0,1,0.0,8.3,2.778,1.474,0.0,True,learned_prefer
phase updated plan received,creating environmental permit decision,0,1,0.0,8.3,2.778,1.474,0.0,True,learned_prefer
set decision phase: suspension cancelled,receive additional information,0,1,0.0,8.3,2.778,1.474,0.0,False,impossible
set decision phase inspection of decision permitting,phase decision sent,0,2,0.0,10.0,2.733,1.451,0.0,True,learned_prefer
set decision phase inspection of decision permitting,register date environmental permit decision,0,2,0.0,10.0,2.733,1.451,0.0,False,impossible
enter senddate updated plan,phase additional information received,0,2,0.0,10.0,2.733,1.451,0.0,True,learned_prefer
enter senddate updated plan,forward to the competent authority,0,2,0.0,10.0,2.733,1.451,0.0,True,learned_prefer
enter senddate updated plan,request updated plan again,0,2,0.0,10.0,2.733,1.451,0.0,False,impossible
enter senddate updated plan,enter date decision procedure term extension,0,2,0.0,10.0,2.733,1.451,0.0,True,learned_prefer
set decision phase inspection of decision permitting,generating decision environmental permit,0,2,0.0,10.0,2.733,1.451,0.0,False,impossible
phase draft decision ready,set decision phase inspection of decision permitting,0,2,0.0,10.0,2.733,1.451,0.0,True,learned_prefer
set decision phase inspection of decision permitting,enter senddate decision environmental permit,0,2,0.0,10.0,2.733,1.451,0.0,True,learned_prefer
set decision phase inspection of decision permitting,enter senddate decision,0,2,0.0,10.0,2.733,1.451,0.0,True,learned_prefer
set decision phase inspection of decision permitting,phase draft decision sent,0,2,0.0,10.0,2.733,1.451,0.0,True,learned_prefer
phase draft decision ready,phase decision ready,0,2,0.0,10.0,2.733,1.451,0.0,True,learned_prefer
activities regular procedure,objection to extension procedure term receptive,0,3,0.0,10.7,2.714,1.441,0.0,True,learned_prefer
phase procedure aborted,decision keep permanently suspended,0,3,0.0,10.7,2.714,1.441,0.0,True,learned_prefer
phase procedure aborted,start decision phase permanently suspended decided,0,3,0.0,10.7,2.714,1.441,0.0,True,learned_prefer
create decision procedure term extension,set decision phase decision permitting decided,0,3,0.0,10.7,2.714,1.441,0.0,False,impossible
create decision procedure term extension,create cover letter extend procedure term,0,3,0.0,10.7,2.714,1.441,0.0,True,learned_prefer
phase procedure aborted,enter senddate letter no permit required,0,3,0.0,10.7,2.714,1.441,0.0,True,learned_prefer
create decision procedure term extension,phase procedure extended,0,3,0.0,10.7,2.714,1.441,0.0,True,learned_prefer
create decision procedure term extension,start decision phase extension granted,0,3,0.0,10.7,2.714,1.441,0.0,True,learned_prefer
create decision procedure term extension,set decision status,0,3,0.0,10.7,2.714,1.441,0.0,True,learned_prefer
inform BAG administrator,no permit needed or only notification needed,0,4,0.0,11.1,2.704,1.435,0.0,True,learned_prefer
suspend term,receive additional information,0,4,0.0,11.1,2.704,1.435,0.0,True,learned_prefer
enter date termination request received,phase procedure prematurely terminated,0,4,0.0,11.1,2.704,1.435,0.0,True,learned_prefer
inform BAG administrator,create subcases completeness,0,4,0.0,11.1,2.704,1.435,0.0,True,learned_prefer
register submission date request,register deadline,8,3,2.8,1.0,2.658,1.41,0.172,True,learned_prefer
received OLO documents,subcases completeness completed,0,3,0.0,11.1,2.619,1.389,0.0,True,learned_prefer
enter senddate decision suspension,procedure change,0,3,0.0,11.1,2.619,1.389,0.0,True,learned_prefer
enter senddate decision suspension,phase decision suspended,0,3,0.0,11.1,2.619,1.389,0.0,True,learned_prefer
terminate on request,OLO messaging active,0,3,0.0,6.7,2.6,1.379,0.0,True,learned_prefer
terminate on request,investigate BAG objects,0,3,0.0,6.7,2.6,1.379,0.0,True,learned_prefer
ask stakeholders views,submit draft decision,0,2,0.0,10.5,2.6,1.379,0.0,True,learned_prefer
ask stakeholders views,create subcases content,0,2,0.0,10.5,2.6,1.379,0.0,True,learned_prefer
enter date decision permanent suspension,decision keep permanently suspended,0,2,0.0,10.5,2.6,1.379,0.0,True,learned_prefer
date draft decision for inspection,perspective on draft decision environmental permit received,0,2,0.0,10.5,2.6,1.379,0.0,True,learned_prefer
terminate on request,assessment of content completed,0,3,0.0,6.7,2.6,1.379,0.0,True,learned_prefer
date draft decision for inspection,enter senddate draft decision,0,2,0.0,10.5,2.6,1.379,0.0,True,learned_prefer
date draft decision for inspection,no permit needed or only notification needed,0,2,0.0,10.5,2.6,1.379,0.0,True,learned_prefer
ask stakeholders views,create draft environtmental permit,0,2,0.0,10.5,2.6,1.379,0.0,True,learned_prefer
publish official draft decision,enter date draft decisionenvironmental permit,0,2,0.0,10.5,2.6,1.379,0.0,True,learned_prefer
enter date decision permanent suspension,request complete,0,2,0.0,10.5,2.6,1.379,0.0,True,learned_prefer
publish official draft decision,phase draft decision sent,0,2,0.0,10.5,2.6,1.379,0.0,False,impossible
publish official draft decision,treat subcases content,0,2,0.0,10.5,2.6,1.379,0.0,True,learned_prefer
publish official draft decision,phase application receptive,0,2,0.0,10.5,2.6,1.379,0.0,True,learned_prefer
enter publication date draft decision,set decision phase decision permitting decided,0,2,0.0,10.5,2.6,1.379,0.0,True,learned_prefer
enter publication date draft decision,enter senddate decision,0,2,0.0,10.5,2.6,1.379,0.0,False,impossible
enter publication date draft decision,phase decision taken,0,2,0.0,10.5,2.6,1.379,0.0,True,learned_prefer
open draft decision for inspection,perspective on draft decision environmental permit received,0,1,0.0,9.1,2.556,1.354,0.0,True,learned_prefer
open draft decision for inspection,message change status,0,1,0.0,9.1,2.556,1.354,0.0,True,learned_prefer
open draft decision for inspection,generate draft decision environmental permit,0,1,0.0,9.1,2.556,1.354,0.0,True,learned_prefer
reason for suspension found,enter receipt of additional data,0,1,0.0,9.1,2.556,1.354,0.0,True,learned_prefer
reason for suspension found,enter date request received,0,1,0.0,9.1,2.556,1.354,0.0,True,learned_prefer
reason for suspension found,enter suspension term applicant,0,1,0.0,9.1,2.556,1.354,0.0,True,learned_prefer
record date of decision no permit required,OLO messaging active,0,1,0.0,9.1,2.556,1.354,0.0,True,learned_prefer
record date of decision no permit required,enter senddate decision no permit required,0,1,0.0,9.1,2.556,1.354,0.0,True,learned_prefer
record date of decision no permit required,enter senddate letter no permit required,0,1,0.0,9.1,2.556,1.354,0.0,True,learned_prefer
phase procedure prematurely terminated,create message terminate request,0,1,0.0,9.1,2.556,1.354,0.0,True,learned_prefer
phase procedure prematurely terminated,assessment of content completed,0,1,0.0,9.1,2.556,1.354,0.0,False,impossible
phase decision irrevocable,phase case handled,0,1,0.0,9.1,2.556,1.354,0.0,True,learned_prefer
phase decision irrevocable,set decision phase inspection of decision permitting,0,1,0.0,9.1,2.556,1.354,0.0,True,learned_prefer
perspective regarding draft founded,subcase perspective complete,0,1,0.0,9.1,2.556,1.354,0.0,True,learned_prefer
perspective regarding draft founded,read publication date field,0,1,0.0,9.1,2.556,1.354,0.0,False,impossible
perspective regarding draft founded,final VVGB applications,0,1,0.0,9.1,2.556,1.354,0.0,True,learned_prefer
perspective regarding draft founded,phase perspective submitted,0,1,0.0,9.1,2.556,1.354,0.0,True,learned_prefer
perspective regarding draft founded,treat subcase final VVGB,0,1,0.0,9.1,2.556,1.354,0.0,True,learned_prefer
open draft decision for inspection,assessment of content completed,0,1,0.0,9.1,2.556,1.354,0.0,True,learned_prefer
open draft decision for inspection,by law,0,1,0.0,9.1,2.556,1.354,0.0,True,learned_prefer
open draft decision for inspection,enter senddate procedure confirmation,0,1,0.0,9.1,2.556,1.354,0.0,True,learned_prefer
phase decision irrevocable,transcript decision environmental permit to stakeholders,0,1,0.0,9.1,2.556,1.354,0.0,True,learned_prefer
phase decision irrevocable,set phase: phase permitting irrevocable,0,1,0.0,9.1,2.556,1.354,0.0,True,learned_prefer
open draft decision for inspection,term for supplying missing data,0,1,0.0,9.1,2.556,1.354,0.0,False,impossible
registrer date of publishing received request,enter senddate decision procedure term extension,0,4,0.0,11.8,2.556,1.354,0.0,True,learned_prefer
record date of decision no permit required,generating decision no permit required,0,1,0.0,9.1,2.556,1.354,0.0,True,learned_prefer
phase procedure prematurely terminated,register deadline,0,1,0.0,9.1,2.556,1.354,0.0,False,impossible
phase procedure prematurely terminated,enter senddate procedure confirmation,0,1,0.0,9.1,2.556,1.354,0.0,False,impossible
phase procedure prematurely terminated,enter date termination request received,0,1,0.0,9.1,2.556,1.354,0.0,True,learned_prefer
phase procedure prematurely terminated,start WABOprocedure,0,1,0.0,9.1,2.556,1.354,0.0,False,impossible
phase procedure prematurely terminated,send confirmation receipt,0,1,0.0,9.1,2.556,1.354,0.0,True,learned_prefer
phase procedure prematurely terminated,stop all running subcases 2b,0,1,0.0,9.1,2.556,1.354,0.0,True,learned_prefer
phase procedure prematurely terminated,enter senddate request termination,0,1,0.0,9.1,2.556,1.354,0.0,True,learned_prefer
open draft decision for inspection,submit draft decision,0,1,0.0,9.1,2.556,1.354,0.0,True,learned_prefer
open draft decision for inspection,suspension ground applicable,0,1,0.0,9.1,2.556,1.354,0.0,True,learned_prefer
phase decision irrevocable,create monitoring case,0,1,0.0,9.1,2.556,1.354,0.0,True,learned_prefer
phase decision irrevocable,date decision for inspection,0,1,0.0,9.1,2.556,1.354,0.0,True,learned_prefer
phase decision irrevocable,enter senddate decision,0,1,0.0,9.1,2.556,1.354,0.0,True,learned_prefer
phase decision irrevocable,generating decision environmental permit,0,1,0.0,9.1,2.556,1.354,0.0,True,learned_prefer
phase decision irrevocable,start decision phase decision permitting sent,0,1,0.0,9.1,2.556,1.354,0.0,True,learned_prefer
record date of decision no permit required,phase case handled,0,1,0.0,9.1,2.556,1.354,0.0,False,impossible
procedure change after completeness,resume completeness subcases,0,5,0.0,12.2,2.515,1.331,0.0,False,impossible
request further information,completed subcases content,0,2,0.0,11.1,2.467,1.303,0.0,True,learned_prefer
send decision suspension,phase decision suspended,0,2,0.0,11.1,2.467,1.303,0.0,True,learned_prefer
send decision suspension,phase application receptive,0,2,0.0,11.1,2.467,1.303,0.0,True,learned_prefer
subcase art. 33 WABO completed,treat subcase suspension art. 35 WABO,0,2,0.0,11.1,2.467,1.303,0.0,False,impossible
create cover letter extend procedure term,create decision procedure term extension,0,2,0.0,11.1,2.467,1.303,0.0,True,learned_prefer
message change status,set phase decision revoked,0,2,0.0,11.1,2.467,1.303,0.0,True,learned_prefer
stop all running subcases 2b,message terminate request,0,2,0.0,11.1,2.467,1.303,0.0,True,learned_prefer
subcase art. 33 WABO completed,phase decision suspended,0,2,0.0,11.1,2.467,1.303,0.0,True,learned_prefer
subcase art. 33 WABO completed,set decision status,0,2,0.0,11.1,2.467,1.303,0.0,True,learned_prefer
stop all running subcases 2b,process received advice,0,2,0.0,11.1,2.467,1.303,0.0,True,learned_prefer
request further information,procedure change,0,2,0.0,11.1,2.467,1.303,0.0,True,learned_prefer
OLO messaging active,registration date publication,0,1,0.0,1.8,2.467,1.303,0.0,True,learned_prefer
request further information,no permit needed or only notification needed,0,2,0.0,11.1,2.467,1.303,0.0,True,learned_prefer
OLO messaging active,terminate on request,0,1,0.0,1.8,2.467,1.303,0.0,True,learned_prefer
subcase art. 33 WABO completed,phase application receptive,0,2,0.0,11.1,2.467,1.303,0.0,True,learned_prefer
request further information,WAW permit aspect,0,2,0.0,11.1,2.467,1.303,0.0,True,learned_prefer
message change status,completed subcases content,0,2,0.0,11.1,2.467,1.303,0.0,True,learned_prefer
request further information,register date environmental permit decision,0,2,0.0,11.1,2.467,1.303,0.0,True,learned_prefer
request further information,submit draft decision,0,2,0.0,11.1,2.467,1.303,0.0,False,impossible
create cover letter extend procedure term,receive request extension,0,2,0.0,11.1,2.467,1.303,0.0,False,impossible
message change status,grounds for refusal,0,2,0.0,11.1,2.467,1.303,0.0,True,learned_prefer
submit draft decision,create procedure confirmation,0,3,0.0,12.0,2.429,1.28,0.0,True,learned_prefer
submit draft decision,create subcases submit draft decision,0,3,0.0,12.0,2.429,1.28,0.0,True,learned_prefer
submit draft decision,procedure change after completeness,0,3,0.0,12.0,2.429,1.28,0.0,False,impossible
submit draft decision,set decision phase: draft decision permitted sent,0,3,0.0,12.0,2.429,1.28,0.0,True,learned_prefer
set decision phase decision permitting decided,phase decision taken,0,1,0.0,1.9,2.422,1.276,0.0,True,learned_prefer
set decision phase decision permitting decided,creating decision procedure term extension,0,1,0.0,1.9,2.422,1.276,0.0,False,impossible
set decision phase decision permitting decided,start WABOprocedure,0,1,0.0,1.9,2.422,1.276,0.0,True,learned_prefer
set decision phase decision permitting decided,send confirmation receipt,0,1,0.0,1.9,2.422,1.276,0.0,True,learned_prefer
set decision phase decision permitting decided,stop all running subcases 2b,0,1,0.0,1.9,2.422,1.276,0.0,True,learned_prefer
set decision phase decision permitting decided,send design decision to stakeholders,0,1,0.0,1.9,2.422,1.276,0.0,False,impossible
set decision phase decision permitting decided,set decision phase: draft decision permitted sent,0,1,0.0,1.9,2.422,1.276,0.0,True,learned_prefer
set decision phase decision permitting decided,set decision phase inspection of decision permitting,0,1,0.0,1.9,2.422,1.276,0.0,True,learned_prefer
set decision phase decision permitting decided,forward to the competent authority,0,1,0.0,1.9,2.422,1.276,0.0,True,learned_prefer
set decision phase decision permitting decided,register date environmental permit decision,0,1,0.0,1.9,2.422,1.276,0.0,True,learned_prefer
set decision phase decision permitting decided,phase decision ready,0,1,0.0,1.9,2.422,1.276,0.0,True,learned_prefer
set decision phase decision permitting decided,phase concept decision ready,0,1,0.0,1.9,2.422,1.276,0.0,True,learned_prefer
set decision phase decision permitting decided,phase application receptive,0,1,0.0,1.9,2.422,1.276,0.0,True,learned_prefer
set decision phase decision permitting decided,enter publication date draft decision,0,1,0.0,1.9,2.422,1.276,0.0,True,learned_prefer
set decision phase decision permitting decided,stop suspended completeness subcases,0,1,0.0,1.9,2.422,1.276,0.0,False,impossible
set decision phase decision permitting decided,suspension ground applicable,0,1,0.0,1.9,2.422,1.276,0.0,True,learned_prefer
set decision phase decision permitting decided,enter senddate decision environmental permit,0,1,0.0,1.9,2.422,1.276,0.0,True,learned_prefer
set decision phase decision permitting decided,enter senddate decision suspension,0,1,0.0,1.9,2.422,1.276,0.0,False,impossible
set decision phase decision permitting decided,enter senddate procedure term extension,0,1,0.0,1.9,2.422,1.276,0.0,True,learned_prefer
set decision phase decision permitting decided,treat subcase perspective,0,1,0.0,1.9,2.422,1.276,0.0,False,impossible
set decision phase decision permitting decided,submit draft decision,0,1,0.0,1.9,2.422,1.276,0.0,True,learned_prefer
set decision phase decision permitting decided,procedure change,0,1,0.0,1.9,2.422,1.276,0.0,True,learned_prefer
set decision phase decision permitting decided,receive additional information,0,1,0.0,1.9,2.422,1.276,0.0,True,learned_prefer
set decision phase decision permitting decided,read publication date field,0,1,0.0,1.9,2.422,1.276,0.0,True,learned_prefer
set decision phase decision permitting decided,perspective on draft decision environmental permit received,0,1,0.0,1.9,2.422,1.276,0.0,True,learned_prefer
set decision phase decision permitting decided,phase draft decision ready,0,1,0.0,1.9,2.422,1.276,0.0,True,learned_prefer
set decision phase decision permitting decided,phase decision sent,0,1,0.0,1.9,2.422,1.276,0.0,True,learned_prefer
set decision phase decision permitting decided,set decision status,0,1,0.0,1.9,2.422,1.276,0.0,True,learned_prefer
set decision phase decision permitting decided,create procedure confirmation,0,1,0.0,1.9,2.422,1.276,0.0,True,learned_prefer
read field phased application,create publication document,0,4,0.0,12.5,2.407,1.267,0.0,True,learned_prefer
send suspension by competent authority,extend procedure term,0,1,0.0,10.0,2.333,1.222,0.0,True,learned_prefer
send suspension by competent authority,enter senddate suspension by competent authority,0,1,0.0,10.0,2.333,1.222,0.0,True,learned_prefer
keep permanently suspended,request complete,0,1,0.0,10.0,2.333,1.222,0.0,True,learned_prefer
keep permanently suspended,stop suspended completeness subcases,0,1,0.0,10.0,2.333,1.222,0.0,True,learned_prefer
date continuation term to decision,regular procedure without MER,0,1,0.0,10.0,2.333,1.222,0.0,False,impossible
keep permanently suspended,read publication date field,0,1,0.0,10.0,2.333,1.222,0.0,False,impossible
keep permanently suspended,MER present in supplement,0,1,0.0,10.0,2.333,1.222,0.0,True,learned_prefer
register objection and appeal periods,request complete,0,3,0.0,12.5,2.333,1.222,0.0,True,learned_prefer
by law,phase additional information received,0,2,0.0,11.8,2.333,1.222,0.0,True,learned_prefer
keep permanently suspended,close case,0,1,0.0,10.0,2.333,1.222,0.0,True,learned_prefer
send suspension by competent authority,registrer date of publishing received request,0,1,0.0,10.0,2.333,1.222,0.0,True,learned_prefer
send suspension by competent authority,phase procedure term suspended,0,1,0.0,10.0,2.333,1.222,0.0,True,learned_prefer
decision procedure term extension,copy decision to extend procedure to stakeholders,0,1,0.0,10.0,2.333,1.222,0.0,True,learned_prefer
decision procedure term extension,MER present in supplement,0,1,0.0,10.0,2.333,1.222,0.0,True,learned_prefer
enter senddate suspension by competent authority,inform BAG administrator,0,1,0.0,10.0,2.333,1.222,0.0,True,learned_prefer
decision procedure term extension,send suspension by competent authority,0,1,0.0,10.0,2.333,1.222,0.0,False,impossible
send confirmation receipt additional data,phase advice known,0,2,0.0,11.8,2.333,1.222,0.0,True,learned_prefer
send confirmation receipt additional data,phase application receptive,0,2,0.0,11.8,2.333,1.222,0.0,True,learned_prefer
decision procedure term extension,receive additional information,0,1,0.0,10.0,2.333,1.222,0.0,True,learned_prefer
decision procedure term extension,regular procedure applies,0,1,0.0,10.0,2.333,1.222,0.0,True,learned_prefer
decision procedure term extension,treat subcases completeness,0,1,0.0,10.0,2.333,1.222,0.0,True,learned_prefer
decision procedure term extension,enter objectionterm,0,1,0.0,10.0,2.333,1.222,0.0,True,learned_prefer
date continuation term to decision,investigate BAG objects,0,1,0.0,10.0,2.333,1.222,0.0,True,learned_prefer
date continuation term to decision,decision date prior to decision,0,1,0.0,10.0,2.333,1.222,0.0,False,impossible
date continuation term to decision,create subcases completeness,0,1,0.0,10.0,2.333,1.222,0.0,True,learned_prefer
date continuation term to decision,phase procedure term resumed,0,1,0.0,10.0,2.333,1.222,0.0,True,learned_prefer
date continuation term to decision,create continuation letter,0,1,0.0,10.0,2.333,1.222,0.0,False,impossible
phase procedure resumed,transcript decision environmental permit to stakeholders,0,2,0.0,11.8,2.333,1.222,0.0,False,impossible
start decision phase permanently suspended decided,copy decision permanent suspension to stakeholders,0,1,0.0,10.0,2.333,1.222,0.0,True,learned_prefer
start decision phase permanently suspended decided,phase permanently suspended,0,1,0.0,10.0,2.333,1.222,0.0,True,learned_prefer
start decision phase permanent suspension sent,enter date decision permanent suspension,0,2,0.0,11.8,2.333,1.222,0.0,True,learned_prefer
decision procedure term extension,enter senddate decision procedure term extension,0,1,0.0,10.0,2.333,1.222,0.0,True,learned_prefer
phase procedure resumed,subcase art. 33 WABO completed,0,2,0.0,11.8,2.333,1.222,0.0,True,learned_prefer
initiative competent authority,phase procedure prematurely terminated,0,1,0.0,10.0,2.333,1.222,0.0,True,learned_prefer
enter senddate suspension by competent authority,enter receipt of additional data,0,1,0.0,10.0,2.333,1.222,0.0,True,learned_prefer
start decision phase permanently suspended decided,enter date decision permanent suspension,0,1,0.0,10.0,2.333,1.222,0.0,True,learned_prefer
article 34  WABO applies,send confirmation receipt additional data,0,2,0.0,11.8,2.333,1.222,0.0,True,learned_prefer
phase procedure resumed,assessment of content completed,0,2,0.0,11.8,2.333,1.222,0.0,True,learned_prefer
enter senddate suspension by competent authority,continuation term to decision,0,1,0.0,10.0,2.333,1.222,0.0,True,learned_prefer
enter senddate suspension by competent authority,enter date advice on treatment of environmental permit,0,1,0.0,10.0,2.333,1.222,0.0,True,learned_prefer
start decision phase permanently suspended decided,close case,0,1,0.0,10.0,2.333,1.222,0.0,False,impossible
start decision phase permanently suspended decided,calculate provisional charges,0,1,0.0,10.0,2.333,1.222,0.0,True,learned_prefer
phase procedure resumed,enter enddate suspension art. 33 WABO,0,2,0.0,11.8,2.333,1.222,0.0,False,impossible
start decision phase permanent suspension sent,register deadline,0,2,0.0,11.8,2.333,1.222,0.0,True,learned_prefer
enter senddate suspension by competent authority,enter senddate decision procedure term extension,0,1,0.0,10.0,2.333,1.222,0.0,True,learned_prefer
enter senddate suspension by competent authority,register objection and appeal periods,0,1,0.0,10.0,2.333,1.222,0.0,False,impossible
enrich draft decision environmental permit,decided on draft decision environmental permit,0,1,0.0,10.0,2.333,1.222,0.0,True,learned_prefer
article 34  WABO applies,request updated plan,0,2,0.0,11.8,2.333,1.222,0.0,False,impossible
phase decision suspended,treat subcases content,0,2,0.0,11.8,2.333,1.222,0.0,True,learned_prefer
phase decision suspended,creating decision suspension 35 WABO,0,2,0.0,11.8,2.333,1.222,0.0,False,impossible
enrich draft decision environmental permit,creating environmental permit decision,0,1,0.0,10.0,2.333,1.222,0.0,True,learned_prefer
phase decision suspended,completed subcases content,0,2,0.0,11.8,2.333,1.222,0.0,True,learned_prefer
article 34  WABO applies,enter senddate continuation,0,2,0.0,11.8,2.333,1.222,0.0,True,learned_prefer
phase decision suspended,treat subcase suspension art. 33 WABO,0,2,0.0,11.8,2.333,1.222,0.0,True,learned_prefer
keep permanently suspended,creating decision permanently suspended,0,1,0.0,10.0,2.333,1.222,0.0,True,learned_prefer
creating cover letter no permit required,send letter in progress,0,1,0.0,10.0,2.333,1.222,0.0,False,impossible
creating cover letter no permit required,applicant is stakeholder,0,1,0.0,10.0,2.333,1.222,0.0,False,impossible
keep permanently suspended,subcases completeness completed,0,1,0.0,10.0,2.333,1.222,0.0,True,learned_prefer
initiative competent authority,create procedure confirmation,0,1,0.0,10.0,2.333,1.222,0.0,False,impossible
initiative competent authority,publish,0,1,0.0,10.0,2.333,1.222,0.0,False,impossible
keep permanently suspended,decision date prior to decision,0,1,0.0,10.0,2.333,1.222,0.0,True,learned_prefer
request updated plan,phase updated plan received,0,2,0.0,11.8,2.333,1.222,0.0,False,impossible
request updated plan,start decision phase extension granted,0,2,0.0,11.8,2.333,1.222,0.0,False,impossible
start decision phase permanently suspended decided,start decision phase permanent suspension sent,0,1,0.0,10.0,2.333,1.222,0.0,True,learned_prefer
start decision phase permanently suspended decided,register deadline,0,1,0.0,10.0,2.333,1.222,0.0,True,learned_prefer
start decision phase permanently suspended decided,set decision status,0,1,0.0,10.0,2.333,1.222,0.0,True,learned_prefer
phase application received,enter senddate procedure confirmation,0,2,0.0,2.4,2.253,1.172,0.0,True,learned_prefer
phase application received,generating decision environmental permit,0,2,0.0,2.4,2.253,1.172,0.0,True,learned_prefer
phase application received,no permit needed or only notification needed,0,2,0.0,2.4,2.253,1.172,0.0,True,learned_prefer
phase application received,suspension ground applicable,0,2,0.0,2.4,2.253,1.172,0.0,False,impossible
phase application received,procedure change,0,2,0.0,2.4,2.253,1.172,0.0,True,learned_prefer
phase application received,submit decision,0,2,0.0,2.4,2.253,1.172,0.0,False,impossible
phase application received,phase only notification required,0,2,0.0,2.4,2.253,1.172,0.0,False,impossible
phase application received,phase advice known,0,2,0.0,2.4,2.253,1.172,0.0,True,learned_prefer
phase application received,MER present,0,2,0.0,2.4,2.253,1.172,0.0,True,learned_prefer
phase application received,assessment of content completed,0,2,0.0,2.4,2.253,1.172,0.0,True,learned_prefer
phase application received,cancel case,0,2,0.0,2.4,2.253,1.172,0.0,True,learned_prefer
phase application received,completed subcases content,0,2,0.0,2.4,2.253,1.172,0.0,True,learned_prefer
MER present in supplement,WAW permit aspect,0,3,0.0,13.0,2.238,1.162,0.0,True,learned_prefer
set decision phase suspension decided,create subcases completeness,0,2,0.0,12.5,2.2,1.138,0.0,True,learned_prefer
set decision phase suspension decided,register submission date request,0,2,0.0,12.5,2.2,1.138,0.0,True,learned_prefer
phase perspective submitted,set decision status,0,2,0.0,12.5,2.2,1.138,0.0,False,impossible
set decision phase: draft decision for inspection,date draft decision for inspection,0,2,0.0,12.5,2.2,1.138,0.0,True,learned_prefer
set decision phase suspension decided,subcases completeness completed,0,2,0.0,12.5,2.2,1.138,0.0,False,impossible
phase procedure extended,phase application receptive,0,2,0.0,12.5,2.2,1.138,0.0,True,learned_prefer
phase procedure extended,treat subcases completeness,0,2,0.0,12.5,2.2,1.138,0.0,True,learned_prefer
enter senddate decision permanent suspension,objection to permanent suspension in system,0,2,0.0,12.5,2.2,1.138,0.0,True,learned_prefer
enter senddate decision permanent suspension,register submission date request,0,2,0.0,12.5,2.2,1.138,0.0,True,learned_prefer
enter senddate decision permanent suspension,decision keep permanently suspended,0,2,0.0,12.5,2.2,1.138,0.0,True,learned_prefer
enter senddate decision permanent suspension,phase permanently suspended,0,2,0.0,12.5,2.2,1.138,0.0,True,learned_prefer
MER present,set decision phase: draft decision for inspection,0,2,0.0,12.5,2.2,1.138,0.0,False,impossible
enter senddate procedure term extension,phase decision ready,0,2,0.0,12.5,2.2,1.138,0.0,True,learned_prefer
enter senddate procedure term extension,receive additional information,0,2,0.0,12.5,2.2,1.138,0.0,True,learned_prefer
enter senddate procedure term extension,reason for suspension found,0,2,0.0,12.5,2.2,1.138,0.0,True,learned_prefer
enrich draft decision,create subcases completeness,0,2,0.0,12.5,2.2,1.138,0.0,False,impossible
decision keep permanently suspended,copy decision permanent suspension to stakeholders,0,2,0.0,12.5,2.2,1.138,0.0,True,learned_prefer
decision keep permanently suspended,phase procedure aborted,0,2,0.0,12.5,2.2,1.138,0.0,True,learned_prefer
set decision phase: draft decision for inspection,request complete,0,2,0.0,12.5,2.2,1.138,0.0,False,impossible
phase perspective submitted,subcase perspective complete,0,2,0.0,12.5,2.2,1.138,0.0,True,learned_prefer
phase procedure extended,create cover letter extend procedure term,0,2,0.0,12.5,2.2,1.138,0.0,True,learned_prefer
phase procedure extended,creating decision procedure term extension,0,2,0.0,12.5,2.2,1.138,0.0,True,learned_prefer
enter senddate procedure term extension,treat subcases content,0,2,0.0,12.5,2.2,1.138,0.0,True,learned_prefer
enrich draft decision,generate draft decision environmental permit,0,2,0.0,12.5,2.2,1.138,0.0,True,learned_prefer
enrich draft decision,enter date advice on treatment of environmental permit,0,2,0.0,12.5,2.2,1.138,0.0,True,learned_prefer
enter senddate decision permanent suspension,phase archived case,0,2,0.0,12.5,2.2,1.138,0.0,True,learned_prefer
enter senddate procedure term extension,creating decision procedure term extension,0,2,0.0,12.5,2.2,1.138,0.0,True,learned_prefer
create decision no permit required,set decision status,0,3,0.0,13.6,2.143,1.1,0.0,True,learned_prefer
create decision no permit required,set decision phase no permit required decided,0,3,0.0,13.6,2.143,1.1,0.0,True,learned_prefer
register number of days extension period,send letter in progress,0,3,0.0,13.6,2.143,1.1,0.0,True,learned_prefer
calculate provisional charges,OLO messaging active,0,3,0.0,13.6,2.143,1.1,0.0,True,learned_prefer
cancel case,cancel case,0,3,0.0,13.6,2.143,1.1,0.0,False,impossible
create decision no permit required,creating cover letter no permit required,0,3,0.0,13.6,2.143,1.1,0.0,True,learned_prefer
create decision no permit required,enter senddate acknowledgement,0,3,0.0,13.6,2.143,1.1,0.0,False,impossible
register number of days extension period,procedure change,0,3,0.0,13.6,2.143,1.1,0.0,True,learned_prefer
treat subcases content,phase case handled,0,1,0.0,1.2,2.111,1.078,0.0,False,impossible
treat subcases content,term for submitting updated plan,0,1,0.0,1.2,2.111,1.078,0.0,True,learned_prefer
treat subcases content,suspension ground applicable,0,1,0.0,1.2,2.111,1.078,0.0,True,learned_prefer
treat subcases content,suspend term,0,1,0.0,1.2,2.111,1.078,0.0,True,learned_prefer
treat subcases content,creating environmental permit decision,0,1,0.0,1.2,2.111,1.078,0.0,True,learned_prefer
treat subcases content,create cover letter extend procedure term,0,1,0.0,1.2,2.111,1.078,0.0,False,impossible
treat subcases content,copy decision to extend procedure to stakeholders,0,1,0.0,1.2,2.111,1.078,0.0,True,learned_prefer
treat subcases content,completed subcases content,0,1,0.0,1.2,2.111,1.078,0.0,True,learned_prefer
treat subcases content,submit draft decision,0,1,0.0,1.2,2.111,1.078,0.0,False,impossible
treat subcases content,enter date draft decisionenvironmental permit,0,1,0.0,1.2,2.111,1.078,0.0,True,learned_prefer
treat subcases content,enter date advice on treatment of environmental permit,0,1,0.0,1.2,2.111,1.078,0.0,False,impossible
treat subcases content,decision date prior to decision,0,1,0.0,1.2,2.111,1.078,0.0,True,learned_prefer
enter senddate request termination,register deadline,0,1,0.0,11.1,2.111,1.078,0.0,True,learned_prefer
enter senddate request termination,phase procedure aborted,0,1,0.0,11.1,2.111,1.078,0.0,True,learned_prefer
treat subcases content,register number of days extension period,0,1,0.0,1.2,2.111,1.078,0.0,False,impossible
treat subcases content,entering senddate draft decision environmental permit,0,1,0.0,1.2,2.111,1.078,0.0,True,learned_prefer
treat subcases content,extend procedure term,0,1,0.0,1.2,2.111,1.078,0.0,True,learned_prefer
treat subcases content,enter senddate procedure confirmation,0,1,0.0,1.2,2.111,1.078,0.0,True,learned_prefer
treat subcases content,date draft decision for inspection,0,1,0.0,1.2,2.111,1.078,0.0,True,learned_prefer
treat subcases content,enter senddate updated plan,0,1,0.0,1.2,2.111,1.078,0.0,True,learned_prefer
treat subcases content,enter senddate decision environmental permit,0,1,0.0,1.2,2.111,1.078,0.0,True,learned_prefer
treat subcases content,enter senddate acknowledgement,0,1,0.0,1.2,2.111,1.078,0.0,False,impossible
phase procedure term resumed,phase application receptive,0,1,0.0,11.1,2.111,1.078,0.0,True,learned_prefer
treat subcases content,phase asked additional information,0,1,0.0,1.2,2.111,1.078,0.0,True,learned_prefer
treat subcases content,phase advice known,0,1,0.0,1.2,2.111,1.078,0.0,True,learned_prefer
phase procedure aborted,stop process after terminate on request,0,4,0.0,14.3,2.111,1.078,0.0,True,learned_prefer
treat subcases content,investigate BAG objects,0,1,0.0,1.2,2.111,1.078,0.0,True,learned_prefer
enter senddate request termination,message terminate request,0,1,0.0,11.1,2.111,1.078,0.0,True,learned_prefer
phase updated plan requested,phase application receptive,0,1,0.0,11.1,2.111,1.078,0.0,True,learned_prefer
final VVGB applications,calculate provisional charges,0,1,0.0,11.1,2.111,1.078,0.0,True,learned_prefer
phase updated plan requested,date continuation term to decision,0,1,0.0,11.1,2.111,1.078,0.0,True,learned_prefer
phase updated plan requested,phase advice known,0,1,0.0,11.1,2.111,1.078,0.0,True,learned_prefer
phase updated plan requested,completed subcases content,0,1,0.0,11.1,2.111,1.078,0.0,True,learned_prefer
create cover letter permanent suspension,creating decision permanently suspended,0,1,0.0,11.1,2.111,1.078,0.0,True,learned_prefer
create cover letter permanent suspension,create procedure confirmation,0,1,0.0,11.1,2.111,1.078,0.0,False,impossible
create cover letter permanent suspension,create subcases completeness,0,1,0.0,11.1,2.111,1.078,0.0,False,impossible
phase updated plan requested,request updated plan,0,1,0.0,11.1,2.111,1.078,0.0,True,learned_prefer
phase updated plan requested,phase procedure extended,0,1,0.0,11.1,2.111,1.078,0.0,True,learned_prefer
partly permit application,subcases completeness completed,0,1,0.0,11.1,2.111,1.078,0.0,True,learned_prefer
phase updated plan requested,resume completeness subcases,0,1,0.0,11.1,2.111,1.078,0.0,False,impossible
partly permit application,partly permit,0,1,0.0,11.1,2.111,1.078,0.0,True,learned_prefer
objection to extension procedure term receptive,activities regular procedure,0,1,0.0,11.1,2.111,1.078,0.0,True,learned_prefer
decision permanent suspension irrevocable,send procedure confirmation,0,1,0.0,11.1,2.111,1.078,0.0,True,learned_prefer
decision permanent suspension irrevocable,receive additional information,0,1,0.0,11.1,2.111,1.078,0.0,True,learned_prefer
treat subcases content,phase concept decision ready,0,1,0.0,1.2,2.111,1.078,0.0,True,learned_prefer
treat subcases content,phase decision ready,0,1,0.0,1.2,2.111,1.078,0.0,True,learned_prefer
decision permanent suspension irrevocable,read publication date field,0,1,0.0,11.1,2.111,1.078,0.0,True,learned_prefer
treat subcases content,phase procedure term suspended,0,1,0.0,1.2,2.111,1.078,0.0,False,impossible
final VVGB applications,subcase final VVGB completed,0,1,0.0,11.1,2.111,1.078,0.0,True,learned_prefer
final VVGB applications,treat subcase final VVGB,0,1,0.0,11.1,2.111,1.078,0.0,True,learned_prefer
final VVGB applications,treat subcase perspective,0,1,0.0,11.1,2.111,1.078,0.0,True,learned_prefer
create cover letter permanent suspension,copy decision permanent suspension to stakeholders,0,1,0.0,11.1,2.111,1.078,0.0,True,learned_prefer
treat subcases content,phase procedure resumed,0,1,0.0,1.2,2.111,1.078,0.0,True,learned_prefer
treat subcases content,phase decision sent,0,1,0.0,1.2,2.111,1.078,0.0,True,learned_prefer
treat subcases content,grounds for refusal,0,1,0.0,1.2,2.111,1.078,0.0,True,learned_prefer
copy decision permanent suspension to stakeholders,enter senddate decision permanent suspension,0,1,0.0,11.1,2.111,1.078,0.0,True,learned_prefer
copy decision to extend procedure to stakeholders,no permit needed or only notification needed,0,1,0.0,11.1,2.111,1.078,0.0,True,learned_prefer
copy decision to extend procedure to stakeholders,grounds for refusal,0,1,0.0,11.1,2.111,1.078,0.0,True,learned_prefer
copy decision to extend procedure to stakeholders,register objection and appeal periods,0,1,0.0,11.1,2.111,1.078,0.0,False,impossible
copy decision permanent suspension to stakeholders,message terminate request,0,1,0.0,11.1,2.111,1.078,0.0,True,learned_prefer
enter senddate request termination,phase application received,0,1,0.0,11.1,2.111,1.078,0.0,True,learned_prefer
copy decision to extend procedure to stakeholders,resume completeness subcases,0,1,0.0,11.1,2.111,1.078,0.0,True,learned_prefer
phase updated plan requested,treat subcases content,0,1,0.0,11.1,2.111,1.078,0.0,True,learned_prefer
phase updated plan requested,start decision phase extension granted,0,1,0.0,11.1,2.111,1.078,0.0,True,learned_prefer
create cover letter permanent suspension,receive additional information,0,1,0.0,11.1,2.111,1.078,0.0,True,learned_prefer
create cover letter permanent suspension,start decision phase permanent suspension sent,0,1,0.0,11.1,2.111,1.078,0.0,True,learned_prefer
create cover letter permanent suspension,start decision phase permanently suspended decided,0,1,0.0,11.1,2.111,1.078,0.0,True,learned_prefer
copy decision to extend procedure to stakeholders,request further information,0,1,0.0,11.1,2.111,1.078,0.0,True,learned_prefer
copy decision to extend procedure to stakeholders,registrer date of publishing received request,0,1,0.0,11.1,2.111,1.078,0.0,True,learned_prefer
copy decision permanent suspension to stakeholders,stop procedure after permanent suspension,0,1,0.0,11.1,2.111,1.078,0.0,True,learned_prefer
copy decision to extend procedure to stakeholders,enter senddate retrieve missing data,0,1,0.0,11.1,2.111,1.078,0.0,True,learned_prefer
copy decision permanent suspension to stakeholders,terminate on request,0,1,0.0,11.1,2.111,1.078,0.0,True,learned_prefer
copy decision permanent suspension to stakeholders,registration date publication,0,1,0.0,11.1,2.111,1.078,0.0,True,learned_prefer
copy decision to extend procedure to stakeholders,decision permanently suspended,0,1,0.0,11.1,2.111,1.078,0.0,True,learned_prefer
copy decision to extend procedure to stakeholders,assessment of content completed,0,1,0.0,11.1,2.111,1.078,0.0,True,learned_prefer
copy decision permanent suspension to stakeholders,register deadline,0,1,0.0,11.1,2.111,1.078,0.0,True,learned_prefer
treat subcases content,resume completeness subcases,0,1,0.0,1.2,2.111,1.078,0.0,True,learned_prefer
treat subcases content,retrieve missing data,0,1,0.0,1.2,2.111,1.078,0.0,True,learned_prefer
copy decision permanent suspension to stakeholders,enter date decision permanent suspension,0,1,0.0,11.1,2.111,1.078,0.0,True,learned_prefer
treat subcases content,request updated plan,0,1,0.0,1.2,2.111,1.078,0.0,True,learned_prefer
treat subcases content,subcase art. 33 WABO completed,0,1,0.0,1.2,2.111,1.078,0.0,True,learned_prefer
treat subcases content,submit decision,0,1,0.0,1.2,2.111,1.078,0.0,True,learned_prefer
phase procedure term resumed,record date of decision environmental permit,0,1,0.0,11.1,2.111,1.078,0.0,False,impossible
phase procedure term resumed,terminate on request,0,1,0.0,11.1,2.111,1.078,0.0,False,impossible
treat subcases content,read field phased application,0,1,0.0,1.2,2.111,1.078,0.0,True,learned_prefer
treat subcases content,ask stakeholders views,0,1,0.0,1.2,2.111,1.078,0.0,True,learned_prefer
treat subcases content,article 34  WABO applies,0,1,0.0,1.2,2.111,1.078,0.0,True,learned_prefer
treat subcases content,activities regular procedure,0,1,0.0,1.2,2.111,1.078,0.0,True,learned_prefer
treat subcases content,subcase final VVGB completed,0,1,0.0,1.2,2.111,1.078,0.0,True,learned_prefer
treat subcases content,treat subcases completeness,0,1,0.0,1.2,2.111,1.078,0.0,True,learned_prefer
treat subcases content,treat subcases present decision,0,1,0.0,1.2,2.111,1.078,0.0,False,impossible
treat subcases content,send design decision to stakeholders,0,1,0.0,1.2,2.111,1.078,0.0,True,learned_prefer
enter senddate draft decision,procedure change,0,5,0.0,14.7,2.091,1.064,0.0,False,impossible
continuation term to decision,procedure change after completeness,0,2,0.0,13.3,2.067,1.047,0.0,False,impossible
publication date draft decision,enter date advice on treatment of environmental permit,0,2,0.0,13.3,2.067,1.047,0.0,True,learned_prefer
continuation term to decision,create continuation letter,0,2,0.0,13.3,2.067,1.047,0.0,True,learned_prefer
submit decision,treat subcases completeness,0,1,0.0,2.2,2.067,1.047,0.0,True,learned_prefer
submit decision,calculate final charges,0,1,0.0,2.2,2.067,1.047,0.0,True,learned_prefer
submit decision,start decision phase decision permitting sent,0,1,0.0,2.2,2.067,1.047,0.0,True,learned_prefer
submit decision,suspension ground applicable,0,1,0.0,2.2,2.067,1.047,0.0,True,learned_prefer
submit decision,treat subcase suspension art. 33 WABO,0,1,0.0,2.2,2.067,1.047,0.0,True,learned_prefer
submit decision,start decisionphase draft decision - permitting decided,0,1,0.0,2.2,2.067,1.047,0.0,False,impossible
submit decision,start WABOprocedure,0,1,0.0,2.2,2.067,1.047,0.0,True,learned_prefer
publication date draft decision,phase draft decision made,0,2,0.0,13.3,2.067,1.047,0.0,True,learned_prefer
submit decision,publish,0,1,0.0,2.2,2.067,1.047,0.0,True,learned_prefer
submit decision,phase updated plan received,0,1,0.0,2.2,2.067,1.047,0.0,False,impossible
submit decision,procedure change,0,1,0.0,2.2,2.067,1.047,0.0,True,learned_prefer
submit decision,procedure change after completeness,0,1,0.0,2.2,2.067,1.047,0.0,True,learned_prefer
submit decision,registration date publication,0,1,0.0,2.2,2.067,1.047,0.0,True,learned_prefer
submit decision,record date of decision environmental permit,0,1,0.0,2.2,2.067,1.047,0.0,True,learned_prefer
generating decision no permit required,record date of decision no permit required,0,2,0.0,13.3,2.067,1.047,0.0,True,learned_prefer
date decision for inspection,create publication document,0,2,0.0,13.3,2.067,1.047,0.0,True,learned_prefer
create monitoring case,set decision phase inspection of decision permitting,0,2,0.0,13.3,2.067,1.047,0.0,False,impossible
phased application,phase application received,0,2,0.0,13.3,2.067,1.047,0.0,True,learned_prefer
generating decision no permit required,read publication date field,0,2,0.0,13.3,2.067,1.047,0.0,True,learned_prefer
phased application,first or second phase,0,2,0.0,13.3,2.067,1.047,0.0,True,learned_prefer
treat subcase perspective,phase decision sent,0,2,0.0,13.3,2.067,1.047,0.0,False,impossible
create monitoring case,generate publication document decision environmental permit,0,2,0.0,13.3,2.067,1.047,0.0,False,impossible
treat subcase perspective,creating environmental permit decision,0,2,0.0,13.3,2.067,1.047,0.0,True,learned_prefer
phased application,read field phased application,0,2,0.0,13.3,2.067,1.047,0.0,True,learned_prefer
submit decision,create publication document,0,1,0.0,2.2,2.067,1.047,0.0,True,learned_prefer
submit decision,enter senddate decision,0,1,0.0,2.2,2.067,1.047,0.0,True,learned_prefer
submit decision,create subcases content,0,1,0.0,2.2,2.067,1.047,0.0,True,learned_prefer
submit decision,date decision for inspection,0,1,0.0,2.2,2.067,1.047,0.0,False,impossible
submit decision,phase application received,0,1,0.0,2.2,2.067,1.047,0.0,True,learned_prefer
submit decision,create monitoring case oversight,0,1,0.0,2.2,2.067,1.047,0.0,True,learned_prefer
date decision for inspection,generate publication document decision environmental permit,0,2,0.0,13.3,2.067,1.047,0.0,True,learned_prefer
submit decision,phase perspective submitted,0,1,0.0,2.2,2.067,1.047,0.0,False,impossible
submit decision,phase decision ready,0,1,0.0,2.2,2.067,1.047,0.0,True,learned_prefer
submit decision,phase advice known,0,1,0.0,2.2,2.067,1.047,0.0,True,learned_prefer
submit decision,perspective on draft decision environmental permit received,0,1,0.0,2.2,2.067,1.047,0.0,True,learned_prefer
submit decision,perspective from GS or VROM received,0,1,0.0,2.2,2.067,1.047,0.0,False,impossible
submit decision,objection lodged against decision,0,1,0.0,2.2,2.067,1.047,0.0,True,learned_prefer
submit decision,keep permanently suspended,0,1,0.0,2.2,2.067,1.047,0.0,False,impossible
submit decision,receive additional information,0,1,0.0,2.2,2.067,1.047,0.0,True,learned_prefer
submit decision,read publication date field,0,1,0.0,2.2,2.067,1.047,0.0,True,learned_prefer
submit decision,send letter in progress,0,1,0.0,2.2,2.067,1.047,0.0,True,learned_prefer
subcase perspective complete,treat subcase perspective,0,3,0.0,14.3,2.048,1.034,0.0,True,learned_prefer
subcase perspective complete,start decision phase decision permitting sent,0,3,0.0,14.3,2.048,1.034,0.0,True,learned_prefer
phase draft decision ready,entering senddate draft decision environmental permit,0,3,0.0,15.0,1.952,0.965,0.0,True,neutral
enter senddate updated plan,enter senddate procedure confirmation,0,3,0.0,15.0,1.952,0.965,0.0,True,neutral
term for supplying missing data,applicant is stakeholder,0,2,0.0,14.3,1.933,0.951,0.0,True,neutral
term for supplying missing data,registration date publication,0,2,0.0,14.3,1.933,0.951,0.0,True,neutral
create subcases content,create letter requesting updated plan,0,2,0.0,14.3,1.933,0.951,0.0,True,neutral
updated plan received,completed subcases content,0,2,0.0,14.3,1.933,0.951,0.0,True,neutral
updated plan received,request updated plan again,0,2,0.0,14.3,1.933,0.951,0.0,True,neutral
updated plan received,create suspension competent authority,0,2,0.0,14.3,1.933,0.951,0.0,False,impossible
treat subcase suspension art. 33 WABO,start decision phase decision permitting sent,0,2,0.0,14.3,1.933,0.951,0.0,True,neutral
enter enddate of suspension,set decision phase: suspension cancelled,0,2,0.0,14.3,1.933,0.951,0.0,True,neutral
generate publication document decision environmental permit,register date environmental permit decision,0,2,0.0,14.3,1.933,0.951,0.0,True,neutral
term for supplying missing data,retrieve missing data,0,2,0.0,14.3,1.933,0.951,0.0,True,neutral
create subcases content,create publication document,0,2,0.0,14.3,1.933,0.951,0.0,True,neutral
enter enddate of suspension,record date of decision environmental permit,0,2,0.0,14.3,1.933,0.951,0.0,True,neutral
generate publication document decision environmental permit,phase decision ready,0,2,0.0,14.3,1.933,0.951,0.0,False,impossible
treat subcase final VVGB,transcript decision environmental permit to stakeholders,0,1,0.0,12.5,1.889,0.918,0.0,False,impossible
treat subcase final VVGB,entering senddate draft decision environmental permit,0,1,0.0,12.5,1.889,0.918,0.0,False,impossible
message terminate request,decision permanent suspension irrevocable,0,1,0.0,12.5,1.889,0.918,0.0,True,neutral
treat subcase final VVGB,set decision status,0,1,0.0,12.5,1.889,0.918,0.0,False,impossible
treat subcase final VVGB,perspective from GS or VROM received,0,1,0.0,12.5,1.889,0.918,0.0,True,neutral
message terminate request,send confirmation receipt,0,1,0.0,12.5,1.889,0.918,0.0,True,neutral
phase concept decision ready,register objection and appeal periods,0,1,0.0,12.5,1.889,0.918,0.0,True,neutral
phase concept decision ready,phase application receptive,0,1,0.0,12.5,1.889,0.918,0.0,True,neutral
phase concept decision ready,transcript decision environmental permit to stakeholders,0,1,0.0,12.5,1.889,0.918,0.0,True,neutral
term for submitting updated plan,enter senddate updated plan,0,1,0.0,12.5,1.889,0.918,0.0,True,neutral
set decision phase decision no permit required sent,registration date publication,0,1,0.0,12.5,1.889,0.918,0.0,True,neutral
term for submitting updated plan,publish,0,1,0.0,12.5,1.889,0.918,0.0,False,impossible
phase concept decision ready,create subcases present decision,0,1,0.0,12.5,1.889,0.918,0.0,True,neutral
phase concept decision ready,assessment of content completed,0,1,0.0,12.5,1.889,0.918,0.0,True,neutral
term for submitting updated plan,create letter requesting updated plan,0,1,0.0,12.5,1.889,0.918,0.0,True,neutral
term for submitting updated plan,register number of days extension period,0,1,0.0,12.5,1.889,0.918,0.0,False,impossible
enter senddate letter to stakeholders,enter senddate letter to competent authority,0,1,0.0,12.5,1.889,0.918,0.0,True,neutral
enter senddate letter to stakeholders,phase forwarded to competent authority,0,1,0.0,12.5,1.889,0.918,0.0,True,neutral
objection to permanent suspension received,phase procedure aborted,0,1,0.0,12.5,1.889,0.918,0.0,True,neutral
objection to permanent suspension received,phase permanently suspended,0,1,0.0,12.5,1.889,0.918,0.0,True,neutral
objection to permanent suspension received,no permit needed or only notification needed,0,1,0.0,12.5,1.889,0.918,0.0,False,impossible
set decision phase decision no permit required sent,set decision phase no permit required decided,0,1,0.0,12.5,1.889,0.918,0.0,True,neutral
calculate final charges,phase decision taken,0,1,0.0,12.5,1.889,0.918,0.0,True,neutral
set decision phase decision no permit required sent,register deadline,0,1,0.0,12.5,1.889,0.918,0.0,True,neutral
set decision phase decision no permit required sent,phase archived case,0,1,0.0,12.5,1.889,0.918,0.0,True,neutral
set decision phase decision no permit required sent,record date of decision no permit required,0,1,0.0,12.5,1.889,0.918,0.0,True,neutral
calculate final charges,register objection and appeal periods,0,1,0.0,12.5,1.889,0.918,0.0,True,neutral
calculate final charges,regular procedure without MER,0,1,0.0,12.5,1.889,0.918,0.0,True,neutral
message terminate request,phase procedure aborted,0,1,0.0,12.5,1.889,0.918,0.0,True,neutral
message terminate request,register deadline,0,1,0.0,12.5,1.889,0.918,0.0,True,neutral
objection to permanent suspension received,decision permanent suspension irrevocable,0,1,0.0,12.5,1.889,0.918,0.0,True,neutral
objection to permanent suspension received,receive additional information,0,1,0.0,12.5,1.889,0.918,0.0,False,impossible
objection to permanent suspension received,phase objection filed,0,1,0.0,12.5,1.889,0.918,0.0,True,neutral
enter senddate letter no permit required,enter senddate letter no permit required,0,1,0.0,12.5,1.889,0.918,0.0,True,neutral
enter senddate letter no permit required,phase archived case,0,1,0.0,12.5,1.889,0.918,0.0,False,impossible
message terminate request,enter senddate request termination,0,1,0.0,12.5,1.889,0.918,0.0,True,neutral
message terminate request,terminate on request,0,1,0.0,12.5,1.889,0.918,0.0,True,neutral
create message terminate request,enter senddate request termination,0,1,0.0,12.5,1.889,0.918,0.0,True,neutral
create message terminate request,phase procedure aborted,0,1,0.0,12.5,1.889,0.918,0.0,True,neutral
create message terminate request,send confirmation receipt,0,1,0.0,12.5,1.889,0.918,0.0,False,impossible
enter date decision suspension,set decision phase suspension sent,0,1,0.0,12.5,1.889,0.918,0.0,False,impossible
enter date decision suspension,enter senddate decision suspension,0,1,0.0,12.5,1.889,0.918,0.0,True,neutral
enter date decision suspension,treat subcase suspension art. 33 WABO,0,1,0.0,12.5,1.889,0.918,0.0,True,neutral
enter enddate suspension art. 33 WABO,perspective on draft decision environmental permit received,0,1,0.0,12.5,1.889,0.918,0.0,False,impossible
enter enddate suspension art. 33 WABO,record date of decision environmental permit,0,1,0.0,12.5,1.889,0.918,0.0,True,neutral
enter enddate suspension art. 33 WABO,regular procedure without MER,0,1,0.0,12.5,1.889,0.918,0.0,False,impossible
enter senddate letter no permit required,phase procedure aborted,0,1,0.0,12.5,1.889,0.918,0.0,True,neutral
enter enddate suspension art. 33 WABO,submit decision,0,1,0.0,12.5,1.889,0.918,0.0,True,neutral
enter enddate suspension art. 33 WABO,set decision phase: suspension cancelled,0,1,0.0,12.5,1.889,0.918,0.0,True,neutral
enter enddate suspension art. 33 WABO,send confirmation receipt,0,1,0.0,12.5,1.889,0.918,0.0,True,neutral
reception through OLO,registrer date of publishing received request,0,1,0.0,12.5,1.889,0.918,0.0,True,neutral
reception through OLO,send confirmation receipt,0,1,0.0,12.5,1.889,0.918,0.0,True,neutral
create message terminate request,phase archived case,0,1,0.0,12.5,1.889,0.918,0.0,True,neutral
reception through OLO,register date environmental permit decision,0,1,0.0,12.5,1.889,0.918,0.0,True,neutral
enter senddate letter no permit required,record date of decision no permit required,0,1,0.0,12.5,1.889,0.918,0.0,True,neutral
enter senddate letter no permit required,set decision phase unlicensed irrevocable,0,1,0.0,12.5,1.889,0.918,0.0,True,neutral
enter senddate letter no permit required,stop all running subcases 2b,0,1,0.0,12.5,1.889,0.918,0.0,True,neutral
objection to permanent suspension received,registration date publication,0,1,0.0,12.5,1.889,0.918,0.0,True,neutral
objection to permanent suspension received,stop procedure after permanent suspension,0,1,0.0,12.5,1.889,0.918,0.0,True,neutral
reception through OLO,enter date advice on treatment of environmental permit,0,1,0.0,12.5,1.889,0.918,0.0,True,neutral
reception through OLO,enter senddate retrieve missing data,0,1,0.0,12.5,1.889,0.918,0.0,True,neutral
reception through OLO,phase application received,0,1,0.0,12.5,1.889,0.918,0.0,True,neutral
enter publication date draft decision,phase application received,0,3,0.0,15.8,1.857,0.893,0.0,False,impossible
enter date decision permanent suspension,MER present in supplement,0,3,0.0,15.8,1.857,0.893,0.0,True,neutral
enter publication date draft decision,create decision procedure term extension,0,3,0.0,15.8,1.857,0.893,0.0,False,impossible
date draft decision for inspection,enter senddate decision environmental permit,0,3,0.0,15.8,1.857,0.893,0.0,True,neutral
publish official draft decision,completed subcases content,0,3,0.0,15.8,1.857,0.893,0.0,False,impossible
ask stakeholders views,creating environmental permit decision,0,3,0.0,15.8,1.857,0.893,0.0,True,neutral
phase procedure term suspended,send confirmation suspension,0,2,0.0,15.4,1.8,0.848,0.0,False,impossible
coordination of application,reason for suspension found,0,2,0.0,15.4,1.8,0.848,0.0,True,neutral
creating decision permanently suspended,retrieve missing data,0,2,0.0,15.4,1.8,0.848,0.0,True,neutral
coordination of application,request complete,0,2,0.0,15.4,1.8,0.848,0.0,True,neutral
coordination of application,receive additional information,0,2,0.0,15.4,1.8,0.848,0.0,True,neutral
phase procedure term suspended,send suspension by competent authority,0,2,0.0,15.4,1.8,0.848,0.0,True,neutral
phase procedure term suspended,procedure change after completeness,0,2,0.0,15.4,1.8,0.848,0.0,True,neutral
treat subcases completeness,enter senddate decision permanent suspension,0,2,0.0,3.0,1.773,0.826,0.0,False,impossible
treat subcases completeness,phase application received,0,2,0.0,3.0,1.773,0.826,0.0,True,neutral
treat subcases completeness,applicant is stakeholder,0,2,0.0,3.0,1.773,0.826,0.0,True,neutral
treat subcases completeness,extend procedure term,0,2,0.0,3.0,1.773,0.826,0.0,True,neutral
treat subcases completeness,request further information,0,2,0.0,3.0,1.773,0.826,0.0,True,neutral
treat subcases completeness,resume completeness subcases,0,2,0.0,3.0,1.773,0.826,0.0,True,neutral
treat subcases completeness,subcase art. 33 WABO completed,0,2,0.0,3.0,1.773,0.826,0.0,True,neutral
treat subcases completeness,start decision phase extension granted,0,2,0.0,3.0,1.773,0.826,0.0,True,neutral
treat subcases completeness,receive additional information,0,2,0.0,3.0,1.773,0.826,0.0,False,impossible
treat subcases completeness,send procedure confirmation,0,2,0.0,3.0,1.773,0.826,0.0,True,neutral
treat subcases completeness,create decision procedure term extension,0,2,0.0,3.0,1.773,0.826,0.0,True,neutral
treat subcases completeness,enter receipt of additional data,0,2,0.0,3.0,1.773,0.826,0.0,True,neutral
message change status,set phase: phase permitting irrevocable,0,3,0.0,16.7,1.762,0.817,0.0,True,neutral
send decision suspension,generating decision environmental permit,0,3,0.0,16.7,1.762,0.817,0.0,True,neutral
retrieve missing data,register deadline,0,4,0.0,10.3,1.756,0.812,0.0,True,neutral
set decision phase suspension sent,enter senddate decision suspension,0,1,0.0,3.0,1.718,0.781,0.0,True,neutral
set decision phase suspension sent,set decision status,0,1,0.0,3.0,1.718,0.781,0.0,True,neutral
set decision phase suspension sent,subcase art. 35 WABO completed,0,1,0.0,3.0,1.718,0.781,0.0,False,impossible
set decision phase suspension sent,suspension ground applicable,0,1,0.0,3.0,1.718,0.781,0.0,True,neutral
set decision phase suspension sent,phase application receptive,0,1,0.0,3.0,1.718,0.781,0.0,True,neutral
set decision phase suspension sent,phase application received,0,1,0.0,3.0,1.718,0.781,0.0,True,neutral
set decision phase suspension sent,enter date decision suspension,0,1,0.0,3.0,1.718,0.781,0.0,True,neutral
set decision phase suspension sent,procedure change after completeness,0,1,0.0,3.0,1.718,0.781,0.0,True,neutral
set decision phase suspension sent,send decision suspension,0,1,0.0,3.0,1.718,0.781,0.0,True,neutral
set decision phase suspension sent,set decision phase: suspension cancelled,0,1,0.0,3.0,1.718,0.781,0.0,True,neutral
set decision phase suspension sent,create subcases completeness,0,1,0.0,3.0,1.718,0.781,0.0,False,impossible
set decision phase suspension sent,article 35 applies,0,1,0.0,3.0,1.718,0.781,0.0,True,neutral
set decision phase suspension sent,creating environmental permit decision,0,1,0.0,3.0,1.718,0.781,0.0,True,neutral
set decision phase suspension sent,set decision phase suspension sent,0,1,0.0,3.0,1.718,0.781,0.0,True,neutral
set decision phase suspension sent,MER present in supplement,0,1,0.0,3.0,1.718,0.781,0.0,True,neutral
enter senddate acknowledgement,coordination of application,0,2,0.0,3.6,1.708,0.772,0.0,True,neutral
enter senddate acknowledgement,submit draft decision,0,2,0.0,3.6,1.708,0.772,0.0,False,impossible
enter senddate acknowledgement,enter senddate decision environmental permit,0,2,0.0,3.6,1.708,0.772,0.0,True,neutral
enter senddate acknowledgement,publication date draft decision,0,2,0.0,3.6,1.708,0.772,0.0,True,neutral
enter senddate acknowledgement,send procedure confirmation,0,2,0.0,3.6,1.708,0.772,0.0,True,neutral
enter senddate acknowledgement,record date of decision environmental permit,0,2,0.0,3.6,1.708,0.772,0.0,True,neutral
enter senddate acknowledgement,updated plan after review,0,2,0.0,3.6,1.708,0.772,0.0,False,impossible
enter senddate acknowledgement,phase application received,0,2,0.0,3.6,1.708,0.772,0.0,True,neutral
updated plan after perspective,updated plan after perspective,0,1,0.0,14.3,1.667,0.737,0.0,True,neutral
phase draft decision sent,phase concept draft decision ready,0,2,0.0,16.7,1.667,0.737,0.0,True,neutral
create cover letter draft decision,phase application received,0,1,0.0,14.3,1.667,0.737,0.0,False,impossible
phase updated plan received,send confirmation receipt,0,2,0.0,16.7,1.667,0.737,0.0,True,neutral
phase decision suspended,set decision phase suspension sent,0,3,0.0,17.6,1.667,0.737,0.0,True,neutral
continue or abort mutation BAG objects,message change status,0,1,0.0,14.3,1.667,0.737,0.0,False,impossible
send confirmation receipt additional data,submit decision,0,3,0.0,17.6,1.667,0.737,0.0,True,neutral
create letter no permit or only notification required,forward to the competent authority,0,1,0.0,14.3,1.667,0.737,0.0,True,neutral
start decision phase permanent suspension sent,create cover letter permanent suspension,0,3,0.0,17.6,1.667,0.737,0.0,True,neutral
create cover letter draft decision,perspective on draft decision environmental permit received,0,1,0.0,14.3,1.667,0.737,0.0,True,neutral
create continuation letter,phase decision taken,0,1,0.0,14.3,1.667,0.737,0.0,True,neutral
register suspension by competent authority,applicant is stakeholder,0,1,0.0,14.3,1.667,0.737,0.0,True,neutral
create continuation letter,register objection and appeal periods,0,1,0.0,14.3,1.667,0.737,0.0,False,impossible
creating decision suspension 35 WABO,phase advice known,0,1,0.0,14.3,1.667,0.737,0.0,False,impossible
start decision phase permanent suspension sent,phase case handled,0,3,0.0,17.6,1.667,0.737,0.0,True,neutral
create continuation letter,submit decision,0,1,0.0,14.3,1.667,0.737,0.0,False,impossible
create continuation letter,procedure change,0,1,0.0,14.3,1.667,0.737,0.0,True,neutral
register suspension by competent authority,receive additional information,0,1,0.0,14.3,1.667,0.737,0.0,False,impossible
updated plan after perspective,ground for refusal after reassessment plan,0,1,0.0,14.3,1.667,0.737,0.0,True,neutral
register suspension by competent authority,send suspension by competent authority,0,1,0.0,14.3,1.667,0.737,0.0,True,neutral
updated plan after perspective,decision date prior to decision,0,1,0.0,14.3,1.667,0.737,0.0,True,neutral
create cover letter draft decision,create draft environtmental permit,0,1,0.0,14.3,1.667,0.737,0.0,True,neutral
create continuation letter,send suspension by competent authority,0,1,0.0,14.3,1.667,0.737,0.0,False,impossible
creating decision suspension 35 WABO,set decision phase suspension sent,0,1,0.0,14.3,1.667,0.737,0.0,False,impossible
phase updated plan received,send continuation letter,0,2,0.0,16.7,1.667,0.737,0.0,True,neutral
phase draft decision sent,generating decision environmental permit,0,2,0.0,16.7,1.667,0.737,0.0,True,neutral
continue or abort mutation BAG objects,enter senddate decision,0,1,0.0,14.3,1.667,0.737,0.0,False,impossible
continue or abort mutation BAG objects,registration date publication,0,1,0.0,14.3,1.667,0.737,0.0,True,neutral
phase permanently suspended,registration date publication,0,2,0.0,16.7,1.667,0.737,0.0,False,impossible
request updated plan,phase application received,0,3,0.0,17.6,1.667,0.737,0.0,False,impossible
request updated plan,subcases completeness completed,0,3,0.0,17.6,1.667,0.737,0.0,True,neutral
phase draft decision sent,creating environmental permit decision,0,2,0.0,16.7,1.667,0.737,0.0,True,neutral
continue or abort mutation BAG objects,objection lodged against decision,0,1,0.0,14.3,1.667,0.737,0.0,True,neutral
create cover letter draft decision,phase advice known,0,1,0.0,14.3,1.667,0.737,0.0,False,impossible
set decision phase: suspension cancelled,enter senddate procedure confirmation,0,2,0.0,16.7,1.667,0.737,0.0,True,neutral
set decision phase: suspension cancelled,set decision phase suspension sent,0,2,0.0,16.7,1.667,0.737,0.0,True,neutral
register number of days extension period,reason for suspension found,0,4,0.0,18.2,1.667,0.737,0.0,True,neutral
create cover letter draft decision,create publication document,0,1,0.0,14.3,1.667,0.737,0.0,True,neutral
cancel case,enter date termination request received,0,4,0.0,18.2,1.667,0.737,0.0,True,neutral
create decision no permit required,regular procedure without MER,0,4,0.0,18.2,1.667,0.737,0.0,False,impossible
phase updated plan received,phase draft decision ready,0,2,0.0,16.7,1.667,0.737,0.0,False,impossible
set decision phase: suspension cancelled,set decision status,0,2,0.0,16.7,1.667,0.737,0.0,True,neutral
create cover letter draft decision,open draft decision for inspection,0,1,0.0,14.3,1.667,0.737,0.0,True,neutral
article 34  WABO applies,forward to the competent authority,0,3,0.0,17.6,1.667,0.737,0.0,True,neutral
creating decision suspension 35 WABO,subcase art. 33 WABO completed,0,1,0.0,14.3,1.667,0.737,0.0,False,impossible
create letter no permit or only notification required,treat subcases completeness,0,1,0.0,14.3,1.667,0.737,0.0,True,neutral
continue or abort mutation BAG objects,transcript decision environmental permit to stakeholders,0,1,0.0,14.3,1.667,0.737,0.0,True,neutral
cancel case,send procedure confirmation,0,4,0.0,18.2,1.667,0.737,0.0,False,impossible
create cover letter draft decision,generate draft decision environmental permit,0,1,0.0,14.3,1.667,0.737,0.0,False,impossible
phase application received,treat subcases content,0,3,0.0,3.6,1.61,0.687,0.0,True,neutral
phase application received,enter senddate retrieve missing data,0,3,0.0,3.6,1.61,0.687,0.0,True,neutral
phase application received,creating environmental permit decision,0,3,0.0,3.6,1.61,0.687,0.0,True,neutral
phase application received,set decision phase suspension decided,0,3,0.0,3.6,1.61,0.687,0.0,True,neutral
phase application received,term for supplying missing data,0,3,0.0,3.6,1.61,0.687,0.0,True,neutral
phase application received,phase decision taken,0,3,0.0,3.6,1.61,0.687,0.0,True,neutral
set decision phase suspension decided,completed subcases content,0,3,0.0,18.8,1.571,0.652,0.0,False,impossible
phase procedure extended,create decision procedure term extension,0,3,0.0,18.8,1.571,0.652,0.0,True,neutral
enrich draft decision,phase draft decision made,0,3,0.0,18.8,1.571,0.652,0.0,True,neutral
MER present,send confirmation receipt,0,3,0.0,18.8,1.571,0.652,0.0,True,neutral
phase additional information received,phase advice known,0,1,0.0,3.3,1.564,0.645,0.0,True,neutral
phase additional information received,procedure change after completeness,0,1,0.0,3.3,1.564,0.645,0.0,True,neutral
phase additional information received,create subcases content,0,1,0.0,3.3,1.564,0.645,0.0,True,neutral
phase additional information received,generate draft decision environmental permit,0,1,0.0,3.3,1.564,0.645,0.0,True,neutral
phase additional information received,register number of days extension period,0,1,0.0,3.3,1.564,0.645,0.0,False,impossible
phase additional information received,creating cover letter decision,0,1,0.0,3.3,1.564,0.645,0.0,True,neutral
phase additional information received,create procedure confirmation,0,1,0.0,3.3,1.564,0.645,0.0,False,impossible
phase additional information received,enter senddate retrieve missing data,0,1,0.0,3.3,1.564,0.645,0.0,False,impossible
phase additional information received,MER present in supplement,0,1,0.0,3.3,1.564,0.645,0.0,True,neutral
phase additional information received,decision keep permanently suspended,0,1,0.0,3.3,1.564,0.645,0.0,True,neutral
phase additional information received,creating decision permanently suspended,0,1,0.0,3.3,1.564,0.645,0.0,True,neutral
phase additional information received,enter date decision permanent suspension,0,1,0.0,3.3,1.564,0.645,0.0,False,impossible
phase additional information received,completed subcases content,0,1,0.0,3.3,1.564,0.645,0.0,True,neutral
phase additional information received,phase draft decision made,0,1,0.0,3.3,1.564,0.645,0.0,True,neutral
phase additional information received,start decision phase extension granted,0,1,0.0,3.3,1.564,0.645,0.0,True,neutral
phase additional information received,set decision phase: suspension cancelled,0,1,0.0,3.3,1.564,0.645,0.0,True,neutral
phase additional information received,generating decision environmental permit,0,1,0.0,3.3,1.564,0.645,0.0,True,neutral
phase additional information received,record date of decision environmental permit,0,1,0.0,3.3,1.564,0.645,0.0,True,neutral
record date of decision no permit required,set decision phase unlicensed irrevocable,0,2,0.0,18.2,1.533,0.617,0.0,True,neutral
record date of decision no permit required,set decision phase decision no permit required sent,0,2,0.0,18.2,1.533,0.617,0.0,True,neutral
perspective regarding draft founded,enter senddate decision environmental permit,0,2,0.0,18.2,1.533,0.617,0.0,False,impossible
record date of decision no permit required,phase archived case,0,2,0.0,18.2,1.533,0.617,0.0,True,neutral
phase decision irrevocable,continue or abort mutation BAG objects,0,2,0.0,18.2,1.533,0.617,0.0,False,impossible
reason for suspension found,procedure change,0,2,0.0,18.2,1.533,0.617,0.0,True,neutral
phase procedure prematurely terminated,close case,0,2,0.0,18.2,1.533,0.617,0.0,True,neutral
open draft decision for inspection,publication date draft decision,0,2,0.0,18.2,1.533,0.617,0.0,True,neutral
OLO messaging active,no permit needed or only notification needed,0,2,0.0,3.6,1.48,0.566,0.0,False,impossible
publication date draft decision,grounds for refusal,0,3,0.0,20.0,1.476,0.562,0.0,False,impossible
continuation term to decision,phase updated plan requested,0,3,0.0,20.0,1.476,0.562,0.0,True,neutral
enter senddate letter no permit or only notification required,phase application received,0,3,0.0,20.0,1.476,0.562,0.0,True,neutral
treat subcase perspective,phase perspective submitted,0,3,0.0,20.0,1.476,0.562,0.0,True,neutral
publication date draft decision,enter date termination request received,0,3,0.0,20.0,1.476,0.562,0.0,True,neutral
continuation term to decision,subcases completeness completed,0,3,0.0,20.0,1.476,0.562,0.0,True,neutral
generating decision no permit required,phase application receptive,0,3,0.0,20.0,1.476,0.562,0.0,False,impossible
set decision phase decision permitting decided,phase archived case,0,2,0.0,3.7,1.453,0.539,0.0,True,neutral
set decision phase decision permitting decided,decision date prior to decision,0,2,0.0,3.7,1.453,0.539,0.0,True,neutral
set decision phase decision permitting decided,creating environmental permit decision,0,2,0.0,3.7,1.453,0.539,0.0,True,neutral
set decision phase decision permitting decided,registration date publication,0,2,0.0,3.7,1.453,0.539,0.0,True,neutral
set decision phase decision permitting decided,suspend term,0,2,0.0,3.7,1.453,0.539,0.0,False,impossible
set decision phase decision permitting decided,phase asked additional information,0,2,0.0,3.7,1.453,0.539,0.0,True,neutral
set decision phase decision permitting decided,phase additional information received,0,2,0.0,3.7,1.453,0.539,0.0,True,neutral
set decision phase decision permitting decided,procedure change after completeness,0,2,0.0,3.7,1.453,0.539,0.0,True,neutral
set decision phase decision permitting decided,treat subcases content,0,2,0.0,3.7,1.453,0.539,0.0,True,neutral
enter objectionterm,request complete,0,1,0.0,16.7,1.444,0.531,0.0,True,neutral
objection to permanent suspension in system,objection to permanent suspension received,0,1,0.0,16.7,1.444,0.531,0.0,True,neutral
enter objectionterm,copy decision to extend procedure to stakeholders,0,1,0.0,16.7,1.444,0.531,0.0,True,neutral
hearing about draft,perspective on draft decision environmental permit received,0,1,0.0,16.7,1.444,0.531,0.0,True,neutral
hearing about draft,perspective from GS or VROM received,0,1,0.0,16.7,1.444,0.531,0.0,True,neutral
register date decision terminate on request,enter senddate confirmation request,0,1,0.0,16.7,1.444,0.531,0.0,True,neutral
register date decision terminate on request,publish,0,1,0.0,16.7,1.444,0.531,0.0,True,neutral
register date decision terminate on request,phase application received,0,1,0.0,16.7,1.444,0.531,0.0,True,neutral
hearing about draft,phase perspective submitted,0,1,0.0,16.7,1.444,0.531,0.0,True,neutral
treat subcase suspension art. 35 WABO,generating decision environmental permit,0,1,0.0,16.7,1.444,0.531,0.0,True,neutral
treat subcase suspension art. 35 WABO,subcase art. 35 WABO completed,0,1,0.0,16.7,1.444,0.531,0.0,True,neutral
hearing about draft,register date environmental permit decision,0,1,0.0,16.7,1.444,0.531,0.0,True,neutral
create suspension competent authority,continuation term to decision,0,1,0.0,16.7,1.444,0.531,0.0,True,neutral
hearing about draft,treat subcase perspective,0,1,0.0,16.7,1.444,0.531,0.0,False,impossible
date for inspection MER,enter receipt of additional data,0,1,0.0,16.7,1.444,0.531,0.0,True,neutral
hearing about draft,perspective regarding draft founded,0,1,0.0,16.7,1.444,0.531,0.0,True,neutral
register date decision terminate on request,applicant is stakeholder,0,1,0.0,16.7,1.444,0.531,0.0,True,neutral
set decision phase unlicensed irrevocable,enter senddate letter no permit required,0,1,0.0,16.7,1.444,0.531,0.0,True,neutral
set decision phase unlicensed irrevocable,no permit needed or only notification needed,0,1,0.0,16.7,1.444,0.531,0.0,False,impossible
date continuation term to decision,request complete,0,2,0.0,20.0,1.4,0.485,0.0,True,neutral
enrich draft decision environmental permit,generating decision environmental permit,0,2,0.0,20.0,1.4,0.485,0.0,False,impossible
perspective from GS or VROM received,subcase perspective complete,0,2,0.0,20.0,1.4,0.485,0.0,False,impossible
enrich draft decision environmental permit,transcript decision environmental permit to stakeholders,0,2,0.0,20.0,1.4,0.485,0.0,True,neutral
date continuation term to decision,submit draft decision,0,2,0.0,20.0,1.4,0.485,0.0,False,impossible
creating cover letter no permit required,no permit needed or only notification needed,0,2,0.0,20.0,1.4,0.485,0.0,True,neutral
initiative competent authority,create message terminate request,0,2,0.0,20.0,1.4,0.485,0.0,True,neutral
initiative competent authority,forward to the competent authority,0,2,0.0,20.0,1.4,0.485,0.0,False,impossible
send suspension by competent authority,procedure change,0,2,0.0,20.0,1.4,0.485,0.0,True,neutral
decision procedure term extension,enter date decision procedure term extension,0,2,0.0,20.0,1.4,0.485,0.0,True,neutral
creating cover letter no permit required,objection decision no permit required received,0,2,0.0,20.0,1.4,0.485,0.0,True,neutral
creating cover letter no permit required,phase activity no permit required,0,2,0.0,20.0,1.4,0.485,0.0,True,neutral
creating cover letter no permit required,create decision no permit required,0,2,0.0,20.0,1.4,0.485,0.0,False,impossible
perspective from GS or VROM received,hearing about draft,0,2,0.0,20.0,1.4,0.485,0.0,True,neutral
keep permanently suspended,objection to permanent suspension received,0,2,0.0,20.0,1.4,0.485,0.0,True,neutral
send suspension by competent authority,creating environmental permit decision,0,2,0.0,20.0,1.4,0.485,0.0,False,impossible
send suspension by competent authority,treat subcases completeness,0,2,0.0,20.0,1.4,0.485,0.0,True,neutral
start decision phase permanently suspended decided,creating decision permanently suspended,0,2,0.0,20.0,1.4,0.485,0.0,True,neutral
enter enddate of suspension,phase procedure resumed,0,3,0.0,21.4,1.381,0.466,0.0,True,neutral
enter enddate of suspension,phase decision suspended,0,3,0.0,21.4,1.381,0.466,0.0,False,impossible
treat subcase suspension art. 33 WABO,generating decision environmental permit,0,3,0.0,21.4,1.381,0.466,0.0,True,neutral
objection to extension procedure term receptive,creating environmental permit decision,0,2,0.0,22.2,1.267,0.341,0.0,True,neutral
treat subcases content,create draft environtmental permit,0,2,0.0,2.4,1.267,0.341,0.0,True,neutral
treat subcases content,create decision no permit required,0,2,0.0,2.4,1.267,0.341,0.0,False,impossible
treat subcases content,continuation term to decision,0,2,0.0,2.4,1.267,0.341,0.0,True,neutral
treat subcases content,set decision status,0,2,0.0,2.4,1.267,0.341,0.0,True,neutral
treat subcases content,send confirmation receipt,0,2,0.0,2.4,1.267,0.341,0.0,True,neutral
decision permanent suspension irrevocable,register deadline,0,2,0.0,22.2,1.267,0.341,0.0,True,neutral
decision permanent suspension irrevocable,start decision phase permanent suspension sent,0,2,0.0,22.2,1.267,0.341,0.0,False,impossible
decision permanent suspension irrevocable,enter date decision permanent suspension,0,2,0.0,22.2,1.267,0.341,0.0,True,neutral
partly permit application,phase advice known,0,2,0.0,22.2,1.267,0.341,0.0,False,impossible
objection to extension procedure term receptive,decision extension procedure term irrevocable,0,2,0.0,22.2,1.267,0.341,0.0,True,neutral
copy decision permanent suspension to stakeholders,extend procedure term,0,2,0.0,22.2,1.267,0.341,0.0,True,neutral
partly permit application,set decision status,0,2,0.0,22.2,1.267,0.341,0.0,True,neutral
treat subcases content,read publication date field,0,2,0.0,2.4,1.267,0.341,0.0,True,neutral
treat subcases content,register objection and appeal periods,0,2,0.0,2.4,1.267,0.341,0.0,True,neutral
treat subcases content,creating decision procedure term extension,0,2,0.0,2.4,1.267,0.341,0.0,True,neutral
treat subcases content,updated plan received,0,2,0.0,2.4,1.267,0.341,0.0,True,neutral
create cover letter permanent suspension,set decision status,0,2,0.0,22.2,1.267,0.341,0.0,True,neutral
objection to extension procedure term receptive,register date environmental permit decision,0,2,0.0,22.2,1.267,0.341,0.0,True,neutral
treat subcases content,generate draft decision environmental permit,0,2,0.0,2.4,1.267,0.341,0.0,True,neutral
treat subcases content,enter senddate decision suspension,0,2,0.0,2.4,1.267,0.341,0.0,True,neutral
treat subcases content,enter senddate draft decision,0,2,0.0,2.4,1.267,0.341,0.0,True,neutral
enter senddate request termination,terminate on request,0,2,0.0,22.2,1.267,0.341,0.0,True,neutral
objection to extension procedure term receptive,terminate on request,0,2,0.0,22.2,1.267,0.341,0.0,True,neutral
final VVGB applications,perspective regarding draft founded,0,2,0.0,22.2,1.267,0.341,0.0,True,neutral
treat subcases completeness,submit decision,0,3,0.0,4.5,1.267,0.341,0.0,True,neutral
treat subcases content,start WABOprocedure,0,2,0.0,2.4,1.267,0.341,0.0,True,neutral
treat subcases content,procedure change,0,2,0.0,2.4,1.267,0.341,0.0,True,neutral
treat subcases content,registration date publication,0,2,0.0,2.4,1.267,0.341,0.0,True,neutral
treat subcases content,procedure change after completeness,0,2,0.0,2.4,1.267,0.341,0.0,True,neutral
phase application received,calculate provisional charges,0,4,0.0,4.8,1.252,0.324,0.0,True,neutral
submit decision,set decision status,0,2,0.0,4.3,1.24,0.31,0.0,True,neutral
submit decision,grounds for refusal,0,2,0.0,4.3,1.24,0.31,0.0,True,neutral
submit decision,creating cover letter decision,0,2,0.0,4.3,1.24,0.31,0.0,True,neutral
submit decision,send design decision to stakeholders,0,2,0.0,4.3,1.24,0.31,0.0,False,impossible
submit decision,phase concept decision ready,0,2,0.0,4.3,1.24,0.31,0.0,True,neutral
submit decision,generate draft decision environmental permit,0,2,0.0,4.3,1.24,0.31,0.0,False,impossible
submit decision,send confirmation receipt,0,2,0.0,4.3,1.24,0.31,0.0,True,neutral
enter senddate confirmation request,register date decision terminate on request,0,1,0.0,20.0,1.222,0.29,0.0,True,neutral
enter senddate confirmation request,register deadline,0,1,0.0,20.0,1.222,0.29,0.0,True,neutral
enter senddate continuation,continuation term to decision,0,1,0.0,20.0,1.222,0.29,0.0,True,neutral
regular procedure applies,decision terminate on request,0,1,0.0,20.0,1.222,0.29,0.0,True,neutral
regular procedure applies,enter objectionterm,0,1,0.0,20.0,1.222,0.29,0.0,True,neutral
enter senddate continuation,send continuation letter,0,1,0.0,20.0,1.222,0.29,0.0,True,neutral
VVGB positive,suspension ground applicable,0,1,0.0,20.0,1.222,0.29,0.0,True,neutral
VVGB positive,phase perspective submitted,0,1,0.0,20.0,1.222,0.29,0.0,True,neutral
VVGB positive,treat subcase perspective,0,1,0.0,20.0,1.222,0.29,0.0,True,neutral
set decision phase no permit required decided,register deadline,0,1,0.0,20.0,1.222,0.29,0.0,False,impossible
set decision phase no permit required decided,completed subcases content,0,1,0.0,20.0,1.222,0.29,0.0,True,neutral
VVGB positive,treat subcase final VVGB,0,1,0.0,20.0,1.222,0.29,0.0,False,impossible
phase objection filed,read publication date field,0,1,0.0,20.0,1.222,0.29,0.0,True,neutral
enter senddate confirmation request,registrer date of publishing received request,0,1,0.0,20.0,1.222,0.29,0.0,True,neutral
enter senddate confirmation request,terminate on request,0,1,0.0,20.0,1.222,0.29,0.0,True,neutral
regular procedure applies,enter senddate procedure confirmation,0,1,0.0,20.0,1.222,0.29,0.0,True,neutral
regular procedure applies,objection to extension procedure term receptive,0,1,0.0,20.0,1.222,0.29,0.0,True,neutral
regular procedure applies,registrer date of publishing received request,0,1,0.0,20.0,1.222,0.29,0.0,True,neutral
enter senddate confirmation request,enter senddate procedure confirmation,0,1,0.0,20.0,1.222,0.29,0.0,True,neutral
create letter requesting missing data,phase asked additional information,0,1,0.0,20.0,1.222,0.29,0.0,True,neutral
create letter requesting missing data,treat subcases completeness,0,1,0.0,20.0,1.222,0.29,0.0,True,neutral
create monitoring case oversight,phase decision taken,0,1,0.0,20.0,1.222,0.29,0.0,True,neutral
create monitoring case oversight,phase decision sent,0,1,0.0,20.0,1.222,0.29,0.0,True,neutral
create monitoring case oversight,creating cover letter decision,0,1,0.0,20.0,1.222,0.29,0.0,True,neutral
first or second phase,create procedure confirmation,0,1,0.0,20.0,1.222,0.29,0.0,True,neutral
enter senddate continuation,enter senddate procedure confirmation,0,1,0.0,20.0,1.222,0.29,0.0,True,neutral
dismiss under mandate,open draft decision for inspection,0,1,0.0,20.0,1.222,0.29,0.0,True,neutral
create letter requesting missing data,send confirmation receipt,0,1,0.0,20.0,1.222,0.29,0.0,False,impossible
dismiss under mandate,enter date advice on treatment of environmental permit,0,1,0.0,20.0,1.222,0.29,0.0,True,neutral
dismiss under mandate,generate draft decision environmental permit,0,1,0.0,20.0,1.222,0.29,0.0,True,neutral
phase activity no permit required,enter senddate letter no permit required,0,1,0.0,20.0,1.222,0.29,0.0,True,neutral
phase activity no permit required,enter senddate decision no permit required,0,1,0.0,20.0,1.222,0.29,0.0,False,impossible
dismiss under mandate,phase concept draft decision ready,0,1,0.0,20.0,1.222,0.29,0.0,True,neutral
create letter requesting missing data,publish,0,1,0.0,20.0,1.222,0.29,0.0,True,neutral
create letter requesting missing data,send confirmation receipt additional data,0,1,0.0,20.0,1.222,0.29,0.0,True,neutral
send message OLO-status in progress,send letter in progress,0,1,0.0,20.0,1.222,0.29,0.0,True,neutral
decision keep permanently suspended,retrieve missing data,0,4,0.0,25.0,1.222,0.29,0.0,True,neutral
phase activity no permit required,objection decision no permit required received,0,1,0.0,20.0,1.222,0.29,0.0,False,impossible
dismiss under mandate,entering senddate draft decision environmental permit,0,1,0.0,20.0,1.222,0.29,0.0,True,neutral
set decision phase no permit required decided,set decision phase unlicensed irrevocable,0,1,0.0,20.0,1.222,0.29,0.0,False,impossible
set decision phase no permit required decided,stop all running subcases 2b,0,1,0.0,20.0,1.222,0.29,0.0,True,neutral
subcase art. 35 WABO completed,treat subcase suspension art. 33 WABO,0,1,0.0,20.0,1.222,0.29,0.0,True,neutral
subcase art. 35 WABO completed,treat subcase suspension art. 35 WABO,0,1,0.0,20.0,1.222,0.29,0.0,True,neutral
first or second phase,enter senddate procedure confirmation,0,1,0.0,20.0,1.222,0.29,0.0,True,neutral
subcase art. 35 WABO completed,enter date decision suspension,0,1,0.0,20.0,1.222,0.29,0.0,False,impossible
first or second phase,no permit needed or only notification needed,0,1,0.0,20.0,1.222,0.29,0.0,False,impossible
set decision phase no permit required decided,set decision phase decision no permit required sent,0,1,0.0,20.0,1.222,0.29,0.0,True,neutral
stop process after terminate on request,treat subcases completeness,0,1,0.0,20.0,1.222,0.29,0.0,True,neutral
VVGB positive,updated plan after perspective,0,1,0.0,20.0,1.222,0.29,0.0,True,neutral
MER required,phase application received,0,1,0.0,20.0,1.222,0.29,0.0,True,neutral
MER present,activities regular procedure,0,4,0.0,25.0,1.222,0.29,0.0,True,neutral
enter senddate acknowledgement,set decision phase decision permitting decided,0,3,0.0,5.5,1.22,0.287,0.0,True,neutral
phase draft decision sent,enter senddate draft decision,0,3,0.0,25.0,1.19,0.252,0.0,True,neutral
phase permanently suspended,retrieve missing data,0,3,0.0,25.0,1.19,0.252,0.0,False,impossible
start decisionphase draft decision - permitting decided,generate draft decision environmental permit,0,1,0.0,4.5,1.154,0.206,0.0,True,neutral
start decisionphase draft decision - permitting decided,stop all running subcases 2b,0,1,0.0,4.5,1.154,0.206,0.0,True,neutral
start decisionphase draft decision - permitting decided,set decision phase inspection of decision permitting,0,1,0.0,4.5,1.154,0.206,0.0,True,neutral
start decisionphase draft decision - permitting decided,procedure change after completeness,0,1,0.0,4.5,1.154,0.206,0.0,True,neutral
start decisionphase draft decision - permitting decided,OLO messaging active,0,1,0.0,4.5,1.154,0.206,0.0,True,neutral
start decisionphase draft decision - permitting decided,date for inspection MER,0,1,0.0,4.5,1.154,0.206,0.0,True,neutral
start decisionphase draft decision - permitting decided,enter senddate decision environmental permit,0,1,0.0,4.5,1.154,0.206,0.0,True,neutral
start decisionphase draft decision - permitting decided,completed subcases content,0,1,0.0,4.5,1.154,0.206,0.0,True,neutral
start decisionphase draft decision - permitting decided,phase decision sent,0,1,0.0,4.5,1.154,0.206,0.0,True,neutral
start decisionphase draft decision - permitting decided,phase archived case,0,1,0.0,4.5,1.154,0.206,0.0,True,neutral
start decisionphase draft decision - permitting decided,suspension ground applicable,0,1,0.0,4.5,1.154,0.206,0.0,False,impossible
start decisionphase draft decision - permitting decided,phase decision taken,0,1,0.0,4.5,1.154,0.206,0.0,True,neutral
start decisionphase draft decision - permitting decided,creating environmental permit decision,0,1,0.0,4.5,1.154,0.206,0.0,True,neutral
enter senddate letter no permit or only notification required,OLO messaging active,0,4,0.0,26.7,1.148,0.199,0.0,True,neutral
application submitted through OLO,applicant is stakeholder,0,4,0.0,26.7,1.148,0.199,0.0,True,neutral
enter date decision suspension,retrieve missing data,0,2,0.0,25.0,1.133,0.181,0.0,False,impossible
create message terminate request,cancel case,0,2,0.0,25.0,1.133,0.181,0.0,True,neutral
treat subcase final VVGB,VVGB positive,0,2,0.0,25.0,1.133,0.181,0.0,True,neutral
treat subcase final VVGB,publish official draft decision,0,2,0.0,25.0,1.133,0.181,0.0,False,impossible
create message terminate request,publish,0,2,0.0,25.0,1.133,0.181,0.0,False,impossible
calculate final charges,start decision phase decision permitting sent,0,2,0.0,25.0,1.133,0.181,0.0,True,neutral
enter senddate letter to stakeholders,enter senddate letter to stakeholders,0,2,0.0,25.0,1.133,0.181,0.0,True,neutral
enter senddate letter no permit required,read publication date field,0,2,0.0,25.0,1.133,0.181,0.0,False,impossible
term for submitting updated plan,extend procedure term,0,2,0.0,25.0,1.133,0.181,0.0,True,neutral
enter senddate letter to stakeholders,forward transcript to stakeholders,0,2,0.0,25.0,1.133,0.181,0.0,True,neutral
enter senddate letter to stakeholders,phase application received,0,2,0.0,25.0,1.133,0.181,0.0,True,neutral
term for submitting updated plan,request updated plan,0,2,0.0,25.0,1.133,0.181,0.0,True,neutral
message terminate request,inform BAG administrator,0,2,0.0,25.0,1.133,0.181,0.0,True,neutral
enter enddate suspension art. 33 WABO,enter enddate of suspension,0,2,0.0,25.0,1.133,0.181,0.0,True,neutral
reception through OLO,forward to the competent authority,0,2,0.0,25.0,1.133,0.181,0.0,True,neutral
creating cover letter decision,submit draft decision,0,1,0.0,4.8,1.103,0.141,0.0,True,neutral
creating cover letter decision,set decision phase: draft decision permitted sent,0,1,0.0,4.8,1.103,0.141,0.0,False,impossible
creating cover letter decision,publish,0,1,0.0,4.8,1.103,0.141,0.0,True,neutral
creating cover letter decision,receive additional information,0,1,0.0,4.8,1.103,0.141,0.0,False,impossible
creating cover letter decision,decision date prior to decision,0,1,0.0,4.8,1.103,0.141,0.0,True,neutral
creating cover letter decision,request complete,0,1,0.0,4.8,1.103,0.141,0.0,True,neutral
creating cover letter decision,procedure change after completeness,0,1,0.0,4.8,1.103,0.141,0.0,True,neutral
creating cover letter decision,MER present in supplement,0,1,0.0,4.8,1.103,0.141,0.0,True,neutral
creating cover letter decision,objection lodged against decision,0,1,0.0,4.8,1.103,0.141,0.0,True,neutral
creating cover letter decision,generate draft decision environmental permit,0,1,0.0,4.8,1.103,0.141,0.0,True,neutral
creating cover letter decision,phase decision ready,0,1,0.0,4.8,1.103,0.141,0.0,True,neutral
creating cover letter decision,phase additional information received,0,1,0.0,4.8,1.103,0.141,0.0,False,impossible
creating cover letter decision,registration date publication,0,1,0.0,4.8,1.103,0.141,0.0,True,neutral
creating cover letter decision,date decision for inspection,0,1,0.0,4.8,1.103,0.141,0.0,True,neutral
creating cover letter decision,continuation term to decision,0,1,0.0,4.8,1.103,0.141,0.0,False,impossible
creating cover letter decision,by law,0,1,0.0,4.8,1.103,0.141,0.0,True,neutral
creating cover letter decision,article 34  WABO applies,0,1,0.0,4.8,1.103,0.141,0.0,True,neutral
reason for suspension found,treat subcases completeness,0,3,0.0,27.3,1.095,0.131,0.0,True,neutral
reason for suspension found,register suspension by competent authority,0,3,0.0,27.3,1.095,0.131,0.0,True,neutral
OLO messaging active,receive additional information,0,3,0.0,5.5,1.057,0.08,0.0,True,neutral
OLO messaging active,applicant is stakeholder,0,3,0.0,5.5,1.057,0.08,0.0,True,neutral
OLO messaging active,forward to the competent authority,0,3,0.0,5.5,1.057,0.08,0.0,True,neutral
OLO messaging active,enter date draft decisionenvironmental permit,0,3,0.0,5.5,1.057,0.08,0.0,True,neutral
OLO messaging active,create procedure confirmation,0,3,0.0,5.5,1.057,0.08,0.0,True,neutral
set decision phase decision permitting decided,assessment of content completed,0,3,0.0,5.6,1.038,0.054,0.0,True,neutral
set decision phase decision permitting decided,transcript decision environmental permit to stakeholders,0,3,0.0,5.6,1.038,0.054,0.0,True,neutral
set decision phase suspension sent,OLO messaging active,0,2,0.0,6.1,1.031,0.044,0.0,False,impossible
set decision phase suspension sent,enter senddate decision environmental permit,0,2,0.0,6.1,1.031,0.044,0.0,True,neutral
set decision phase suspension sent,set decision phase suspension decided,0,2,0.0,6.1,1.031,0.044,0.0,True,neutral
set decision phase suspension sent,treat subcases content,0,2,0.0,6.1,1.031,0.044,0.0,False,impossible
set decision phase suspension sent,retrieve missing data,0,2,0.0,6.1,1.031,0.044,0.0,True,neutral
phase application received,enter enddate of suspension,0,5,0.0,6.0,1.024,0.035,0.0,True,neutral
register suspension by competent authority,start date suspension competent authority,0,2,0.0,28.6,1.0,0.0,0.0,True,neutral
start phased application,subcases completeness completed,0,1,0.0,25.0,1.0,0.0,0.0,True,neutral
continue or abort mutation BAG objects,register date environmental permit decision,0,2,0.0,28.6,1.0,0.0,0.0,True,neutral
perspective from GS or VROM received,final VVGB applications,0,3,0.0,30.0,1.0,0.0,0.0,True,neutral
perspective from GS or VROM received,perspective from GS or VROM received,0,3,0.0,30.0,1.0,0.0,0.0,True,neutral
register suspension by competent authority,phase procedure term suspended,0,2,0.0,28.6,1.0,0.0,0.0,True,neutral
start date suspension competent authority,updated plan received,0,1,0.0,25.0,1.0,0.0,0.0,False,impossible
start date suspension competent authority,create suspension competent authority,0,1,0.0,25.0,1.0,0.0,0.0,True,neutral
create continuation letter,procedure change after completeness,0,2,0.0,28.6,1.0,0.0,0.0,True,neutral
start phased application,enter senddate procedure confirmation,0,1,0.0,25.0,1.0,0.0,0.0,False,impossible
stop procedure after permanent suspension,close case,0,1,0.0,25.0,1.0,0.0,0.0,True,neutral
stop procedure after permanent suspension,decision permanently suspended,0,1,0.0,25.0,1.0,0.0,0.0,False,impossible
stop procedure after permanent suspension,enter objectionterm,0,1,0.0,25.0,1.0,0.0,0.0,True,neutral
create letter no permit or only notification required,register deadline,0,2,0.0,28.6,1.0,0.0,0.0,True,neutral
start phased application,create procedure confirmation,0,1,0.0,25.0,1.0,0.0,0.0,True,neutral
start date suspension competent authority,ask stakeholders views,0,1,0.0,25.0,1.0,0.0,0.0,False,impossible
start date suspension competent authority,date continuation term to decision,0,1,0.0,25.0,1.0,0.0,0.0,True,neutral
stop suspended completeness subcases,creating environmental permit decision,0,1,0.0,25.0,1.0,0.0,0.0,False,impossible
stop suspended completeness subcases,phase application receptive,0,1,0.0,25.0,1.0,0.0,0.0,True,neutral
decision extension procedure term irrevocable,subcases completeness completed,0,1,0.0,25.0,1.0,0.0,0.0,True,neutral
article 33 applies,create subcases completeness,0,1,0.0,25.0,1.0,0.0,0.0,True,neutral
updated plan after perspective,suspension ground applicable,0,2,0.0,28.6,1.0,0.0,0.0,True,neutral
enter senddate letter to competent authority,enter senddate letter to competent authority,0,1,0.0,25.0,1.0,0.0,0.0,True,neutral
enter senddate letter to competent authority,OLO messaging active,0,1,0.0,25.0,1.0,0.0,0.0,True,neutral
enter senddate letter to competent authority,enter senddate acknowledgement,0,1,0.0,25.0,1.0,0.0,0.0,True,neutral
request updated plan again,contacting applicant,0,1,0.0,25.0,1.0,0.0,0.0,True,neutral
enter senddate letter to competent authority,register deadline,0,1,0.0,25.0,1.0,0.0,0.0,True,neutral
decision terminate on request,request complete,0,1,0.0,25.0,1.0,0.0,0.0,True,neutral
transcript decision environmental permit to stakeholders,create monitoring case,0,1,0.0,2.5,1.0,0.0,0.0,True,neutral
updated plan after perspective,term for submitting updated plan,0,2,0.0,28.6,1.0,0.0,0.0,True,neutral
article 33 applies,suspend term,0,1,0.0,25.0,1.0,0.0,0.0,True,neutral
process received advice,phase decision ready,0,1,0.0,25.0,1.0,0.0,0.0,False,impossible
decision extension procedure term irrevocable,terminate on request,0,1,0.0,25.0,1.0,0.0,0.0,True,neutral
creating decision suspension 35 WABO,treat subcase suspension art. 35 WABO,0,2,0.0,28.6,1.0,0.0,0.0,True,neutral
transcript decision environmental permit to stakeholders,phase application receptive,0,1,0.0,2.5,1.0,0.0,0.0,True,neutral
transcript decision environmental permit to stakeholders,creating environmental permit decision,0,1,0.0,2.5,1.0,0.0,0.0,True,neutral
transcript decision environmental permit to stakeholders,phase archived case,0,1,0.0,2.5,1.0,0.0,0.0,True,neutral
transcript decision environmental permit to stakeholders,subcases completed present decision,0,1,0.0,2.5,1.0,0.0,0.0,True,neutral
transcript decision environmental permit to stakeholders,register submission date request,0,1,0.0,2.5,1.0,0.0,0.0,True,neutral
transcript decision environmental permit to stakeholders,completed subcases content,0,1,0.0,2.5,1.0,0.0,0.0,True,neutral
decision terminate on request,registrer date of publishing received request,0,1,0.0,25.0,1.0,0.0,0.0,True,neutral
creating decision suspension 35 WABO,enter date decision suspension,0,2,0.0,28.6,1.0,0.0,0.0,False,impossible
initiative competent authority,enter date termination request received,0,3,0.0,30.0,1.0,0.0,0.0,True,neutral
message request advice,completed subcases content,0,1,0.0,25.0,1.0,0.0,0.0,True,neutral
message request advice,procedure change after completeness,0,1,0.0,25.0,1.0,0.0,0.0,True,neutral
detailed procedure applies,request complete,0,1,0.0,25.0,1.0,0.0,0.0,True,neutral
detailed procedure applies,enter senddate procedure confirmation,0,1,0.0,25.0,1.0,0.0,0.0,True,neutral
transcript decision environmental permit to stakeholders,subcases completeness completed,0,1,0.0,2.5,1.0,0.0,0.0,True,neutral
transcript decision environmental permit to stakeholders,treat subcases completeness,0,1,0.0,2.5,1.0,0.0,0.0,True,neutral
transcript decision environmental permit to stakeholders,phase application received,0,1,0.0,2.5,1.0,0.0,0.0,False,impossible
transcript decision environmental permit to stakeholders,enter senddate decision environmental permit,0,1,0.0,2.5,1.0,0.0,0.0,True,neutral
transcript decision environmental permit to stakeholders,enter date publication decision environmental permit,0,1,0.0,2.5,1.0,0.0,0.0,True,neutral
transcript decision environmental permit to stakeholders,close case,0,1,0.0,2.5,1.0,0.0,0.0,True,neutral
stop procedure after permanent suspension,inform BAG administrator,0,1,0.0,25.0,1.0,0.0,0.0,True,neutral
enter senddate acknowledgement,regular procedure without MER,0,4,0.0,7.3,0.949,-0.076,0.0,True,neutral
application submitted through OLO,send confirmation receipt,0,5,0.0,33.3,0.939,-0.09,0.0,True,neutral
phase additional information received,assessment of content completed,0,2,0.0,6.7,0.938,-0.092,0.0,True,neutral
phase additional information received,subcases completeness completed,0,2,0.0,6.7,0.938,-0.092,0.0,True,neutral
phase additional information received,terminate on request,0,2,0.0,6.7,0.938,-0.092,0.0,True,neutral
phase additional information received,procedure change,0,2,0.0,6.7,0.938,-0.092,0.0,False,impossible
phase additional information received,phase asked additional information,0,2,0.0,6.7,0.938,-0.092,0.0,True,neutral
phase additional information received,set decision phase: draft decision permitted sent,0,2,0.0,6.7,0.938,-0.092,0.0,False,impossible
partly permit application,phase decision ready,0,3,0.0,33.3,0.905,-0.144,0.0,False,impossible
enter senddate request termination,enter date termination request received,0,3,0.0,33.3,0.905,-0.144,0.0,True,neutral
treat subcases content,send decision suspension,0,3,0.0,3.5,0.905,-0.144,0.0,True,neutral
phase procedure term resumed,phase procedure term suspended,0,3,0.0,33.3,0.905,-0.144,0.0,False,impossible
phase procedure term resumed,date continuation term to decision,0,3,0.0,33.3,0.905,-0.144,0.0,False,impossible
treat subcases content,enter publication date draft decision,0,3,0.0,3.5,0.905,-0.144,0.0,True,neutral
final VVGB applications,hearing about draft,0,3,0.0,33.3,0.905,-0.144,0.0,True,neutral
submit decision,create cover letter extend procedure term,0,3,0.0,6.5,0.886,-0.175,0.0,True,neutral
treat subcase suspension art. 35 WABO,phase decision ready,0,2,0.0,33.3,0.867,-0.206,0.0,False,impossible
create suspension competent authority,phase procedure term suspended,0,2,0.0,33.3,0.867,-0.206,0.0,True,neutral
treat subcase suspension art. 35 WABO,by law,0,2,0.0,33.3,0.867,-0.206,0.0,True,neutral
register date decision terminate on request,registrer date of publishing received request,0,2,0.0,33.3,0.867,-0.206,0.0,True,neutral
objection to permanent suspension in system,send procedure resumption,0,2,0.0,33.3,0.867,-0.206,0.0,False,impossible
date for inspection MER,create subcases completeness,0,2,0.0,33.3,0.867,-0.206,0.0,False,impossible
perspective regarding draft founded,enter date publication decision environmental permit,0,4,0.0,36.4,0.852,-0.231,0.0,True,neutral
MER present,inform BAG administrator,0,6,0.0,37.5,0.846,-0.241,0.0,True,neutral
OLO messaging active,create subcases completeness,0,4,0.0,7.3,0.822,-0.282,0.0,True,neutral
OLO messaging active,send confirmation receipt,0,4,0.0,7.3,0.822,-0.282,0.0,True,neutral
enter date decision suspension,send decision suspension,0,3,0.0,37.5,0.81,-0.305,0.0,True,neutral
calculate final charges,create publication document,0,3,0.0,37.5,0.81,-0.305,0.0,True,neutral
set decision phase decision no permit required sent,create decision no permit required,0,3,0.0,37.5,0.81,-0.305,0.0,False,impossible
phase concept decision ready,phase decision ready,0,3,0.0,37.5,0.81,-0.305,0.0,True,neutral
application submitted through OLO,phase application received,0,6,0.0,40.0,0.795,-0.331,0.0,True,neutral
enter senddate letter no permit or only notification required,register deadline,0,6,0.0,40.0,0.795,-0.331,0.0,True,neutral
no permit required for application,MER present,0,1,0.0,33.3,0.778,-0.363,0.0,True,neutral
create letter requesting updated plan,phase advice known,0,1,0.0,33.3,0.778,-0.363,0.0,True,neutral
no permit required for application,send confirmation receipt,0,1,0.0,33.3,0.778,-0.363,0.0,False,impossible
create letter requesting updated plan,send confirmation receipt additional data,0,1,0.0,33.3,0.778,-0.363,0.0,False,impossible
set phase,generate publication document decision environmental permit,0,1,0.0,33.3,0.778,-0.363,0.0,True,neutral
set phase,generating decision environmental permit,0,1,0.0,33.3,0.778,-0.363,0.0,True,neutral
create letter requesting updated plan,term for submitting updated plan,0,1,0.0,33.3,0.778,-0.363,0.0,True,neutral
subcase final VVGB completed,creating environmental permit decision,0,1,0.0,33.3,0.778,-0.363,0.0,True,neutral
subcase final VVGB completed,entering senddate draft decision environmental permit,0,1,0.0,33.3,0.778,-0.363,0.0,True,neutral
no permit required for application,registrer date of publishing received request,0,1,0.0,33.3,0.778,-0.363,0.0,True,neutral
set phase,new decision or reassessment,0,1,0.0,33.3,0.778,-0.363,0.0,True,neutral
subcase final VVGB completed,register date environmental permit decision,0,1,0.0,33.3,0.778,-0.363,0.0,True,neutral
generate letter no permit required,set decision phase decision no permit required sent,0,1,0.0,33.3,0.778,-0.363,0.0,False,impossible
create letter only notification required,create procedure confirmation,0,1,0.0,33.3,0.778,-0.363,0.0,False,impossible
environmental permit irrevocable,date environmental permit irrevocable,0,1,0.0,33.3,0.778,-0.363,0.0,True,neutral
forward transcript to stakeholders,phase procedure aborted,0,1,0.0,33.3,0.778,-0.363,0.0,True,neutral
further information received,registration receipt further information,0,1,0.0,33.3,0.778,-0.363,0.0,True,neutral
generate letter no permit required,enter senddate procedure confirmation,0,1,0.0,33.3,0.778,-0.363,0.0,False,impossible
generate letter no permit required,generating decision no permit required,0,1,0.0,33.3,0.778,-0.363,0.0,False,impossible
treat subcases reassessment plan,subcases reassessment plan completed,0,1,0.0,33.3,0.778,-0.363,0.0,True,neutral
enter senddate decision no permit required,phase application receptive,0,1,0.0,33.3,0.778,-0.363,0.0,True,neutral
treat subcases reassessment plan,transcript decision environmental permit to stakeholders,0,1,0.0,33.3,0.778,-0.363,0.0,False,impossible
treat subcases reassessment plan,phase concept draft decision ready,0,1,0.0,33.3,0.778,-0.363,0.0,True,neutral
enter senddate decision no permit required,phase case handled,0,1,0.0,33.3,0.778,-0.363,0.0,False,impossible
enter senddate suspension by competent authority,enter senddate acknowledgement,0,4,0.0,40.0,0.778,-0.363,0.0,True,neutral
create forwarding copy,send send confirmation competent authority,0,1,0.0,33.3,0.778,-0.363,0.0,False,impossible
objection to permanent suspension accepted,objection to permanent suspension in system,0,1,0.0,33.3,0.778,-0.363,0.0,True,neutral
enter date request received,suspend term,0,1,0.0,33.3,0.778,-0.363,0.0,False,impossible
enter date request received,enter senddate suspension,0,1,0.0,33.3,0.778,-0.363,0.0,True,neutral
enter date request received,terminate on request,0,1,0.0,33.3,0.778,-0.363,0.0,True,neutral
send continuation letter,treat subcases content,0,1,0.0,33.3,0.778,-0.363,0.0,True,neutral
send continuation letter,subcases completeness completed,0,1,0.0,33.3,0.778,-0.363,0.0,True,neutral
send continuation letter,activities regular procedure,0,1,0.0,33.3,0.778,-0.363,0.0,True,neutral
registration receipt further information,procedure change,0,1,0.0,33.3,0.778,-0.363,0.0,True,neutral
registration receipt further information,send acknowledgement further information,0,1,0.0,33.3,0.778,-0.363,0.0,True,neutral
create subcases present decision,enrich decision,0,1,0.0,33.3,0.778,-0.363,0.0,True,neutral
enrich decision,send confirmation receipt additional data,0,1,0.0,33.3,0.778,-0.363,0.0,True,neutral
enrich decision,request complete,0,1,0.0,33.3,0.778,-0.363,0.0,False,impossible
registration receipt further information,article 34  WABO applies,0,1,0.0,33.3,0.778,-0.363,0.0,True,neutral
enter senddate procedure resumption,phase procedure resumed,0,1,0.0,33.3,0.778,-0.363,0.0,False,impossible
create subcases present decision,start decision phase decision permitting sent,0,1,0.0,33.3,0.778,-0.363,0.0,True,neutral
create subcases present decision,treat subcases present decision,0,1,0.0,33.3,0.778,-0.363,0.0,True,neutral
new decision or reassessment,set phase,0,1,0.0,33.3,0.778,-0.363,0.0,True,neutral
register receipt updated plan,treat subcases content,0,1,0.0,33.3,0.778,-0.363,0.0,True,neutral
register receipt updated plan,phase updated plan received,0,1,0.0,33.3,0.778,-0.363,0.0,True,neutral
WAW request permanently suspended,activities regular procedure,0,1,0.0,33.3,0.778,-0.363,0.0,True,neutral
article 35 applies,article 33 applies,0,1,0.0,33.3,0.778,-0.363,0.0,True,neutral
decided on draft decision environmental permit,request complete,0,1,0.0,33.3,0.778,-0.363,0.0,True,neutral
send message OLO status additions required,enter senddate retrieve missing data,0,1,0.0,33.3,0.778,-0.363,0.0,True,neutral
send message OLO status additions required,phase asked additional information,0,1,0.0,33.3,0.778,-0.363,0.0,True,neutral
send message OLO status additions required,receive additional information,0,1,0.0,33.3,0.778,-0.363,0.0,True,neutral
register receipt updated plan,updated plan received,0,1,0.0,33.3,0.778,-0.363,0.0,True,neutral
enrich draft decision environmental permit,phase draft decision made,0,4,0.0,40.0,0.778,-0.363,0.0,True,neutral
article 35 applies,by law,0,1,0.0,33.3,0.778,-0.363,0.0,True,neutral
enrich decision,treat subcases content,0,1,0.0,33.3,0.778,-0.363,0.0,False,impossible
article 35 applies,set decision phase suspension sent,0,1,0.0,33.3,0.778,-0.363,0.0,True,neutral
request to competent authority,phase procedure aborted,0,1,0.0,33.3,0.778,-0.363,0.0,True,neutral
enter senddate decision no permit required,set decision phase unlicensed irrevocable,0,1,0.0,33.3,0.778,-0.363,0.0,True,neutral
receive request extension,date continuation term to decision,0,1,0.0,33.3,0.778,-0.363,0.0,False,impossible
enter senddate acknowledgement,treat subcases completeness,0,5,0.0,9.1,0.776,-0.365,0.0,True,neutral
creating decision suspension art. 33 WABO,submit decision,0,1,0.0,7.1,0.744,-0.427,0.0,False,impossible
creating decision suspension art. 33 WABO,generating decision environmental permit,0,1,0.0,7.1,0.744,-0.427,0.0,True,neutral
creating decision suspension art. 33 WABO,phase decision suspended,0,1,0.0,7.1,0.744,-0.427,0.0,True,neutral
creating decision suspension art. 33 WABO,phase application receptive,0,1,0.0,7.1,0.744,-0.427,0.0,True,neutral
creating decision suspension art. 33 WABO,set decision phase decision permitting decided,0,1,0.0,7.1,0.744,-0.427,0.0,False,impossible
set decision phase suspension sent,create procedure confirmation,0,3,0.0,9.1,0.736,-0.442,0.0,True,neutral
phase only notification required,enter senddate letter no permit or only notification required,0,2,0.0,40.0,0.733,-0.447,0.0,True,neutral
send message OLO-status in progress,treat subcases content,0,2,0.0,40.0,0.733,-0.447,0.0,True,neutral
MER required,OLO messaging active,0,2,0.0,40.0,0.733,-0.447,0.0,False,impossible
phase activity no permit required,creating cover letter no permit required,0,2,0.0,40.0,0.733,-0.447,0.0,True,neutral
first or second phase,enter senddate acknowledgement,0,2,0.0,40.0,0.733,-0.447,0.0,True,neutral
enter senddate continuation,subcases completeness completed,0,2,0.0,40.0,0.733,-0.447,0.0,True,neutral
phase objection filed,more objections,0,2,0.0,40.0,0.733,-0.447,0.0,False,impossible
send message OLO-status in progress,phase application receptive,0,2,0.0,40.0,0.733,-0.447,0.0,True,neutral
resume decision term,phase objection filed,0,2,0.0,40.0,0.733,-0.447,0.0,True,neutral
MER required,activities regular procedure,0,2,0.0,40.0,0.733,-0.447,0.0,True,neutral
phase objection filed,send procedure resumption,0,2,0.0,40.0,0.733,-0.447,0.0,True,neutral
stop process after terminate on request,phase procedure aborted,0,2,0.0,40.0,0.733,-0.447,0.0,True,neutral
stop process after terminate on request,request complete,0,2,0.0,40.0,0.733,-0.447,0.0,True,neutral
subcase art. 35 WABO completed,creating decision suspension art. 33 WABO,0,2,0.0,40.0,0.733,-0.447,0.0,False,impossible
create monitoring case oversight,phase decision irrevocable,0,2,0.0,40.0,0.733,-0.447,0.0,True,neutral
create letter no permit or only notification required,phase only notification required,0,3,0.0,42.9,0.714,-0.485,0.0,False,impossible
treat subcases content,enter date publication decision environmental permit,0,4,0.0,4.7,0.704,-0.507,0.0,True,neutral
start decisionphase draft decision - permitting decided,entering senddate draft decision environmental permit,0,2,0.0,9.1,0.692,-0.531,0.0,True,neutral
start decisionphase draft decision - permitting decided,create draft environtmental permit,0,2,0.0,9.1,0.692,-0.531,0.0,True,neutral
start decisionphase draft decision - permitting decided,enter date draft decisionenvironmental permit,0,2,0.0,9.1,0.692,-0.531,0.0,True,neutral
OLO messaging active,regular procedure without MER,0,5,0.0,9.1,0.673,-0.572,0.0,True,neutral
OLO messaging active,application submitted through OLO,0,5,0.0,9.1,0.673,-0.572,0.0,True,neutral
OLO messaging active,phased application,0,5,0.0,9.1,0.673,-0.572,0.0,True,neutral
creating cover letter decision,appeal logded,0,2,0.0,9.5,0.662,-0.596,0.0,True,neutral
creating cover letter decision,enter senddate decision environmental permit,0,2,0.0,9.5,0.662,-0.596,0.0,True,neutral
objection to permanent suspension in system,resume decision term,0,3,0.0,50.0,0.619,-0.692,0.0,True,neutral
date for inspection MER,register submission date request,0,3,0.0,50.0,0.619,-0.692,0.0,True,neutral
create suspension competent authority,suspend term,0,3,0.0,50.0,0.619,-0.692,0.0,True,neutral
transcript decision environmental permit to stakeholders,set decision phase decision permitting decided,0,2,0.0,5.0,0.6,-0.737,0.0,True,neutral
transcript decision environmental permit to stakeholders,phase decision sent,0,2,0.0,5.0,0.6,-0.737,0.0,True,neutral
transcript decision environmental permit to stakeholders,phase concept draft decision ready,0,2,0.0,5.0,0.6,-0.737,0.0,True,neutral
message request advice,assessment of content completed,0,2,0.0,50.0,0.6,-0.737,0.0,True,neutral
transcript decision environmental permit to stakeholders,date decision for inspection,0,2,0.0,5.0,0.6,-0.737,0.0,True,neutral
decision terminate on request,extend procedure term,0,2,0.0,50.0,0.6,-0.737,0.0,True,neutral
transcript decision environmental permit to stakeholders,set decision status,0,2,0.0,5.0,0.6,-0.737,0.0,True,neutral
transcript decision environmental permit to stakeholders,set decision phase inspection of decision permitting,0,2,0.0,5.0,0.6,-0.737,0.0,False,impossible
detailed procedure applies,enter date termination request received,0,2,0.0,50.0,0.6,-0.737,0.0,True,neutral
transcript decision environmental permit to stakeholders,register deadline,0,2,0.0,5.0,0.6,-0.737,0.0,True,neutral
article 33 applies,phase decision suspended,0,2,0.0,50.0,0.6,-0.737,0.0,True,neutral
stop suspended completeness subcases,request complete,0,2,0.0,50.0,0.6,-0.737,0.0,True,neutral
decision extension procedure term irrevocable,MER present in supplement,0,2,0.0,50.0,0.6,-0.737,0.0,True,neutral
send procedure resumption,start phase drop permanent suspension,0,2,0.0,50.0,0.6,-0.737,0.0,True,neutral
send procedure resumption,subcase permanent suspension completed,0,2,0.0,50.0,0.6,-0.737,0.0,False,impossible
transcript decision environmental permit to stakeholders,set phase decision revoked,0,2,0.0,5.0,0.6,-0.737,0.0,True,neutral
transcript decision environmental permit to stakeholders,stop all running subcases 2b,0,2,0.0,5.0,0.6,-0.737,0.0,True,neutral
set decision phase suspension sent,create publication document,0,4,0.0,12.1,0.573,-0.804,0.0,True,neutral
send send confirmation competent authority,request to competent authority,0,1,0.0,50.0,0.556,-0.848,0.0,True,neutral
enter senddate information request,enter senddate retrieve missing data,0,1,0.0,50.0,0.556,-0.848,0.0,True,neutral
updated plan after review,ask stakeholders views,0,1,0.0,50.0,0.556,-0.848,0.0,True,neutral
updated plan after review,start decision phase extension granted,0,1,0.0,50.0,0.556,-0.848,0.0,True,neutral
send send confirmation competent authority,message change competent authority,0,1,0.0,50.0,0.556,-0.848,0.0,True,neutral
determine cause for suspension article 34 WABO,phase advice known,0,1,0.0,50.0,0.556,-0.848,0.0,True,neutral
determine cause for suspension article 34 WABO,assessment of content completed,0,1,0.0,50.0,0.556,-0.848,0.0,True,neutral
subcases completed present decision,enrich decision,0,1,0.0,50.0,0.556,-0.848,0.0,True,neutral
subcases completed present decision,creating environmental permit decision,0,1,0.0,50.0,0.556,-0.848,0.0,False,impossible
multiple components selected,request complete,0,1,0.0,50.0,0.556,-0.848,0.0,True,neutral
enter senddate information request,enter receipt of additional data,0,1,0.0,50.0,0.556,-0.848,0.0,True,neutral
phase forwarded to competent authority,phase archived case,0,1,0.0,50.0,0.556,-0.848,0.0,False,impossible
phase forwarded to competent authority,register deadline,0,1,0.0,50.0,0.556,-0.848,0.0,True,neutral
multiple components selected,activities regular procedure,0,1,0.0,50.0,0.556,-0.848,0.0,True,neutral
creating decision suspension art. 34 WABO,treat subcase suspension art. 33 WABO,0,1,0.0,50.0,0.556,-0.848,0.0,True,neutral
creating decision suspension art. 34 WABO,creating decision suspension 35 WABO,0,1,0.0,50.0,0.556,-0.848,0.0,True,neutral
partly permit,extend procedure term,0,1,0.0,50.0,0.556,-0.848,0.0,True,neutral
treat subcases present decision,register objection and appeal periods,0,1,0.0,50.0,0.556,-0.848,0.0,False,impossible
treat subcases present decision,enrich decision,0,1,0.0,50.0,0.556,-0.848,0.0,False,impossible
subcase permanent suspension completed,phase procedure resumed,0,1,0.0,50.0,0.556,-0.848,0.0,True,neutral
subcase permanent suspension completed,cancel BAG objects research,0,1,0.0,50.0,0.556,-0.848,0.0,True,neutral
create decision terminate on request,extend procedure term,0,1,0.0,50.0,0.556,-0.848,0.0,True,neutral
create decision terminate on request,decision terminate on request,0,1,0.0,50.0,0.556,-0.848,0.0,True,neutral
partly permit,ask stakeholders views,0,1,0.0,50.0,0.556,-0.848,0.0,True,neutral
phase only notification required,create letter only notification required,0,3,0.0,60.0,0.524,-0.933,0.0,True,neutral
resume decision term,objection to permanent suspension in system,0,3,0.0,60.0,0.524,-0.933,0.0,False,impossible
start decisionphase draft decision - permitting decided,application submitted through OLO,0,3,0.0,13.6,0.495,-1.016,0.0,True,learned_avoid
enter objectionterm,activities regular procedure,0,4,0.0,66.7,0.481,-1.054,0.0,True,learned_avoid
set decision phase unlicensed irrevocable,register deadline,0,4,0.0,66.7,0.481,-1.054,0.0,True,learned_avoid
forward transcript to stakeholders,enter senddate letter to stakeholders,0,2,0.0,66.7,0.467,-1.1,0.0,True,learned_avoid
new decision or reassessment,appeal logded,0,2,0.0,66.7,0.467,-1.1,0.0,False,impossible
create letter only notification required,create letter no permit or only notification required,0,2,0.0,66.7,0.467,-1.1,0.0,True,learned_avoid
create forwarding copy,enter senddate letter to stakeholders,0,2,0.0,66.7,0.467,-1.1,0.0,True,learned_avoid
WAW request permanently suspended,procedure change,0,2,0.0,66.7,0.467,-1.1,0.0,True,learned_avoid
decided on draft decision environmental permit,enrich draft decision,0,2,0.0,66.7,0.467,-1.1,0.0,True,learned_avoid
request to competent authority,create forwarding copy,0,2,0.0,66.7,0.467,-1.1,0.0,True,learned_avoid
objection to permanent suspension accepted,resume decision term,0,2,0.0,66.7,0.467,-1.1,0.0,False,impossible
receive request extension,procedure change,0,2,0.0,66.7,0.467,-1.1,0.0,False,impossible
enter senddate procedure resumption,send letter in progress,0,2,0.0,66.7,0.467,-1.1,0.0,False,impossible
environmental permit irrevocable,grounds for refusal,0,2,0.0,66.7,0.467,-1.1,0.0,False,impossible
further information received,request further information,0,2,0.0,66.7,0.467,-1.1,0.0,True,learned_avoid
creating decision suspension art. 33 WABO,treat subcases content,0,2,0.0,14.3,0.446,-1.164,0.0,True,learned_avoid
creating decision suspension art. 33 WABO,assessment of content completed,0,2,0.0,14.3,0.446,-1.164,0.0,True,learned_avoid
creating decision suspension art. 33 WABO,treat subcases completeness,0,2,0.0,14.3,0.446,-1.164,0.0,False,impossible
transcript decision environmental permit to stakeholders,subcase perspective complete,0,3,0.0,7.5,0.429,-1.222,0.0,True,learned_avoid
process received advice,treat subcases content,0,3,0.0,75.0,0.429,-1.222,0.0,False,impossible
request updated plan again,term for submitting updated plan,0,3,0.0,75.0,0.429,-1.222,0.0,True,learned_avoid
transcript decision environmental permit to stakeholders,message change status,0,3,0.0,7.5,0.429,-1.222,0.0,False,impossible
transcript decision environmental permit to stakeholders,phase draft decision ready,0,3,0.0,7.5,0.429,-1.222,0.0,True,learned_avoid
OLO messaging active,start WABOprocedure,0,9,0.0,16.4,0.389,-1.36,0.0,True,learned_avoid
treating subcase designation GS,enter senddate decision,0,1,0.0,100.0,0.333,-1.585,0.0,False,impossible
subcase WAW completed,treat subcases completeness,0,1,0.0,100.0,0.333,-1.585,0.0,True,learned_avoid
start phase drop permanent suspension,enter senddate procedure resumption,0,2,0.0,100.0,0.333,-1.585,0.0,True,learned_avoid
date environmental permit irrevocable,grounds for refusal,0,1,0.0,100.0,0.333,-1.585,0.0,True,learned_avoid
change authorized,set decision phase decision permitting decided,0,1,0.0,100.0,0.333,-1.585,0.0,False,impossible
term perspective on draft decision,publish official draft decision,0,1,0.0,100.0,0.333,-1.585,0.0,True,learned_avoid
appeal and preliminary injunction in system,appeal logded,0,1,0.0,100.0,0.333,-1.585,0.0,True,learned_avoid
send confirmation suspension,enter date request received,0,2,0.0,100.0,0.333,-1.585,0.0,False,impossible
mutation BAG carry objects,close case,0,1,0.0,100.0,0.333,-1.585,0.0,True,learned_avoid
set decision phase: draft decision permitting,set decision phase: draft decision for inspection,0,1,0.0,100.0,0.333,-1.585,0.0,True,learned_avoid
create subcases submit draft decision,enrich draft decision,0,3,0.0,100.0,0.333,-1.585,0.0,True,learned_avoid
treat subcase suspension art. 34 WABO,subcase art. 35 WABO completed,0,1,0.0,100.0,0.333,-1.585,0.0,True,learned_avoid
enter senddate suspension,enter date termination request received,0,1,0.0,100.0,0.333,-1.585,0.0,True,learned_avoid
send acknowledgement further information,request further information,0,1,0.0,100.0,0.333,-1.585,0.0,False,impossible
treat subcase permanent suspension,register deadline,0,2,0.0,100.0,0.333,-1.585,0.0,True,learned_avoid
treat subcase WAW,treat subcases content,0,1,0.0,100.0,0.333,-1.585,0.0,True,learned_avoid
subcases reassessment plan completed,treat subcases reassessment plan,0,1,0.0,100.0,0.333,-1.585,0.0,False,impossible
contacting applicant,partly permit application,0,1,0.0,100.0,0.333,-1.585,0.0,True,learned_avoid
extension not allowed,phase concept draft decision ready,0,3,0.0,100.0,0.333,-1.585,0.0,True,learned_avoid
phase further information received,create draft environtmental permit,0,1,0.0,100.0,0.333,-1.585,0.0,True,learned_avoid
enter enddate suspension art. 35 WABO,enter enddate suspension art. 33 WABO,0,1,0.0,100.0,0.333,-1.585,0.0,True,learned_avoid
enter suspension term applicant,treat subcases completeness,0,1,0.0,100.0,0.333,-1.585,0.0,True,learned_avoid
first phase affected,date for inspection MER,0,1,0.0,100.0,0.333,-1.585,0.0,False,impossible
request advice through OLO,procedure change,0,1,0.0,100.0,0.333,-1.585,0.0,True,learned_avoid
set decision phase decision permitting published,objection lodged against decision,0,2,0.0,100.0,0.333,-1.585,0.0,True,learned_avoid
send letter receptive test not ok wait for report firedepartement,receive additional information,0,1,0.0,100.0,0.333,-1.585,0.0,True,learned_avoid
send message OLO status decision,enter senddate decision,0,2,0.0,100.0,0.333,-1.585,0.0,False,impossible
relate objections,environmental permit decision suspended,0,2,0.0,100.0,0.333,-1.585,0.0,False,impossible
more objections,relate objections,0,2,0.0,100.0,0.333,-1.585,0.0,False,impossible
message change competent authority,request to competent authority,0,1,0.0,100.0,0.333,-1.585,0.0,True,learned_avoid
cancel BAG objects research,mutation BAG carry objects,0,1,0.0,100.0,0.333,-1.585,0.0,True,learned_avoid
creating decision suspension art. 33 WABO,phase advice known,0,3,0.0,21.4,0.319,-1.65,0.0,True,learned_avoid
register submission date request,set decision phase suspension decided,0,2,0.0,0.6,0.219,-2.192,0.0,True,learned_avoid
register submission date request,enter senddate letter to competent authority,0,2,0.0,0.6,0.219,-2.192,0.0,True,learned_avoid
register submission date request,publish,0,2,0.0,0.6,0.219,-2.192,0.0,True,learned_avoid
register submission date request,term for supplying missing data,0,3,0.0,1.0,0.156,-2.677,0.0,False,impossible
register submission date request,subcases completeness completed,0,3,0.0,1.0,0.156,-2.677,0.0,True,learned_avoid
register submission date request,phase application received,0,3,0.0,1.0,0.156,-2.677,0.0,True,learned_avoid
register submission date request,MER required,0,3,0.0,1.0,0.156,-2.677,0.0,False,impossible
register submission date request,date draft decision for inspection,0,3,0.0,1.0,0.156,-2.677,0.0,True,learned_avoid
register submission date request,creating environmental permit decision,0,3,0.0,1.0,0.156,-2.677,0.0,True,learned_avoid
register submission date request,enter senddate procedure confirmation,0,3,0.0,1.0,0.156,-2.677,0.0,True,learned_avoid
register submission date request,enter receipt of additional data,0,3,0.0,1.0,0.156,-2.677,0.0,True,learned_avoid
register submission date request,set decision phase decision permitting decided,0,3,0.0,1.0,0.156,-2.677,0.0,True,learned_avoid
register submission date request,send letter in progress,0,3,0.0,1.0,0.156,-2.677,0.0,False,impossible
register submission date request,no permit needed or only notification needed,0,3,0.0,1.0,0.156,-2.677,0.0,True,learned_avoid
register submission date request,start WABOprocedure,0,3,0.0,1.0,0.156,-2.677,0.0,True,learned_avoid
register submission date request,read field phased application,0,3,0.0,1.0,0.156,-2.677,0.0,True,learned_avoid
register submission date request,register date environmental permit decision,0,3,0.0,1.0,0.156,-2.677,0.0,True,learned_avoid
register submission date request,phase decision taken,0,3,0.0,1.0,0.156,-2.677,0.0,False,impossible
register submission date request,start decision phase decision permitting sent,0,3,0.0,1.0,0.156,-2.677,0.0,True,learned_avoid
register submission date request,entering senddate draft decision environmental permit,0,4,0.0,1.3,0.122,-3.04,0.0,True,learned_avoid
register submission date request,registrer date of publishing received request,0,4,0.0,1.3,0.122,-3.04,0.0,True,learned_avoid
register submission date request,create subcases completeness,0,4,0.0,1.3,0.122,-3.04,0.0,True,learned_avoid
register submission date request,cancel case,0,4,0.0,1.3,0.122,-3.04,0.0,True,learned_avoid
register submission date request,send confirmation receipt,0,4,0.0,1.3,0.122,-3.04,0.0,True,learned_avoid
register submission date request,inform BAG administrator,0,4,0.0,1.3,0.122,-3.04,0.0,False,impossible
register submission date request,phase application receptive,0,4,0.0,1.3,0.122,-3.04,0.0,True,learned_avoid
register submission date request,phase case handled,0,4,0.0,1.3,0.122,-3.04,0.0,True,learned_avoid
register submission date request,enter senddate confirmation request,0,4,0.0,1.3,0.122,-3.04,0.0,True,learned_avoid
register submission date request,enter senddate decision environmental permit,0,5,0.0,1.6,0.1,-3.329,0.0,True,learned_avoid
register submission date request,set decision phase suspension sent,0,5,0.0,1.6,0.1,-3.329,0.0,True,learned_avoid
register submission date request,enter senddate suspension by competent authority,0,5,0.0,1.6,0.1,-3.329,0.0,True,learned_avoid
register submission date request,forward to the competent authority,0,5,0.0,1.6,0.1,-3.329,0.0,True,learned_avoid
register submission date request,enter senddate decision suspension,0,5,0.0,1.6,0.1,-3.329,0.0,True,learned_avoid
register submission date request,create procedure confirmation,0,5,0.0,1.6,0.1,-3.329,0.0,True,learned_avoid
register submission date request,enter date termination request received,0,5,0.0,1.6,0.1,-3.329,0.0,True,learned_avoid
register submission date request,registration date publication,0,5,0.0,1.6,0.1,-3.329,0.0,True,learned_avoid
register submission date request,generating decision environmental permit,0,6,0.0,1.9,0.084,-3.57,0.0,True,learned_avoid
register submission date request,completed subcases content,0,6,0.0,1.9,0.084,-3.57,0.0,True,learned_avoid
register submission date request,calculate provisional charges,0,6,0.0,1.9,0.084,-3.57,0.0,True,learned_avoid
register submission date request,enter senddate letter no permit or only notification required,0,6,0.0,1.9,0.084,-3.57,0.0,True,learned_avoid
register submission date request,enter senddate retrieve missing data,0,6,0.0,1.9,0.084,-3.57,0.0,True,learned_avoid
register submission date request,enter senddate updated plan,0,6,0.0,1.9,0.084,-3.57,0.0,True,learned_avoid
register submission date request,send procedure confirmation,0,7,0.0,2.2,0.073,-3.777,0.0,True,learned_avoid
register submission date request,request complete,0,7,0.0,2.2,0.073,-3.777,0.0,True,learned_avoid
register submission date request,applicant is stakeholder,0,7,0.0,2.2,0.073,-3.777,0.0,True,learned_avoid
register submission date request,enter senddate acknowledgement,0,7,0.0,2.2,0.073,-3.777,0.0,True,learned_avoid
register submission date request,enter date draft decisionenvironmental permit,0,7,0.0,2.2,0.073,-3.777,0.0,True,learned_avoid
register submission date request,phase asked additional information,0,7,0.0,2.2,0.073,-3.777,0.0,True,learned_avoid
register submission date request,record date of decision environmental permit,0,7,0.0,2.2,0.073,-3.777,0.0,True,learned_avoid
register submission date request,OLO messaging active,0,7,0.0,2.2,0.073,-3.777,0.0,True,learned_avoid
register submission date request,application submitted through OLO,0,7,0.0,2.2,0.073,-3.777,0.0,True,learned_avoid
register submission date request,enter senddate decision procedure term extension,0,8,0.0,2.6,0.064,-3.957,0.0,True,learned_avoid
register submission date request,MER present,0,8,0.0,2.6,0.064,-3.957,0.0,False,impossible
register submission date request,regular procedure without MER,0,9,0.0,2.9,0.058,-4.118,0.0,True,learned_avoid
register submission date request,procedure change,0,9,0.0,2.9,0.058,-4.118,0.0,True,learned_avoid
register submission date request,create publication document,0,10,0.0,3.2,0.052,-4.262,0.0,True,learned_avoid
register submission date request,set decision phase: draft decision permitted sent,0,10,0.0,3.2,0.052,-4.262,0.0,True,learned_avoid
register submission date request,decision date prior to decision,0,11,0.0,3.5,0.048,-4.393,0.0,True,learned_avoid
register submission date request,set decision status,0,13,0.0,4.2,0.041,-4.625,0.0,True,learned_avoid
