rollout/ep_rew_mean,rollout/ep_len_mean,time/iterations,time/time_elapsed,time/fps,time/total_timesteps,train/clip_fraction,train/policy_gradient_loss,train/clip_range,train/explained_variance,train/entropy_loss,train/loss,train/learning_rate,train/n_updates,train/approx_kl,train/value_loss
1,5990.0,1003.664192,176,10240,58,,,,,,,,,,,,,,,,,,,,,,,,,,
1030.367154,5899.0,1,199,51,10240,,,,,,,,,,,,,,,,,,,,
2,5939.0,1018.6654566666666,381,20480,53,-0.005688439611112699,10,-0.06489109992980957,1.1964971804618836,0.00732764,0.051328125,0.44341251254081726,-0.8718115283548832,0.2,0.003,5989.6,1022.2269618,621,30720,49,-0.00594229732232634,20,0.08064663410186768,1.6933777652680875,0.0074361763,0.06119140625,0.6011989712715149,-0.8588546165823936,0.2,0.00029939999999999996
4,6036.5,1017.7908421666667,818,40960,50,-0.0034711941902060063,30,0.04149669408798218,1.6271502858400344,0.0059769023,0.041689453125,0.8296451568603516,-0.8642849338054657,0.2,0.00029909999999999995
5,6075.75,1015.311418125,1048,51200,48,-0.004703031540848315,40,0.24243974685668945,1.5216735367476941,0.0069118934,0.054970703125,0.6425459980964661,-0.861559254527092,0.2,0.0002988
6,6072.4,1013.4660379000001,2275,61440,26,-0.0044783405266935,50,0.10821068286895752,1.8179684780538081,0.0072473027,0.054345703125,0.9116832613945007,-0.815579911917448,0.2,0.0002985
7,6051.181818181818,1014.1406201818182,2420,71680,29,-0.004805029407143593,60,0.3897792100906372,2.0224832010269167,0.006772998,0.0588671875,1.2328882217407227,-0.8474817438423634,0.2,0.0002982
8,6032.307692307692,1016.0897981538462,2585,81920,31,-0.005621459694229998,70,0.044355154037475586,1.9952226175367833,0.0075634615,0.06853515625,0.7687332630157471,-0.79775724619627,0.2,0.0002979
9,6027.4,1016.0007205333335,2758,92160,33,-0.0033100454206578434,80,0.13225048780441284,2.6337814471125602,0.0067637293,0.052861328125,1.475441336631775,-0.8370530600845814,0.2,0.00029759999999999997
10,6027.3125,1015.581582,2911,102400,35,-0.004301228882977739,90,0.3093379735946655,2.9911038398742678,0.006748572,0.067802734375,1.6178193092346191,-0.8056767921149731,0.2,0.00029729999999999996
11,6029.388888888889,1015.6776130000001,3994,112640,28,-0.005012213929439895,100,0.38024652004241943,2.3173569533228875,0.0067355707,0.075869140625,0.8768370747566223,-0.7712169224023819,0.2,0.00029699999999999996
12,6012.35,1017.4002833500001,4165,122880,29,-0.005072752269916237,110,0.054549574851989746,3.5376636973023414,0.007461724,0.076552734375,2.193819999694824,-0.7593682269752026,0.2,0.00029669999999999995
13,6002.681818181818,1018.1913286818182,4348,133120,30,-0.005465393534686882,120,0.07106608152389526,3.8996215400099756,0.0076623634,0.0818359375,0.6917181611061096,-0.807010747641325,0.2,0.0002964
14,5994.434782608696,1018.5393888695653,4504,143360,31,-0.0041783842723816635,130,0.107272207736969,4.317959897518158,0.00675507,0.06984375,2.8774280548095703,-0.7887767666578293,0.2,0.0002961
15,6000.92,1018.92629928,4670,153600,32,-0.004436756161740049,140,0.13819849491119385,3.175040678679943,0.0077447193,0.078056640625,0.679617702960968,-0.8279750041663647,0.2,0.0002958
16,5992.148148148148,1018.9991237407406,5763,163840,28,-0.004377747543039732,150,0.015617966651916504,4.756190746426582,0.0076480187,0.072490234375,0.6540868878364563,-0.7682647773623467,0.2,0.00029549999999999997
17,5987.137931034483,1019.6182183448275,5939,174080,29,-0.0040005304879741745,160,0.08998918533325195,5.39487729460001,0.0067862337,0.0726171875,2.4268620014190674,-0.7938224160671234,0.2,0.00029519999999999997
18,5990.066666666667,1019.9173377,6092,184320,30,-0.004300310587859712,170,0.011202812194824219,5.651882503330707,0.008147655,0.071845703125,0.7881573438644409,-0.7887939941883088,0.2,0.00029489999999999996
19,5993.75,1019.7416040312501,6265,194560,31,-0.0042792582637048325,180,0.04583519697189331,3.7870068383216857,0.007344241,0.070224609375,0.7218869924545288,-0.7897460447251796,0.2,0.00029459999999999995
20,6002.411764705882,1019.6609734705883,6441,204800,31,-0.005333295062882826,190,0.09649229049682617,6.0375763002038,0.0075816237,0.081611328125,0.9252831935882568,-0.7539277920126914,0.2,0.00029429999999999994
21,5996.342857142857,1019.8230702000001,7513,215040,28,-0.003988430182216689,200,0.054671525955200195,6.7766567292809485,0.008412539,0.073427734375,3.749814033508301,-0.7802170602977276,0.2,0.000294
22,5996.621621621622,1019.5069454054053,7684,225280,29,-0.002791262993996497,210,0.13724976778030396,4.610482312142849,0.005757901,0.064501953125,4.055408000946045,-0.783167299926281,0.2,0.0002937
23,5999.692307692308,1020.0686587692308,7865,235520,29,-0.0038418710269615985,220,0.03555530309677124,7.8757086929678914,0.0070756795,0.07416015625,3.7850263118743896,-0.7554494981467724,0.2,0.0002934
24,6000.85,1020.147531975,8025,245760,30,-0.00311254876491148,230,0.00821596384048462,8.473056406080723,0.0066062273,0.062392578125,2.6222848892211914,-0.751277601569891,0.2,0.00029309999999999997
25,6002.738095238095,1020.5121522857143,8202,256000,31,-0.002057384860527236,240,0.03719300031661987,4.957773581743241,0.0070669563,0.073671875,1.4534687995910645,-0.7379291804134845,0.2,0.00029279999999999996
26,6005.909090909091,1020.4179435681818,9329,266240,28,-0.00361567095911596,250,0.0076389312744140625,9.242633188664913,0.0076142238,0.07802734375,2.2910759449005127,-0.7375124597549438,0.2,0.00029249999999999995
27,6008.869565217391,1019.8463539347827,9509,276480,29,-0.005066611203947104,260,0.02702111005783081,9.51138640165329,0.008963451,0.0952734375,0.5480746626853943,-0.7198236283659935,0.2,0.00029219999999999995
28,6006.851063829788,1019.8534567234042,9655,286720,29,-0.0034364310526871123,270,0.04709380865097046,9.61091288536787,0.0075869584,0.070654296875,1.9637768268585205,-0.6898028062283993,0.2,0.0002919
29,6012.163265306122,1019.9515703265307,9826,296960,30,-0.0024103486639796756,280,0.036146700382232666,5.818566620945931,0.0063983365,0.060439453125,0.6576352715492249,-0.7092728039622307,0.2,0.0002916
30,6017.176470588235,1019.7376514509805,10004,307200,30,-0.00416615197842475,290,0.0027804970741271973,11.142336297333241,0.007915331,0.103857421875,5.796444892883301,-0.6942420651018619,0.2,0.0002913
31,6018.096153846154,1019.7052454423077,11042,317440,28,-0.004876482299587224,300,0.01684558391571045,11.340687975138426,0.010027217,0.104619140625,14.961934089660645,-0.6588364051282406,0.2,0.00029099999999999997
32,6021.574074074074,1019.5652764074074,11215,327680,29,-0.0021424041606951504,310,0.0673331618309021,6.303223103433847,0.005258384,0.05771484375,7.727485179901123,-0.6591614793241024,0.2,0.00029069999999999996
33,6021.178571428572,1019.4781766071428,11392,337920,29,-0.0030692281023948454,320,0.011115312576293945,12.395433944761754,0.008453365,0.071630859375,5.922418117523193,-0.6389187283813953,0.2,0.00029039999999999996
34,6019.2807017543855,1019.4644115263158,11538,348160,30,-0.0026659872898017055,330,0.031144678592681885,12.912397939264775,0.007018143,0.071455078125,1.8464162349700928,-0.625052892267704,0.2,0.00029009999999999995
35,6023.406779661017,1019.2285153898305,11709,358400,30,-0.003200794450531248,340,0.034895896911621094,7.253712365031243,0.008223842,0.083271484375,16.311702728271484,-0.6210368171334266,0.2,0.00028979999999999994
36,6022.0327868852455,1019.4030347049179,12778,368640,28,-0.0026431936406879687,350,0.03008592128753662,13.752956629991532,0.00620121,0.050419921875,7.532655239105225,-0.6213776659965515,0.2,0.0002895
37,6025.209677419355,1019.3319188064515,12911,378880,29,-0.0035053438556496984,360,0.00981813669204712,14.451384792029858,0.007771035,0.092158203125,2.8979713916778564,-0.6532207292318344,0.2,0.0002892
38,6023.609375,1019.526741875,13069,389120,29,-0.0023916918921167963,370,0.171625554561615,8.239227378368378,0.0073658777,0.07189453125,0.6608022451400757,-0.6648232200741768,0.2,0.0002889
39,6024.19696969697,1019.5697622424242,13226,399360,30,-0.0027227885875618085,380,0.005868315696716309,15.186415020525455,0.009838933,0.08568359375,3.019381284713745,-0.649008238017559,0.2,0.00028859999999999997
40,6024.373134328358,1019.6371386567163,13368,409600,30,-0.0022566819834173657,390,0.008047282695770264,15.935121738314628,0.0076759635,0.07103515625,2.4056355953216553,-0.6708574688434601,0.2,0.00028829999999999996
41,6023.014492753623,1019.7268356811593,14302,419840,29,-0.0022839265705260916,400,0.01819753646850586,8.848041465431452,0.006819314,0.0766015625,19.342994689941406,-0.6546821440756321,0.2,0.00028799999999999995
42,6022.605633802817,1019.7727740140843,14451,430080,29,-0.0025070356723153964,410,0.011324942111968994,16.483563597649336,0.008306736,0.069599609375,1.9367282390594482,-0.6825579230487346,0.2,0.00028769999999999995
43,6022.13698630137,1019.8064213287672,14604,440320,30,-0.004069718476675917,420,0.0121842622756958,16.941702494323252,0.008544521,0.083955078125,2.2308032512664795,-0.6605556961894036,0.2,0.00028739999999999994
44,6022.22972972973,1019.9427630675676,14730,450560,30,-0.002824732454610057,430,0.0026540160179138184,17.503423729538916,0.007185371,0.0811328125,4.733842372894287,-0.6595029327273368,0.2,0.0002871
45,6019.815789473684,1020.040399736842,14877,460800,30,-0.0028515288284688724,440,0.00896233320236206,9.486796056479216,0.005892246,0.0640625,2.408973455429077,-0.6644041140377521,0.2,0.0002868
46,6017.5,1019.9952502948715,15846,471040,29,-0.003236764999164734,450,0.010017335414886475,18.25222416430712,0.007557839,0.07818359375,7.580478668212891,-0.7058621090650559,0.2,0.00028649999999999997
47,6016.0,1020.1329179375,16018,481280,30,-0.002991781403252389,460,0.10604757070541382,19.126140564084054,0.0060816584,0.05603515625,0.8884513974189758,-0.7207102264463902,0.2,0.00028619999999999996
48,6015.83950617284,1020.2973686419753,16156,491520,30,-0.0032372758304700256,470,0.01883256435394287,19.47923307865858,0.0072965994,0.0893359375,5.413411617279053,-0.6880403597652912,0.2,0.00028589999999999996
49,6012.8674698795185,1020.5043719759036,16321,501760,30,-0.0032958919563679957,480,-0.0017992258071899414,10.387890526801348,0.0062390575,0.07513671875,11.534747123718262,-0.6975481642782688,0.2,0.00028559999999999995
50,6011.611764705883,1020.6257695529412,16487,512000,31,-0.003595619695261121,490,0.011425971984863281,19.722835051417352,0.0072637284,0.084072265625,5.452852249145508,-0.7178484372794628,0.2,0.00028529999999999994
51,6011.313953488372,1020.5744269302324,17484,522240,29,-0.0020627866861468646,500,0.016782760620117188,20.465941796302797,0.012077991,0.08486328125,1.3756928443908691,-0.6860067135095597,0.2,0.000285
52,6009.431818181818,1020.537839659091,17648,532480,30,-0.0033097393135540186,510,0.014783143997192383,10.967780633568763,0.0074577318,0.083818359375,5.469204902648926,-0.6622679215669632,0.2,0.0002847
53,6010.677777777778,1020.5823925444446,17813,542720,30,-0.003428528634831309,520,0.00832521915435791,21.5042869348824,0.008812575,0.103623046875,20.97968864440918,-0.7053147780895234,0.2,0.0002844
54,6009.597826086957,1020.7086801304349,17981,552960,30,-0.0024596325715538114,530,0.006505489349365234,21.579202585220337,0.007969078,0.063427734375,22.94087791442871,-0.677516003549099,0.2,0.00028409999999999997
55,6008.387096774193,1020.8758651720431,18118,563200,31,-0.0023917481661192143,540,0.021158933639526367,22.170978220999242,0.0072424724,0.08216796875,9.061225891113281,-0.6881707449257374,0.2,0.00028379999999999996
56,6004.8421052631575,1021.0698311578948,19143,573440,29,-0.0028955246531404554,550,-0.0029625892639160156,12.318202993571758,0.00891198,0.094404296875,0.6136861443519592,-0.7087316636741161,0.2,0.00028349999999999995
57,6003.907216494846,1021.0917605051546,19310,583680,30,-0.002374209068948403,560,0.005366265773773193,23.214145216047765,0.009110429,0.073486328125,0.5796449780464172,-0.6788023582100868,0.2,0.00028319999999999994
58,6003.2959183673465,1021.1441342755103,19455,593920,30,-0.003389647773001343,570,0.0050612688064575195,23.44732115805149,0.008626434,0.09171875,13.246782302856445,-0.6824913886189461,0.2,0.00028289999999999994
59,6001.57,1020.97689041,19616,604160,30,-0.003044530668921652,580,0.0003756284713745117,12.754979445040226,0.008438629,0.08654296875,0.5614343881607056,-0.6967459493875503,0.2,0.0002826
60,5999.05,1021.3371157700001,19779,614400,31,-0.0022165144910104573,590,0.002643406391143799,24.82996040344238,0.0077451915,0.063095703125,6.6278076171875,-0.6817538142204285,0.2,0.0002823
61,5999.52,1021.11073985,20804,624640,30,-0.0022764009979437103,600,0.004336178302764893,25.17683177739382,0.0073397653,0.080439453125,17.75742530822754,-0.6941105997562409,0.2,0.00028199999999999997
62,5999.45,1021.11304708,20943,634880,30,-0.0033035203367762734,610,0.005080282688140869,25.85220107167959,0.0095255505,0.096552734375,1.6588190793991089,-0.6773598463833332,0.2,0.0002817
63,5991.25,1021.7334214199998,21103,645120,30,-0.002708897616248578,620,0.0011903047561645508,13.350179485529662,0.008092597,0.080185546875,2.4324560165405273,-0.694345643222332,0.2,0.00028139999999999996
64,5989.7,1022.01577773,21271,655360,30,-0.003128434700483922,630,-0.0017006397247314453,25.75961160540581,0.0069218604,0.088544921875,18.048234939575195,-0.6686894881725312,0.2,0.0002811
65,5989.89,1022.0449262400001,21415,665600,31,-0.0028972635144600646,640,0.0042653679847717285,26.378507054150106,0.008703953,0.104130859375,15.683611869812012,-0.6906755971908569,0.2,0.00028079999999999994
66,5990.44,1021.98017198,22436,675840,30,-0.0016128098240005785,650,0.02618628740310669,14.187265167683362,0.009571974,0.080751953125,0.573341429233551,-0.6477107924222946,0.2,0.0002805
67,5988.14,1022.34543422,22597,686080,30,-0.0030028782576846423,660,0.006129860877990723,27.04478686541319,0.009498201,0.08517578125,19.789899826049805,-0.6520073336362838,0.2,0.0002802
68,5992.5,1022.1704112000001,22764,696320,30,-0.0023495372306206264,670,0.014260292053222656,27.68750028848648,0.00735116,0.075712890625,2.1748297214508057,-0.6538616953790188,0.2,0.0002799
69,5992.5,1022.2897592500002,22903,706560,30,-0.00234500587626826,680,0.004670977592468262,27.66284685373306,0.008768462,0.081328125,11.264005661010742,-0.6339333483576775,0.2,0.00027959999999999997
70,5994.64,1022.2448166199999,23067,716800,31,-0.002585422191186808,690,-0.003618001937866211,14.708199422210456,0.0065216036,0.073662109375,7.0253825187683105,-0.6083888976275921,0.2,0.0002793
71,5993.4,1022.0975416299999,24092,727040,30,-0.0024468870923737996,700,0.002141714096069336,28.453028580844403,0.008579833,0.076103515625,3.1863346099853516,-0.6208890652656556,0.2,0.00027899999999999995
72,5995.66,1022.16868785,24234,737280,30,-0.0027879395688069054,710,0.001096487045288086,29.125683468878268,0.010918821,0.085634765625,1.2788958549499512,-0.6360609301924706,0.2,0.0002787
73,5994.98,1022.3095276600001,24389,747520,30,-0.003050329614779912,720,0.002939939498901367,15.308622350096703,0.007749622,0.092705078125,0.6914148926734924,-0.6223198798298836,0.2,0.0002784
74,5998.21,1022.09221784,24554,757760,30,-0.0016999013168970123,730,0.003188908100128174,29.19123896881938,0.0071322173,0.077626953125,15.096604347229004,-0.6580031239986419,0.2,0.0002781
75,6000.23,1022.2848392899999,24717,768000,31,-0.002591957642871421,740,0.012516319751739502,29.546980408132075,0.009886402,0.093134765625,2.3109641075134277,-0.6394716063141823,0.2,0.0002778
76,6001.73,1022.14743065,33336,778240,23,-0.002943785875395406,750,0.0156591534614563,29.582043941617012,0.009044895,0.093671875,7.514545917510986,-0.6666006538271904,0.2,0.00027749999999999997
77,6000.41,1022.0033898199998,33499,788480,23,-0.0018692548500257545,760,0.004999935626983643,15.176854728907347,0.0061695934,0.0759765625,44.065155029296875,-0.6538645730912686,0.2,0.0002772
78,5995.45,1022.4101080999998,33664,798720,23,-0.003108811744314153,770,0.007876276969909668,30.17941794961691,0.01152853,0.089990234375,13.187908172607422,-0.6783272334933281,0.2,0.0002769
79,5993.94,1022.4116341899997,33806,808960,23,-0.0023536456032888964,780,0.005091965198516846,30.85458944439888,0.008242995,0.09287109375,27.50334358215332,-0.6940833424031735,0.2,0.0002766
80,5998.52,1022.5187384400001,33960,819200,24,-0.001282191944483202,790,0.010585427284240723,15.760219942480326,0.0071952394,0.067412109375,16.10748863220215,-0.669221028983593,0.2,0.0002763
81,5995.47,1022.4846180900001,34961,829440,23,-0.004273030889744405,800,-0.002156972885131836,30.883814827799796,0.010950017,0.103994140625,47.7862663269043,-0.6895199474692345,0.2,0.000276
82,5993.48,1022.5115476599999,35123,839680,23,-0.0030416963770403525,810,0.002917647361755371,32.03557661414146,0.009565746,0.09732421875,9.713376998901367,-0.6803859914839268,0.2,0.0002757
83,5995.9,1022.3284839000002,35256,849920,24,-0.0033703552148654126,820,0.0071222782135009766,32.10182864397764,0.011846197,0.12638671875,8.6383056640625,-0.6435103552043437,0.2,0.00027539999999999997
84,5996.56,1022.3866294699999,35415,860160,24,-0.0031500353330920915,830,0.00034999847412109375,16.43786852568388,0.008255109,0.09427734375,0.5368847846984863,-0.6350651244819164,0.2,0.00027509999999999996
85,5995.11,1022.4130741099999,35567,870400,24,-0.00419059181411285,840,0.009368896484375,32.45757775425911,0.009751603,0.09408203125,20.117061614990234,-0.6495658122003078,0.2,0.0002748
86,5994.63,1022.6886483999999,36478,880640,24,-0.003786743544624187,850,0.011982560157775879,32.96063182204962,0.008765342,0.092001953125,9.029343605041504,-0.6702774065732956,0.2,0.0002745
87,5994.28,1022.66217446,36626,890880,24,-0.0018722079836879857,860,0.021877288818359375,17.148265844881536,0.0067757526,0.072919921875,0.6561458110809326,-0.644569324105978,0.2,0.0002742
88,5990.74,1022.4945083399999,36780,901120,24,-0.005260877385153435,870,0.014109015464782715,33.84092491418123,0.01238442,0.120634765625,32.67806625366211,-0.6534647840261459,0.2,0.0002739
89,5989.68,1022.76238914,36919,911360,24,-0.004379389428067953,880,0.013910174369812012,33.33531412303448,0.008164087,0.09158203125,5.482996940612793,-0.6360561136901378,0.2,0.0002736
90,5987.54,1022.9690529400001,37068,921600,24,-0.0023017271870048716,890,0.02447688579559326,17.859253638386726,0.0069810525,0.06830078125,1.0751594305038452,-0.6509047442674637,0.2,0.0002733
91,5983.05,1023.2396339,38008,931840,24,-0.00276008982793428,900,0.006548583507537842,33.967884145081044,0.0069340765,0.07125,13.673357963562012,-0.6455003283917904,0.2,0.00027299999999999997
92,5982.03,1023.4266166300002,38162,942080,24,-0.004363207741989754,910,0.012519538402557373,34.617975102365016,0.010043162,0.118779296875,5.403191089630127,-0.6317663414776326,0.2,0.00027269999999999996
93,5975.32,1023.76121753,38305,952320,24,-0.0026528747554402797,920,0.004109203815460205,33.92631597161293,0.008143867,0.096767578125,15.619512557983398,-0.6084416536986827,0.2,0.0002724
94,5979.72,1023.6627105,38452,962560,25,-0.0033194014051696284,930,0.0019440650939941406,17.31695951074362,0.0077993483,0.07314453125,0.8984641432762146,-0.6112804445624351,0.2,0.0002721
95,5977.58,1023.8775305199998,38604,972800,25,-0.002891675490536727,940,0.0011923909187316895,34.73251238435507,0.0107320845,0.09001953125,13.815372467041016,-0.5927450244128704,0.2,0.0002718
96,5979.51,1023.5895212199997,39611,983040,24,-0.003102663459430914,950,0.014397978782653809,34.99406907737255,0.007984744,0.0935546875,10.047118186950684,-0.6001653903722763,0.2,0.0002715
97,5976.05,1023.7664259999999,39772,993280,24,-0.0021941370173590258,960,0.008765161037445068,18.939787140488626,0.009718282,0.08029296875,0.7143505811691284,-0.5887294906377792,0.2,0.0002712
98,5976.47,1023.67536042,39941,1003520,25,-0.0029039867885876447,970,0.008439183235168457,35.491405286192894,0.011054742,0.098681640625,9.47473430633545,-0.5998874314129352,0.2,0.00027089999999999997
99,5977.57,1023.56445891,40111,1013760,25,-0.0030148803861811757,980,0.006218254566192627,34.79334762364626,0.004925152,0.049267578125,21.921213150024414,-0.6024329847097397,0.2,0.00027059999999999996
100,5975.69,1023.8447327300001,40250,1024000,25,-0.0026203226327197624,990,0.018013477325439453,35.962983828485015,0.0094274925,0.106005859375,8.996979713439941,-0.6261305002868176,0.2,0.00027029999999999996
101,5977.06,1023.77571914,41284,1034240,25,-0.002988806996727362,1000,0.016918182373046875,19.14206140100956,0.008478423,0.0888671875,1.0476248264312744,-0.6222708144783974,0.2,0.00027
102,5977.13,1023.7645523499999,41451,1044480,25,-0.0028907248703762887,1010,0.022354543209075928,36.47410811185837,0.007450794,0.083896484375,10.470963478088379,-0.6591893473267555,0.2,0.0002697
103,5978.19,1023.7139979299998,41596,1054720,25,-0.0028422882844461126,1020,0.002894878387451172,36.07409272730351,0.007461405,0.076572265625,49.96178436279297,-0.6063093642890454,0.2,0.0002694
104,5978.27,1023.8661730799998,41759,1064960,25,-0.002079248873924371,1030,0.01948690414428711,18.752949930727482,0.007242731,0.092021484375,10.899121284484863,-0.6259792371094227,0.2,0.0002691
105,5980.58,1023.9300557699999,41925,1075200,25,-0.0027171909557364413,1040,0.000973045825958252,35.78760409832001,0.010876847,0.07978515625,4.865274429321289,-0.6192071640491486,0.2,0.0002688
106,5983.02,1023.6972790899999,42934,1085440,25,-0.002746833980490919,1050,0.008110404014587402,36.85130955040455,0.011175731,0.12650390625,1.405703067779541,-0.6350334165990352,0.2,0.00026849999999999997
107,5981.93,1023.6633931900001,43091,1095680,25,-0.002467340748407878,1060,0.05640476942062378,18.74660819798708,0.007991562,0.09541015625,17.416860580444336,-0.6025121104717255,0.2,0.00026819999999999996
108,5981.3,1023.57811113,43240,1105920,25,-0.0027895357538363897,1070,0.010078728199005127,36.958309054374695,0.00852228,0.066142578125,42.68124771118164,-0.6131467287242413,0.2,0.0002679
109,5980.56,1023.5650143600001,43399,1116160,25,-0.0024011389623046853,1080,0.013796389102935791,37.464119592309,0.008573202,0.094443359375,22.31576919555664,-0.6153650179505348,0.2,0.0002676
110,5983.42,1023.65257584,43526,1126400,25,-0.0018182390404399484,1090,0.019286394119262695,35.98992896288633,0.007945335,0.087724609375,10.273571968078613,-0.6105951614677906,0.2,0.0002673
111,5985.78,1023.6088561700001,44452,1136640,25,-0.0020104998440365306,1100,-0.0005797147750854492,18.98647047802806,0.0075429813,0.07453125,1.7016767263412476,-0.6044345918297768,0.2,0.000267
112,5985.44,1023.69218338,44604,1146880,25,-0.0037227266383706593,1110,0.010390400886535645,36.75314985126257,0.007945916,0.09982421875,33.72566604614258,-0.6071356670558452,0.2,0.0002667
113,5986.93,1023.70704478,44735,1157120,25,-0.002256832589046098,1120,0.0012644529342651367,37.60653013721108,0.011512105,0.078193359375,4.4084343910217285,-0.6157632751762867,0.2,0.00026639999999999997
114,5989.59,1023.57118409,44878,1167360,26,-0.002031126034562476,1130,0.00034165382385253906,19.7499629381299,0.008544609,0.081064453125,15.777969360351562,-0.6025485926866532,0.2,0.00026609999999999996
115,5995.04,1023.3237265899999,45027,1177600,26,-0.0010222603369038552,1140,1.7523765563964844e-05,38.70950712114573,0.008451752,0.095576171875,30.65938377380371,-0.6038588398694992,0.2,0.00026579999999999996
116,5994.4,1023.44394231,45949,1187840,25,-0.002063508400024148,1150,0.0056975483894348145,37.99307853281498,0.0061328253,0.083271484375,1.5481910705566406,-0.6168738335371018,0.2,0.0002655
117,5999.64,1023.37554143,46101,1198080,25,-0.003755489731556736,1160,-0.0018159151077270508,19.10270179197192,0.008285751,0.0725390625,0.5777042508125305,-0.6009274533390999,0.2,0.0002652
118,5998.82,1023.5586555800002,46266,1208320,26,-0.003942616993153934,1170,0.012381315231323242,38.473361209630966,0.009680147,0.083759765625,23.212989807128906,-0.6146932415664196,0.2,0.0002649
119,6000.02,1023.73321821,46430,1218560,26,-0.002648662595602218,1180,0.00378340482711792,38.13563464850187,0.009376021,0.084501953125,24.30670738220215,-0.6457719101011753,0.2,0.0002646
120,5999.53,1023.75591868,46568,1228800,26,-0.003513724494841881,1190,0.006434500217437744,37.46182495862246,0.0074116783,0.082451171875,42.22483825683594,-0.6849985165894031,0.2,0.0002643
121,6002.34,1023.7697949500001,47595,1239040,26,-0.0031019158742856233,1200,-0.00044989585876464844,20.007384649813176,0.008295961,0.075263671875,4.937460899353027,-0.653730329722166,0.2,0.00026399999999999997
122,6005.0,1023.6659981500001,47765,1249280,26,-0.002790737408795394,1210,0.005872011184692383,38.411475535929206,0.00888602,0.10837890625,4.534359931945801,-0.6423757453262806,0.2,0.00026369999999999996
123,6003.66,1023.70665725,47909,1259520,26,-0.0029873948608292265,1220,-0.0010100603103637695,38.88945345044136,0.009971485,0.082138671875,24.274089813232422,-0.6343962477147579,0.2,0.00026339999999999995
124,6002.01,1023.9119365799999,48070,1269760,26,-0.002616483844467439,1230,0.0006569623947143555,20.024211028069256,0.008537258,0.09470703125,3.5198380947113037,-0.667213745713234,0.2,0.0002631
125,6005.91,1023.8520272000001,48236,1280000,26,-0.0012049182393820957,1240,0.007925212383270264,38.14333244293928,0.0064970916,0.08544921875,31.364179611206055,-0.6361107456684113,0.2,0.0002628
126,6006.9,1023.8767799599998,49266,1290240,26,-0.0024914198109763676,1250,0.01518625020980835,39.167037907540795,0.0073524714,0.09359375,46.34202575683594,-0.6685358619689942,0.2,0.0002625
127,6004.68,1023.95611708,49403,1300480,26,-0.003230566440615803,1260,0.02186870574951172,38.816934413015844,0.00534548,0.058330078125,18.452102661132812,-0.6165112034976482,0.2,0.0002622
128,6003.15,1023.98774048,49549,1310720,26,-0.0021836723771411926,1270,0.02206742763519287,20.059629276394844,0.008707128,0.10732421875,12.627084732055664,-0.6340745197236538,0.2,0.00026189999999999997
129,6007.62,1023.76456429,49697,1320960,26,-0.0022783225221792236,1280,-0.0024605989456176758,39.473850603848696,0.008926646,0.085517578125,21.735166549682617,-0.6124724853038788,0.2,0.00026159999999999996
130,6006.49,1023.9049502099999,49822,1331200,26,-0.0018909613811410964,1290,0.005788445472717285,39.82097755670547,0.008765973,0.100048828125,12.474328994750977,-0.6445014774799347,0.2,0.00026129999999999995
131,6009.06,1023.8904794700002,50742,1341440,26,-0.0018562205039779655,1300,-0.0062906742095947266,20.224271400719882,0.007193233,0.0738671875,10.92210578918457,-0.6206182257831097,0.2,0.000261
132,6008.19,1023.8394725500001,50890,1351680,26,-0.002677761406521313,1310,-0.0033222436904907227,40.22964273750782,0.010096131,0.087880859375,10.127643585205078,-0.6754417650401592,0.2,0.0002607
133,6009.52,1023.74814065,51016,1361920,26,-0.002995077913510613,1320,0.00010770559310913086,39.725398183465,0.008191428,0.084833984375,0.7874675989151001,-0.644717552959919,0.2,0.0002604
134,6011.2,1023.5064778,51162,1372160,26,-0.0025762613202095965,1330,0.007156014442443848,20.338245515972375,0.0088446075,0.08359375,35.14203643798828,-0.6467979948222637,0.2,0.0002601
135,6011.58,1023.51665048,51310,1382400,26,-0.004652689976792317,1340,0.004081130027770996,40.20994153231382,0.010538772,0.111669921875,0.78485107421875,-0.6167887544631958,0.2,0.00025979999999999997
136,6013.46,1023.4982545299999,52214,1392640,26,-0.0025367639132309705,1350,0.004702329635620117,39.842629415988924,0.0073995157,0.0837109375,44.19997787475586,-0.6005731892585754,0.2,0.00025949999999999997
137,6015.04,1023.4406115400001,52356,1402880,26,-0.0038208534143632277,1360,0.009980440139770508,20.79954713374376,0.0073913136,0.091123046875,2.8552865982055664,-0.6262304107844829,0.2,0.00025919999999999996
138,6014.9,1023.34056167,52504,1413120,26,-0.002581755894352682,1370,0.004976511001586914,40.135948901176455,0.006440293,0.07044921875,11.60653018951416,-0.5989186553657055,0.2,0.00025889999999999995
139,6012.35,1023.62038808,52654,1423360,27,-0.002211480409023352,1380,0.003618896007537842,40.3379014185071,0.007223678,0.06740234375,20.17156410217285,-0.6208872596919537,0.2,0.0002586
140,6012.44,1023.6842112400002,52779,1433600,27,-0.0022600597486598416,1390,0.00889521837234497,39.60415148705244,0.008693754,0.094658203125,49.6111946105957,-0.624252061843872,0.2,0.0002583
141,6013.61,1023.7916399399999,53699,1443840,26,-0.002284954483038746,1400,0.014827370643615723,20.535055687725546,0.0078922305,0.087216796875,11.618637084960938,-0.6147151491045952,0.2,0.000258
142,6008.31,1024.12428125,53846,1454080,27,-0.00269192695239326,1410,0.014276087284088135,40.47449199974537,0.008240156,0.1033203125,27.059175491333008,-0.6432187730073928,0.2,0.0002577
143,6007.01,1024.1538294800002,53963,1464320,27,-0.0040036010439507665,1420,0.0016797780990600586,40.75796899735928,0.0105638895,0.08505859375,33.754573822021484,-0.6203480310738086,0.2,0.00025739999999999997
144,6006.13,1024.27500141,54088,1474560,27,-0.0018722595821600407,1430,-0.0025522708892822266,21.289794266819953,0.0070493864,0.073046875,1.2218217849731445,-0.6258759509027004,0.2,0.00025709999999999996
145,6005.55,1024.1754130299998,54222,1484800,27,-0.0018441180005902425,1440,0.005622982978820801,42.128686308562756,0.006477081,0.06861328125,6.324860572814941,-0.6116951994597912,0.2,0.00025679999999999995
146,6008.96,1024.2630268599999,55071,1495040,27,-0.0032486382592469454,1450,0.005927979946136475,41.4408384552598,0.0075010546,0.082607421875,0.9280365705490112,-0.6021042208373547,0.2,0.00025649999999999995
147,6007.24,1024.4201859,55184,1505280,27,-0.003086328222125303,1460,0.0036854147911071777,41.06802033573389,0.0092877,0.094248046875,2.8768770694732666,-0.5873482102155685,0.2,0.0002562
148,6006.46,1024.2800815399999,55315,1515520,27,-0.00360848139913287,1470,0.013181209564208984,21.418161693811417,0.008576604,0.085673828125,0.6567994952201843,-0.6012569922208786,0.2,0.0002559
149,6009.93,1024.18645142,55446,1525760,27,-0.0021555630007060243,1480,0.008408129215240479,41.27984450817108,0.006817475,0.09642578125,14.268887519836426,-0.584901078492403,0.2,0.0002556
150,6010.26,1024.14747102,55559,1536000,27,-0.0019799621147103606,1490,0.010924577713012695,41.52917490363121,0.007617116,0.0652734375,49.960391998291016,-0.5839486976712942,0.2,0.00025529999999999997
151,6014.41,1023.89715574,56413,1546240,27,-0.0017698465539433528,1500,0.014348745346069336,21.44029823333025,0.004828702,0.05724609375,6.474781036376953,-0.5971110481023788,0.2,0.00025499999999999996
152,6014.9,1023.87419232,56570,1556480,27,-0.0027894590178038927,1510,0.011048734188079834,41.8510581317544,0.008004848,0.08103515625,1.2609812021255493,-0.6229797740280628,0.2,0.00025469999999999996
153,6009.46,1024.18042336,56725,1566720,27,-0.002734235656680539,1520,0.011263370513916016,41.15825104519725,0.009349094,0.09591796875,17.7630558013916,-0.6208585087954998,0.2,0.00025439999999999995
154,6008.93,1024.0956554799998,56851,1576960,27,-0.003069709096744191,1530,-0.0002447366714477539,41.41784264177084,0.007940069,0.089921875,7.640697002410889,-0.6088433821499347,0.2,0.0002541
155,6007.91,1024.3977378299999,57000,1587200,27,-0.001284089841064997,1540,0.013433635234832764,21.722995102852583,0.00826125,0.0794921875,1.984328269958496,-0.6182988275587559,0.2,0.0002538
156,6009.86,1024.33796438,57953,1597440,27,-0.0024736589725944213,1550,0.0029435157775878906,41.28523052304983,0.007883793,0.084716796875,0.6408745050430298,-0.6077763441205025,0.2,0.0002535
157,6008.14,1024.57985463,58083,1607680,27,-0.00327890897897305,1560,0.004341304302215576,40.64428597599268,0.008259343,0.102255859375,39.90685272216797,-0.6217403842508793,0.2,0.0002532
158,6008.65,1024.6106937200002,58226,1617920,27,-0.0015857409460295457,1570,0.00214540958404541,21.520978961735963,0.004846911,0.063193359375,75.14395141601562,-0.5888071851432324,0.2,0.00025289999999999997
159,6009.62,1024.5325863700002,58377,1628160,27,-0.0024854569270974024,1580,0.0045313239097595215,42.411566068530085,0.0068517746,0.07115234375,2.314833641052246,-0.6258864042162895,0.2,0.00025259999999999996
160,6012.15,1024.5830928000003,58512,1638400,28,-0.0029032869299408046,1590,0.005805075168609619,42.423987613916395,0.0076049315,0.075947265625,6.125892162322998,-0.592944932281971,0.2,0.00025229999999999995
161,6008.48,1024.58419664,59486,1648640,27,-0.002290652353694895,1600,0.007754385471343994,21.096313321590422,0.006584336,0.08416015625,5.018113136291504,-0.5927030889689923,0.2,0.00025199999999999995
162,6008.68,1024.7140227800003,59651,1658880,27,-0.00351714735646965,1610,0.0022095441818237305,41.78669402986765,0.008660005,0.07466796875,101.43522644042969,-0.6064469991624355,0.2,0.0002517
163,6007.9,1024.60773313,59819,1669120,27,-0.001794429502915591,1620,0.00692594051361084,41.90675867289305,0.0080758305,0.086962890625,66.52145385742188,-0.6122503982484341,0.2,0.0002514
164,6009.88,1024.57878431,59960,1679360,28,-0.001230583510186989,1630,0.011697947978973389,41.19087196648121,0.0039696484,0.052548828125,84.3947982788086,-0.5683263453096151,0.2,0.0002511
165,6010.47,1024.72042993,60121,1689600,28,-0.0017674425430595875,1640,0.017275333404541016,21.245562455654145,0.0071887122,0.0792578125,1.7040126323699951,-0.5654129287600518,0.2,0.00025079999999999997
166,6011.53,1024.81725572,61154,1699840,27,-0.003926307790388819,1650,0.0070375800132751465,42.61668225973845,0.009142879,0.084462890625,40.6666374206543,-0.5956736941635609,0.2,0.00025049999999999996
167,6013.29,1024.83125999,61299,1710080,27,-0.0033929374476429075,1660,0.0044269561767578125,43.05451407551765,0.008364769,0.0840234375,7.222320556640625,-0.594189597517252,0.2,0.00025019999999999996
168,6015.72,1024.892847,61461,1720320,27,-0.0032861793314805255,1670,-0.0009161233901977539,21.099730895161628,0.007340768,0.099892578125,6.616575241088867,-0.5793122384697199,0.2,0.00024989999999999995
169,6011.47,1025.1529784999998,61630,1730560,28,-0.003621620328340214,1680,0.005594193935394287,41.9885655990243,0.007817763,0.094609375,11.077199935913086,-0.5843350240588188,0.2,0.00024959999999999994
170,6010.69,1025.0744985899998,61800,1740800,28,-0.004265997056209016,1690,0.005544304847717285,42.282319881469014,0.008052248,0.091650390625,2.301210403442383,-0.5735615542531014,0.2,0.0002493
171,6010.99,1025.09259525,62817,1751040,27,-0.0013676267367554828,1700,0.006379902362823486,42.789132516980175,0.006591536,0.073603515625,0.7016100287437439,-0.5713030913472176,0.2,0.000249
172,6007.03,1025.1280348299997,62980,1761280,27,-0.002253758158767596,1710,0.01615309715270996,21.27636278182268,0.006784244,0.078564453125,31.62135124206543,-0.5493355625867844,0.2,0.0002487
173,6006.29,1025.0339547499998,63148,1771520,28,-0.0026619713520631195,1720,0.004444003105163574,41.6435685557127,0.0089572985,0.0791796875,28.545202255249023,-0.5717917016148567,0.2,0.0002484
174,6007.07,1025.08835789,63292,1781760,28,-0.0032570655655581506,1730,0.012940824031829834,42.4262136760354,0.008882917,0.097841796875,7.560733795166016,-0.5473912709206342,0.2,0.00024809999999999996
175,6003.46,1025.0839867299999,63459,1792000,28,-0.002372804777987767,1740,0.0083732008934021,21.823883366584777,0.0065976605,0.071240234375,0.569990336894989,-0.5686546085774898,0.2,0.0002478
176,6002.36,1025.3140981999998,64409,1802240,27,-0.001343831191334175,1750,0.0038048624992370605,42.462340520620344,0.0057883123,0.05359375,37.16861343383789,-0.537059595361352,0.2,0.00024749999999999994
177,6005.22,1025.11513011,64559,1812480,28,-0.002481698605697602,1760,-0.0002561807632446289,42.25455197304487,0.0053642457,0.04162109375,4.2683844566345215,-0.5647743011265993,0.2,0.0002472
178,6003.63,1025.28225538,64683,1822720,28,-0.003568925080471672,1770,0.020202577114105225,43.334649396240714,0.0066862404,0.072783203125,8.380694389343262,-0.5771308216452599,0.2,0.0002469
179,6001.42,1025.24289719,64829,1832960,28,-0.0017129449220374226,1780,0.004622459411621094,22.514982267320157,0.005070236,0.056533203125,2.1066555976867676,-0.5586397524923086,0.2,0.0002466
180,5997.39,1025.2636394400001,64978,1843200,28,-0.002746138395741582,1790,0.014081478118896484,42.82668661862612,0.00822403,0.0963671875,51.56116485595703,-0.5892402672767639,0.2,0.00024629999999999997
181,6000.6,1025.0570718,65880,1853440,28,-0.004564487128227483,1800,-0.00025177001953125,42.96895485728979,0.010154518,0.106357421875,53.81094741821289,-0.5799366396665573,0.2,0.000246
182,6006.56,1024.57477586,66028,1863680,28,-0.002318048088636715,1810,0.011099100112915039,21.301531740576028,0.008960747,0.077080078125,0.8539091348648071,-0.5658079455792904,0.2,0.00024569999999999995
183,6004.76,1024.7552230400001,66180,1873920,28,-0.003210593156691175,1820,0.005192995071411133,43.11241502553224,0.007432616,0.056435546875,52.22815704345703,-0.5459985993802547,0.2,0.0002454
184,6004.13,1024.83054496,66311,1884160,28,-0.0034628108871402217,1830,0.003628253936767578,43.19924299925566,0.0053142984,0.0582421875,32.283206939697266,-0.5864875972270965,0.2,0.00024509999999999994
185,6002.23,1024.7799174399997,66455,1894400,28,-0.0027059092033596245,1840,0.005776643753051758,22.308473874032497,0.0075854203,0.07591796875,0.928953230381012,-0.5365485239028931,0.2,0.0002448
186,6004.42,1024.8693682399999,67421,1904640,28,-0.0024346360613708385,1850,0.007217347621917725,43.025939668416974,0.007297194,0.062890625,0.9343326091766357,-0.5733113564550877,0.2,0.0002445
187,6005.54,1024.65725929,67575,1914880,28,-0.0035206454116269016,1860,0.005949854850769043,42.92595071136952,0.0076117166,0.078486328125,9.998453140258789,-0.5606589958071708,0.2,0.00024419999999999997
188,6004.72,1024.81594118,67700,1925120,28,-0.0019393884341116063,1870,-0.0007164478302001953,42.22877603620291,0.0079958495,0.09822265625,50.55237579345703,-0.5547053028643131,0.2,0.00024389999999999997
189,6006.58,1024.5958693000002,67849,1935360,28,-0.0013110367443005088,1880,0.0015442967414855957,21.915868501216174,0.008342063,0.06126953125,12.270439147949219,-0.547770533785224,0.2,0.00024359999999999999
190,6003.86,1024.6028381200001,68001,1945600,28,-0.004146452071145177,1890,0.002113044261932373,42.81881391823292,0.009314359,0.09337890625,6.767107009887695,-0.5593595866858959,0.2,0.00024329999999999995
191,6003.49,1024.5786153200002,68941,1955840,28,-0.0028798537427792326,1900,0.007963061332702637,42.30709181308746,0.005801068,0.071865234375,11.304752349853516,-0.5681337174028158,0.2,0.000243
192,5999.49,1024.9366148899999,69090,1966080,28,-0.0034842562253470533,1910,0.007163405418395996,21.8648623855412,0.007126444,0.074326171875,0.5551000833511353,-0.5653774740546942,0.2,0.00024269999999999996
193,6002.47,1025.1711039499999,69251,1976320,28,-0.0016171218286035582,1920,0.011164546012878418,41.7019402039051,0.009115526,0.07859375,16.375303268432617,-0.5825237222015858,0.2,0.00024239999999999998
194,5993.99,1025.6115140699999,69403,1986560,28,-0.0030497820713208056,1930,0.01332169771194458,42.114371934980156,0.009960782,0.073642578125,35.40102005004883,-0.5871877761930228,0.2,0.00024209999999999995
195,5994.73,1025.71757822,69526,1996800,28,-0.0022768437897320837,1940,0.02066248655319214,42.45947633266449,0.0069202697,0.08626953125,5.313994884490967,-0.5552579268068075,0.2,0.0002418
196,5996.74,1025.53871507,70564,2007040,28,-0.0020845728105632587,1950,0.014632642269134521,21.882113111019134,0.0061373143,0.083388671875,5.6309685707092285,-0.5749135529994964,0.2,0.00024149999999999996
197,5999.41,1025.49774913,70739,2017280,28,-0.002494575004093349,1960,0.007271885871887207,43.241622527837755,0.0059882044,0.051552734375,18.017553329467773,-0.5425958449393511,0.2,0.00024119999999999998
198,6000.07,1025.4347576700002,70880,2027520,28,-0.003497892614104785,1970,0.008922576904296875,42.71441316872835,0.008650553,0.088603515625,0.7177728414535522,-0.5361851689219475,0.2,0.00024089999999999995
199,6002.18,1025.4679610900002,71044,2037760,28,-0.003433549726905767,1980,0.005830645561218262,22.336730614602565,0.010237812,0.073818359375,0.47509559988975525,-0.5845172715187072,0.2,0.0002406
200,6003.81,1025.2146695000001,71211,2048000,28,-0.0030233501017210072,1990,0.00496906042098999,42.90354134231806,0.007212399,0.07189453125,29.5628662109375,-0.5539724723249674,0.2,0.00024029999999999996
201,6003.73,1025.112985,72255,2058240,28,-0.0033383741247234866,2000,0.0053046345710754395,43.00143100947142,0.006083132,0.067998046875,31.32676124572754,-0.562936857715249,0.2,0.00023999999999999998
202,6001.69,1025.22549506,72418,2068480,28,-0.0022215296793729068,2010,-0.004121899604797363,21.801310214698315,0.006260375,0.071767578125,1.0070786476135254,-0.5677624018490315,0.2,0.00023969999999999997
203,6002.75,1025.21990555,72584,2078720,28,-0.00319640197471017,2020,0.0023565292358398438,43.7027034124732,0.008835475,0.100732421875,2.438330888748169,-0.5736480240523815,0.2,0.0002394
204,6002.07,1024.9669298400001,72750,2088960,28,-0.0024768662729184143,2030,0.007119297981262207,42.96792843520641,0.006380204,0.074208984375,39.91023254394531,-0.5946978650987148,0.2,0.00023909999999999996
205,6002.84,1025.09259637,72886,2099200,28,-0.0018990820906765293,2040,0.010511279106140137,43.03258999764919,0.008902453,0.0793359375,8.020988464355469,-0.5747904473543167,0.2,0.0002388
206,6002.77,1024.94087755,73948,2109440,28,-0.002892347993329167,2050,0.01826632022857666,21.890823905318975,0.0077741095,0.078720703125,0.5699744820594788,-0.6124869026243687,0.2,0.0002385
207,6001.07,1025.0491728199997,74118,2119680,28,-0.0036987776972819118,2060,0.0018295645713806152,43.38193852692842,0.0076848743,0.084990234375,2.477958917617798,-0.6308979731798172,0.2,0.0002382
208,6002.05,1025.02548605,74262,2129920,28,-0.0029578368496731857,2070,0.003628253936767578,43.650355456471445,0.0072930963,0.089013671875,1.577018141746521,-0.6094921980798245,0.2,0.00023789999999999998
209,6001.47,1025.0289404099997,74423,2140160,28,-0.0018820736923953517,2080,0.018068253993988037,22.095569206923248,0.0045949696,0.055244140625,30.920055389404297,-0.5983241820335388,0.2,0.0002376
210,6005.55,1024.7627645099997,74593,2150400,28,-0.003080154523195233,2090,0.010370790958404541,43.08956928104162,0.009134953,0.091806640625,36.645118713378906,-0.6060825765132904,0.2,0.0002373
211,6005.7,1024.7389910299999,75624,2160640,28,-0.0033928090691915714,2100,0.020884335041046143,43.11920440196991,0.008170536,0.0755859375,56.97649383544922,-0.6086442685127258,0.2,0.000237
212,6010.33,1024.4703160799997,75785,2170880,28,-0.002627575530204922,2110,0.010828852653503418,22.768542074263095,0.008630022,0.079970703125,11.433857917785645,-0.6036912055313587,0.2,0.00023669999999999998
213,6010.3,1024.4230723,75950,2181120,28,-0.002314190292963758,2120,0.0018092989921569824,43.41430790156126,0.0077725835,0.078564453125,4.394923210144043,-0.5727056085318327,0.2,0.0002364
214,6011.18,1024.4539512800002,76119,2191360,28,-0.0022402591572608798,2130,0.004578053951263428,43.06679306745529,0.009022134,0.080087890625,42.70705795288086,-0.6020832209289074,0.2,0.0002361
215,6012.41,1024.48945663,76257,2201600,28,-0.002717699898057617,2140,0.008756101131439209,43.47306828171015,0.007601726,0.08412109375,6.739721298217773,-0.5879759348183871,0.2,0.00023579999999999999
216,6014.72,1024.24814332,77312,2211840,28,-0.0021592530838097446,2150,-0.012903094291687012,21.921457926928998,0.008477184,0.07470703125,4.715908050537109,-0.5536743856966495,0.2,0.00023549999999999998
217,6012.19,1024.2711544499998,77480,2222080,28,-0.0034907677085720934,2160,0.003650665283203125,43.84655076265335,0.0110675655,0.082412109375,39.7881965637207,-0.581682835072279,0.2,0.0002352
218,6011.86,1024.22847149,77617,2232320,28,-0.001386209045886062,2170,0.0031465888023376465,43.08362708926201,0.0067211697,0.081083984375,31.18585777282715,-0.5966820783913136,0.2,0.0002349
219,6011.78,1024.25584652,77778,2242560,28,-0.002309509241313208,2180,0.00902414321899414,21.69169864937663,0.007625921,0.0832421875,42.7104377746582,-0.6123137646913528,0.2,0.00023459999999999998
220,6018.2,1024.0112186699998,77942,2252800,28,-0.0028576417296426373,2190,0.00771176815032959,43.85970607548952,0.008670149,0.077724609375,26.419031143188477,-0.583146195113659,0.2,0.00023429999999999998
221,6018.66,1023.8145495599998,78888,2263040,28,-0.0033095202487311327,2200,0.013328135013580322,43.706585149168966,0.008138461,0.09115234375,41.61257553100586,-0.5999655331671238,0.2,0.000234
222,6013.35,1024.14636067,79034,2273280,28,-0.0022036365821259097,2210,0.0114021897315979,21.79862954556942,0.008029389,0.0771484375,0.55296790599823,-0.6100408086180686,0.2,0.0002337
223,6014.45,1023.9157156599999,79186,2283520,28,-0.002782853535027243,2220,0.004427611827850342,43.32636031806469,0.008949052,0.081796875,59.833736419677734,-0.5654716996103525,0.2,0.00023339999999999998
224,6012.12,1023.94708971,79320,2293760,28,-0.0032716785167576745,2230,0.004269838333129883,43.49238612741232,0.0065308614,0.059345703125,10.869169235229492,-0.5752190585434437,0.2,0.00023309999999999997
225,6014.67,1023.8522504299998,79465,2304000,28,-0.002710959178657504,2240,0.023553907871246338,22.299209561645984,0.0064806216,0.0790234375,1.0412498712539673,-0.5532343736290932,0.2,0.0002328
226,6013.03,1023.8513852900002,80417,2314240,28,-0.002263810404983815,2250,0.011550307273864746,43.91668659567833,0.007057056,0.069443359375,5.166940212249756,-0.5708077491819858,0.2,0.00023249999999999999
227,6010.11,1023.8725754900001,80569,2324480,28,-0.0037506440552533605,2260,0.005730688571929932,43.74316048502922,0.007571408,0.070322265625,3.622600555419922,-0.5706033043563365,0.2,0.00023219999999999998
228,6009.88,1023.8732068600001,80700,2334720,28,-0.0029783877318550365,2270,-0.006126284599304199,44.34160012871027,0.0076485453,0.077431640625,20.48773193359375,-0.5826887825131416,0.2,0.0002319
229,6010.33,1023.8468300000001,80856,2344960,29,-0.002189190778590273,2280,0.002668917179107666,22.400847269296648,0.0064886725,0.072080078125,2.692683696746826,-0.5509196630865335,0.2,0.0002316
230,6009.34,1023.8115872,81009,2355200,29,-0.003869775437633507,2290,0.0013923048973083496,43.50130547046661,0.008390472,0.067353515625,24.562145233154297,-0.5643309747427702,0.2,0.00023129999999999998
231,6008.28,1023.85130406,81976,2365440,28,-0.0031899145332863555,2300,0.0014843344688415527,44.0063136613369,0.008646501,0.077724609375,60.77473831176758,-0.5599511927366256,0.2,0.00023099999999999998
232,6009.02,1023.6948042199999,82103,2375680,28,-0.002417252787272446,2310,-0.0003205537796020508,44.07395772784948,0.0056159133,0.053232421875,61.430118560791016,-0.5411075957119464,0.2,0.0002307
233,6007.85,1023.7894047999999,82252,2385920,29,-0.0034840784134576096,2320,-0.0004259347915649414,22.423681279718878,0.0058997283,0.069462890625,1.7596622705459595,-0.5246915052086115,0.2,0.0002304
234,6008.89,1023.7906202899999,82410,2396160,29,-0.00215158201783197,2330,0.006973564624786377,42.984001034796236,0.007341991,0.072177734375,80.44596862792969,-0.5295775872468949,0.2,0.00023009999999999998
235,6009.31,1023.73187233,82543,2406400,29,-0.0018000623409170657,2340,-0.004464387893676758,43.87826971977949,0.0060071857,0.06224609375,75.052490234375,-0.5532758107036352,0.2,0.00022979999999999997
236,6010.73,1023.7820742700001,83494,2416640,28,-0.003257212287571747,2350,0.0018262267112731934,22.36646127164364,0.007072204,0.0722265625,0.6456654071807861,-0.5434831180423498,0.2,0.0002295
237,6014.02,1023.5322548700001,83648,2426880,29,-0.0019125673809321597,2360,0.001053154468536377,44.43714701503515,0.003968919,0.050927734375,10.592068672180176,-0.5312432500720025,0.2,0.0002292
238,6014.78,1023.50172263,83781,2437120,29,-0.0010548560137976892,2370,0.0006662607192993164,43.64741693377495,0.005461813,0.054951171875,6.890593528747559,-0.5331358979642391,0.2,0.00022889999999999998
239,6010.97,1023.82215649,83926,2447360,29,-0.0023878390016034245,2380,0.008546113967895508,22.31328510001302,0.006901242,0.08212890625,0.45149749517440796,-0.5397985066473484,0.2,0.00022859999999999997
240,6006.0,1024.10311878,84076,2457600,29,-0.0027411200653295964,2390,0.002514660358428955,44.37483674257994,0.0067867734,0.053251953125,6.954990386962891,-0.5025023706257343,0.2,0.0002283
241,6007.48,1024.17414813,85044,2467840,29,-0.001621743172290735,2400,0.009765088558197021,43.49064629673958,0.005730088,0.0611328125,42.870269775390625,-0.5222178483754396,0.2,0.00022799999999999999
242,6006.43,1024.2361614,85173,2478080,29,-0.002469824430590961,2410,0.012100458145141602,44.180428517460825,0.008174007,0.075068359375,7.972045421600342,-0.5403454928845167,0.2,0.00022769999999999998
243,6004.68,1024.1784275300001,85324,2488320,29,-0.0031229761434951797,2420,-0.0015473365783691406,22.44790543362498,0.007518418,0.071484375,8.372834205627441,-0.5440387815982103,0.2,0.00022739999999999997
244,6006.24,1024.17001361,85479,2498560,29,-0.002674454232910648,2430,0.011738479137420654,43.9477970251441,0.006785677,0.081201171875,1.0977894067764282,-0.5492577335983515,0.2,0.0002271
245,6006.65,1024.1122689100002,85610,2508800,29,-0.003086947316187434,2440,0.013321161270141602,42.9282016736269,0.006392961,0.075771484375,5.561244010925293,-0.5397663257271051,0.2,0.00022679999999999998
246,6005.51,1024.35695889,86562,2519040,29,-0.0017213034140877426,2450,-0.019734740257263184,22.176111300885676,0.0058374517,0.069208984375,6.386809825897217,-0.5771695074439048,0.2,0.00022649999999999998
247,6004.62,1024.32882907,86716,2529280,29,-0.0022015654171991627,2460,0.002002894878387451,44.038954360187056,0.00866681,0.0648046875,2.842625617980957,-0.5865102744102478,0.2,0.00022619999999999997
248,6004.89,1024.4481061200001,86872,2539520,29,-0.003170438735978678,2470,-6.556510925292969e-05,43.183626909703015,0.0062850816,0.077568359375,13.529143333435059,-0.5813410194218158,0.2,0.0002259
249,6002.75,1024.6305447900002,87001,2549760,29,-0.0024525901657762006,2480,-0.0002887248992919922,44.22488326817751,0.0070831077,0.07765625,37.115806579589844,-0.5951465441286564,0.2,0.00022559999999999998
250,6000.59,1024.47042246,87152,2560000,29,-0.0022992219626030417,2490,0.0021359920501708984,22.29824045449495,0.007698153,0.086962890625,19.92958641052246,-0.6006530025601386,0.2,0.00022529999999999997
251,6000.65,1024.49504721,88106,2570240,29,-0.003479718563903589,2500,0.004958212375640869,43.03562632203102,0.006976725,0.09859375,41.67110061645508,-0.5750659722834826,0.2,0.000225
252,6002.12,1024.46225407,88237,2580480,29,-0.0026542395236901937,2510,0.004810452461242676,42.88543692946434,0.007582119,0.072373046875,4.477722644805908,-0.5753278824687004,0.2,0.0002247
253,6005.05,1024.4050572400001,88382,2590720,29,-0.002706758329295553,2520,0.007951557636260986,22.966860545575617,0.008239183,0.09796875,1.5689332485198975,-0.6092284989356994,0.2,0.00022439999999999998
254,6004.66,1024.1678994400002,88533,2600960,29,-0.003369221415487118,2530,0.0010530352592468262,43.75594244137406,0.0061201127,0.07884765625,1.1744753122329712,-0.5732092322409152,0.2,0.00022409999999999997
255,6006.57,1024.2806897100002,88667,2611200,29,-0.003389562423108146,2540,0.0005062222480773926,43.50129507511854,0.007134239,0.106416015625,7.242423057556152,-0.5871067191660404,0.2,0.0002238
256,6003.64,1024.4333868900003,89610,2621440,29,-0.002193444304866716,2550,-0.0007137060165405273,22.187334998100997,0.00696799,0.09111328125,0.7226892113685608,-0.5797139355540275,0.2,0.00022349999999999998
257,6000.57,1024.454535,89762,2631680,29,-0.0029008146515116097,2560,0.002616584300994873,44.07323744103312,0.004849293,0.046845703125,83.16474914550781,-0.5777198904752732,0.2,0.00022319999999999998
258,5999.66,1024.6090984999998,89918,2641920,29,-0.0029489936211029998,2570,0.00042432546615600586,44.401091226041316,0.0062266206,0.061259765625,38.999229431152344,-0.5578296767920256,0.2,0.00022289999999999997
259,6001.93,1024.40834165,90048,2652160,29,-0.0026703711081063376,2580,0.0024580955505371094,44.23178656101227,0.0057117455,0.077587890625,2.2119345664978027,-0.5731049627065659,0.2,0.0002226
260,6004.05,1024.4800371000001,90197,2662400,29,-0.002082276837900281,2590,0.005426168441772461,22.367282532453537,0.0068905316,0.08087890625,15.385981559753418,-0.5512971320748329,0.2,0.00022229999999999998
261,6003.82,1024.58211639,91157,2672640,29,-0.0019316837130463683,2600,0.006706655025482178,43.603185881972315,0.007507596,0.090546875,75.65333557128906,-0.5746442858874797,0.2,0.00022199999999999998
262,6003.5,1024.67122323,91291,2682880,29,-0.002810202785767615,2610,0.003059983253479004,43.63957059785724,0.0065063015,0.0623828125,39.91120529174805,-0.5808801987767219,0.2,0.00022169999999999997
263,6003.29,1024.89838917,91438,2693120,29,-0.002729702432261547,2620,0.006293535232543945,22.279808436632155,0.008716932,0.093544921875,3.0386013984680176,-0.5641911724954843,0.2,0.0002214
264,5998.1,1025.2259592799999,91589,2703360,29,-0.003978996340301819,2630,0.011505067348480225,43.57759384006262,0.008484756,0.086728515625,7.64208984375,-0.6033143731951713,0.2,0.00022109999999999998
265,6001.0,1025.28665183,91743,2713600,29,-0.002176780755253276,2640,0.009973883628845215,43.442711572945115,0.007035277,0.07939453125,20.196523666381836,-0.5642071162909269,0.2,0.00022079999999999997
266,6001.96,1025.3378269300001,92667,2723840,29,-0.0021600099327042698,2650,0.00851505994796753,44.143582288324836,0.0062938407,0.071806640625,0.6564146876335144,-0.563909660577774,0.2,0.00022049999999999997
267,6002.24,1025.386715,92815,2734080,29,-0.0031393463432323188,2660,0.006329357624053955,22.38236736789346,0.0077746594,0.086337890625,6.649470806121826,-0.5700623635947705,0.2,0.00022019999999999999
268,6000.5,1025.69091119,92970,2744320,29,-0.003794831841951236,2670,0.008470773696899414,44.2521639841795,0.0068534166,0.08966796875,19.63810157775879,-0.5782297902554273,0.2,0.00021989999999999998
269,5994.6,1025.97040619,93106,2754560,29,-0.0023097347366274334,2680,-0.0025938749313354492,44.59694023951888,0.008525053,0.081728515625,12.368045806884766,-0.5819222599267959,0.2,0.00021959999999999997
270,5994.0,1025.88132776,93253,2764800,29,-0.0016818826616508886,2690,0.004536032676696777,23.018378916978836,0.0056831287,0.05990234375,1.4289755821228027,-0.5608866238594055,0.2,0.00021929999999999996
271,5998.07,1025.9000668899998,94206,2775040,29,-0.002442191737354733,2700,0.0018374323844909668,44.59976742208004,0.010171734,0.085888671875,2.873847484588623,-0.5299924803525209,0.2,0.00021899999999999998
272,5997.95,1025.9983181199998,94359,2785280,29,-0.0036895624556927942,2710,0.007320225238800049,44.51658122867346,0.008343325,0.0659765625,46.43476104736328,-0.5836938289552926,0.2,0.00021869999999999998
273,5995.14,1026.1330127699998,94487,2795520,29,-0.00360867428855272,2720,0.001794576644897461,44.22019078880548,0.0077783065,0.0863671875,19.087154388427734,-0.598755464553833,0.2,0.00021839999999999997
274,5990.11,1026.33297821,94636,2805760,29,-0.002465000591473654,2730,-0.0019048452377319336,22.99369250372052,0.0065994663,0.063916015625,0.5300878286361694,-0.6277985261380672,0.2,0.00021809999999999996
275,5989.14,1026.4366757300002,94793,2816000,29,-0.002877592124568764,2740,-0.000324249267578125,44.24017031550407,0.007604587,0.08375,26.2244930267334,-0.6157019081711769,0.2,0.00021779999999999998
276,5989.05,1026.41959312,95729,2826240,29,-0.0021601967330207115,2750,0.005679070949554443,44.7860478129983,0.0062697707,0.066337890625,17.321399688720703,-0.5814460033178329,0.2,0.00021749999999999997
277,5990.32,1026.4727466299998,95877,2836480,29,-0.00200406854681205,2760,0.005692958831787109,22.33809368431568,0.005620555,0.062197265625,4.5399675369262695,-0.5386347585916519,0.2,0.00021719999999999997
278,5985.1,1026.82375276,96029,2846720,29,-0.0039033678370469717,2770,0.002427041530609131,44.0767785102129,0.013702719,0.098671875,3.7497732639312744,-0.5530326674133539,0.2,0.0002169
279,5985.0,1026.9407479,96185,2856960,29,-0.0019180295773549006,2780,0.01178199052810669,43.4939666813612,0.0070165256,0.076064453125,0.7397295236587524,-0.5591077598184347,0.2,0.00021659999999999998
280,5988.14,1026.88734366,96315,2867200,29,-0.0027335485350340606,2790,0.016888082027435303,43.187294189035896,0.007590033,0.06322265625,9.69130802154541,-0.5463633839040994,0.2,0.00021629999999999997
281,5986.13,1027.1634222399998,97267,2877440,29,-0.002511753721628338,2800,0.0021317005157470703,22.631135419160127,0.0090288995,0.08859375,50.530723571777344,-0.5320608059316874,0.2,0.00021599999999999996
282,5983.75,1027.54466864,97420,2887680,29,-0.0028918804848217404,2810,0.010422229766845703,44.1595261284709,0.0089099575,0.071806640625,21.47003936767578,-0.5175705756992102,0.2,0.00021569999999999998
283,5984.06,1027.5310248199999,97554,2897920,29,-0.0019623391248751432,2820,0.016085565090179443,43.28700178235769,0.0049003614,0.04578125,0.8435633778572083,-0.5251874814927578,0.2,0.00021539999999999998
284,5982.73,1027.64640793,97700,2908160,29,-0.0018341316116857343,2830,0.012586653232574463,22.82648091748357,0.0049337163,0.05919921875,13.180659294128418,-0.4848443270474672,0.2,0.0002151
285,5982.5,1027.60613242,97853,2918400,29,-0.001973394579545129,2840,0.010067284107208252,44.235086650550365,0.007455205,0.065048828125,0.6978120803833008,-0.49280657440423964,0.2,0.00021479999999999996
286,5983.46,1027.44220124,98797,2928640,29,-0.002446683993912302,2850,0.0023404359817504883,43.62942435473204,0.0073013445,0.0670703125,41.62469482421875,-0.4752905537188053,0.2,0.0002145
287,5983.29,1027.47222943,98926,2938880,29,-0.002760151108086575,2860,0.005892038345336914,44.836345745921136,0.0072648423,0.0829296875,17.675037384033203,-0.4753710854798555,0.2,0.00021419999999999998
288,5980.73,1027.7337675899998,99074,2949120,29,-0.002181904085809947,2870,0.009073495864868164,22.772937748879194,0.0070894,0.063984375,16.833036422729492,-0.46015922375023366,0.2,0.0002139
289,5984.51,1027.80203115,99227,2959360,29,-0.0024647669843398034,2880,0.00013381242752075195,44.97612105280161,0.008562865,0.08326171875,39.94435501098633,-0.47204169280827046,0.2,0.00021359999999999996
290,5981.09,1028.2285376999998,99379,2969600,29,-0.0014925347571261227,2890,0.004657566547393799,45.0725828525424,0.006437981,0.072265625,8.419759750366211,-0.4653569109737873,0.2,0.0002133
291,5980.38,1028.3824496799998,100305,2979840,29,-0.0019942902112961747,2900,0.004799365997314453,44.70107376813888,0.0058465963,0.06349609375,21.938087463378906,-0.48811766296625136,0.2,0.00021299999999999997
292,5978.16,1028.4612946099999,100456,2990080,29,-0.003457026094547473,2910,0.005095422267913818,22.878433174788952,0.009128369,0.0744921875,13.854713439941406,-0.4647345455735922,0.2,0.0002127
293,5977.37,1028.40750439,100608,3000320,29,-0.0016257841448532417,2920,0.006253182888031006,45.4502185305953,0.0053448454,0.060068359375,86.7997055053711,-0.4911052302271128,0.2,0.00021239999999999996
294,5979.37,1028.2597329,100741,3010560,29,-0.003102390542626381,2930,-0.0037227869033813477,44.56758467078209,0.008815563,0.077490234375,42.92508316040039,-0.5191674324870109,0.2,0.0002121
295,5977.48,1028.49250722,100888,3020800,29,-0.0019974134385120123,2940,0.012525022029876709,22.871765990257263,0.005647329,0.0689453125,22.490835189819336,-0.48754345007240774,0.2,0.00021179999999999997
296,5975.84,1028.49066178,101842,3031040,29,-0.003840994277852587,2950,0.007898449897766113,45.01433968633413,0.007602346,0.0847265625,18.4468994140625,-0.49182957619428636,0.2,0.0002115
297,5979.27,1028.34572273,101977,3041280,29,-0.0022297481101122684,2960,0.005299389362335205,44.981558180451394,0.006712538,0.06431640625,0.6044740080833435,-0.5000501023232937,0.2,0.00021119999999999996
298,5982.16,1028.0876541200003,102122,3051520,29,-0.002375572507153265,2970,0.012548625469207764,22.489547927379608,0.0047362065,0.0709765625,39.029396057128906,-0.4718469271063805,0.2,0.0002109
299,5984.86,1027.9892172500001,102275,3061760,29,-0.0027728105180722194,2980,0.006653487682342529,45.021054303348066,0.0053556906,0.07625,15.507433891296387,-0.48211509197950364,0.2,0.00021059999999999997
300,5986.47,1028.02837255,102428,3072000,29,-0.0021519109452492555,2990,0.010397553443908691,44.33279595732689,0.007685221,0.074765625,7.900580883026123,-0.5041056346148253,0.2,0.0002103
301,5988.23,1028.1419109200003,103352,3082240,29,-0.003666076909867115,3000,0.0032657384872436523,44.285759731531144,0.007902637,0.086025390625,4.3037004470825195,-0.48551002480089667,0.2,0.00020999999999999998
302,5987.75,1028.2369808600001,103504,3092480,29,-0.0026151110604405404,3010,0.007740139961242676,23.056190142184494,0.0068068923,0.07970703125,26.422138214111328,-0.5100648137181998,0.2,0.0002097
303,5986.83,1028.15919831,103658,3102720,29,-0.0036293834072421306,3020,-8.881092071533203e-05,44.82617059141398,0.0077186897,0.05958984375,18.08568000793457,-0.525110451951623,0.2,0.00020939999999999997
304,5989.47,1028.0697933200001,103785,3112960,29,-0.00214116225761245,3030,0.007890462875366211,45.15719042539597,0.007326296,0.08291015625,13.91648006439209,-0.5065087788552046,0.2,0.00020910000000000001
305,5990.22,1028.08507605,103937,3123200,30,-0.0037274277678807266,3040,0.003698408603668213,22.729903297275303,0.005031293,0.06611328125,26.735448837280273,-0.5076264915615321,0.2,0.00020879999999999998
306,5989.14,1028.32802451,104881,3133440,29,-0.002522298441908788,3050,0.0026833415031433105,44.441082372665406,0.0070551196,0.07279296875,35.33795166015625,-0.49940232969820497,0.2,0.0002085
307,5990.38,1028.21371419,105013,3143680,29,-0.0018878996523562818,3060,0.014578640460968018,44.877323354184625,0.0052432087,0.05255859375,35.91594314575195,-0.4952309735119343,0.2,0.00020819999999999996
308,5994.41,1028.26010607,105163,3153920,29,-0.00346690811420558,3070,0.011470377445220947,23.026503600925206,0.006523999,0.07462890625,0.6953592896461487,-0.48667018055915834,0.2,0.0002079
309,5993.35,1028.24828618,105315,3164160,30,-0.002683934745437,3080,0.008560776710510254,44.86590153932571,0.00744221,0.078525390625,15.5853910446167,-0.509122081771493,0.2,0.00020759999999999998
310,5989.88,1028.30387827,105470,3174400,30,-0.0021284677548101174,3090,0.010247230529785156,45.373888211548326,0.007889573,0.074130859375,69.34229278564453,-0.5093451931327582,0.2,0.0002073
311,5990.34,1028.29413824,106402,3184640,29,-0.00205202179698972,3100,0.011079490184783936,44.50798815429211,0.006078463,0.0570703125,0.7066251039505005,-0.4963691971451044,0.2,0.00020699999999999996
312,5991.93,1028.36432467,106554,3194880,29,-0.0034103742183651774,3110,0.0103074312210083,23.21948662430048,0.008354637,0.088330078125,7.327245712280273,-0.5208623886108399,0.2,0.0002067
313,5990.04,1028.55032921,106707,3205120,30,-0.003404301927948836,3120,0.006610274314880371,44.58852641314268,0.0078965,0.086259765625,12.428441047668457,-0.5171610943973064,0.2,0.00020639999999999998
314,5989.86,1028.607842,106839,3215360,30,-0.0030492654524277895,3130,0.005531430244445801,44.403576459288594,0.009180623,0.1014453125,0.6001850962638855,-0.5119184079766274,0.2,0.0002061
315,5990.23,1028.4246572,106989,3225600,30,-0.0021104400971671566,3140,0.0031967759132385254,23.09307159021497,0.0049945875,0.057548828125,0.758578896522522,-0.5047186771780252,0.2,0.00020579999999999996
316,5991.24,1028.33140278,107940,3235840,29,-0.0035149120088317433,3150,0.009415149688720703,44.79833284944296,0.008199861,0.067197265625,11.61656665802002,-0.5146846402436495,0.2,0.0002055
317,5990.64,1028.3755500800003,108075,3246080,30,-0.0026446255567134356,3160,0.01017850637435913,45.938067826926705,0.010306666,0.069697265625,18.671648025512695,-0.5277597752958536,0.2,0.00020519999999999997
318,5989.32,1028.3922931900001,108223,3256320,30,-0.0037415240437258033,3170,0.008517801761627197,22.282941027730704,0.008302182,0.08234375,0.4419042468070984,-0.5129026710242033,0.2,0.0002049
319,5990.99,1028.32965708,108375,3266560,30,-0.003285964145034086,3180,0.004720926284790039,44.526341802179815,0.008408388,0.08546875,1.2655463218688965,-0.5542813683301211,0.2,0.00020459999999999996
320,5987.34,1028.41859982,108528,3276800,30,-0.002446652409853414,3190,0.01522916555404663,45.362421261966226,0.006186988,0.04841796875,37.62386703491211,-0.5720542414486408,0.2,0.0002043
321,5985.49,1028.57360537,109463,3287040,30,-0.004344157384475693,3200,0.01718693971633911,45.0822141084075,0.007450634,0.08380859375,46.26584243774414,-0.5799707746505738,0.2,0.00020399999999999997
322,5987.98,1028.21517066,109609,3297280,30,-0.0029034084669547155,3210,0.01695859432220459,22.332269065380096,0.0071952804,0.070703125,0.4161524474620819,-0.5726125529408455,0.2,0.0002037
323,5991.48,1028.24093739,109762,3307520,30,-0.0023953700956190005,3220,0.008245468139648438,45.05289705067873,0.0058708377,0.055693359375,21.466630935668945,-0.5494547843933105,0.2,0.00020339999999999996
324,5990.85,1028.2913426799998,109897,3317760,30,-0.0032638773461803796,3230,0.00938504934310913,44.03269084781408,0.007533113,0.09060546875,0.5813763737678528,-0.6182591959834098,0.2,0.0002031
325,5989.1,1028.04568483,110045,3328000,30,-0.0025941472096019423,3240,0.01810169219970703,23.1335024279356,0.006837337,0.076728515625,6.06605863571167,-0.5670765304565429,0.2,0.00020279999999999997
326,5988.25,1028.1670435400001,110999,3338240,30,-0.003290171269327402,3250,0.006897270679473877,45.482844967842105,0.005995569,0.0794921875,48.56478500366211,-0.5867447198927402,0.2,0.0002025
327,5989.09,1028.1061875,111153,3348480,30,-0.0028044362436048685,3260,0.006703019142150879,44.933660350739956,0.006829289,0.058935546875,1.2408934831619263,-0.6077580921351909,0.2,0.00020219999999999995
328,5990.91,1028.0898196299997,111282,3358720,30,-0.0030435486034548374,3270,0.0015114545822143555,44.03411488890648,0.0077497913,0.065478515625,41.59050750732422,-0.6006355328857899,0.2,0.0002019
329,5986.8,1028.3385819199998,111431,3368960,30,-0.0030593995045637714,3280,0.0026114583015441895,23.222461240887643,0.005498693,0.07921875,0.6993325352668762,-0.5919639694690705,0.2,0.00020159999999999997
330,5986.98,1028.40119305,111588,3379200,30,-0.0025733994090842314,3290,0.00429922342300415,45.15892434030771,0.012665434,0.086884765625,77.2435073852539,-0.6082900002598762,0.2,0.0002013
331,5984.56,1028.4479971600003,112512,3389440,30,-0.0032387772973743265,3300,-0.005183100700378418,45.03495735287666,0.006613252,0.07068359375,0.8179008364677429,-0.6508483891189099,0.2,0.00020099999999999995
332,5987.37,1028.28407347,112657,3399680,30,-0.0036230385501403364,3310,-0.0011993646621704102,23.17558131366968,0.007170584,0.06361328125,0.8005741238594055,-0.6184757675230503,0.2,0.0002007
333,5991.38,1028.00280902,112808,3409920,30,-0.003596534037205856,3320,0.0019189715385437012,44.704893800020216,0.0081879,0.077060546875,10.259209632873535,-0.6352627052366734,0.2,0.00020039999999999997
334,5991.18,1028.14530185,112964,3420160,30,-0.0029989816033048557,3330,0.009315788745880127,44.462304108440875,0.00558304,0.056728515625,15.785820007324219,-0.6025699524581433,0.2,0.00020009999999999998
335,5991.49,1028.1886947899998,113092,3430400,30,-0.002471094011561945,3340,0.0073340535163879395,45.46048572272062,0.0050518834,0.062431640625,22.08831214904785,-0.630792174488306,0.2,0.00019979999999999995
336,5991.54,1028.0947824700002,114038,3440640,30,-0.002211705243680626,3350,0.01217031478881836,22.82349132090807,0.0061605633,0.077509765625,3.770673990249634,-0.648805381655693,0.2,0.0001995
337,5994.79,1027.9829851800002,114189,3450880,30,-0.004003492002375424,3360,0.006597280502319336,44.13565116360783,0.008583327,0.0773828125,4.472218990325928,-0.6356946340203286,0.2,0.00019919999999999996
338,5992.31,1028.0778322400001,114319,3461120,30,-0.003272448946372606,3370,0.0009540915489196777,44.685280487835406,0.009502711,0.07669921875,18.641319274902344,-0.644272575378418,0.2,0.00019889999999999998
339,5990.31,1027.99418067,114466,3471360,30,-0.002719017933268333,3380,-0.002517223358154297,23.057288884818554,0.0069868327,0.07029296875,6.65037727355957,-0.659097785949707,0.2,0.00019859999999999995
340,5991.35,1027.93742783,114620,3481600,30,-0.002811577673564898,3390,0.004954397678375244,45.03989384710789,0.006336791,0.0408203125,8.923712730407715,-0.6385626117885113,0.2,0.0001983
341,5994.22,1027.7049256100001,115569,3491840,30,-0.004203439135744702,3400,0.00678020715713501,44.671000580787656,0.0077551575,0.06751953125,4.5957255363464355,-0.6388921943306923,0.2,0.00019799999999999996
342,5995.94,1027.71060663,115694,3502080,30,-0.0040124838377232665,3410,0.024458885192871094,46.10879020303488,0.0067548566,0.070263671875,10.665793418884277,-0.6163213896751404,0.2,0.00019769999999999998
343,5998.57,1027.55393767,115845,3512320,30,-0.0035048386693233625,3420,0.060629069805145264,22.936386193037034,0.0063703107,0.06888671875,2.3721301555633545,-0.611335358172655,0.2,0.00019739999999999995
344,6000.77,1027.53114714,116001,3522560,30,-0.0039818442988325846,3430,0.0075508952140808105,45.54476848423481,0.0068033547,0.066259765625,29.212331771850586,-0.6441708754003048,0.2,0.0001971
345,6001.99,1027.62195777,116128,3532800,30,-0.0035559418657794594,3440,0.0025135278701782227,44.88332079142332,0.008629117,0.078818359375,10.50402545928955,-0.6345169997215271,0.2,0.00019679999999999999
346,6005.11,1027.4357052599998,117062,3543040,30,-0.002197135680471547,3450,0.002579033374786377,23.175287406891584,0.008082792,0.072958984375,44.527252197265625,-0.6202951110899448,0.2,0.00019649999999999998
347,6001.59,1027.50233295,117212,3553280,30,-0.002146658000710886,3460,0.004630982875823975,45.32792105555534,0.005756988,0.073818359375,18.673229217529297,-0.638243044167757,0.2,0.0001962
348,6001.33,1027.34497828,117341,3563520,30,-0.0033737853553611787,3470,0.0024448037147521973,44.34805705279112,0.008343866,0.07810546875,70.06430053710938,-0.6537129509449006,0.2,0.0001959
349,6003.99,1027.10688494,117485,3573760,30,-0.0030927034278283826,3480,0.005124449729919434,22.90342847943306,0.0077180103,0.0826953125,2.066746473312378,-0.6379063510894776,0.2,0.00019559999999999998
350,6003.87,1027.15746716,117634,3584000,30,-0.003296193697315175,3490,0.008910000324249268,45.462713167369365,0.005518975,0.044033203125,0.7503014802932739,-0.6235338348150253,0.2,0.00019529999999999998
351,6006.5,1026.9991240300003,118571,3594240,30,-0.003685776122729294,3500,0.014988303184509277,44.813018687963485,0.011945767,0.086015625,19.637216567993164,-0.67340500831604,0.2,0.000195
352,6007.1,1026.9856513900004,118700,3604480,30,-0.0037898138508899136,3510,0.0026627182960510254,44.80836894840002,0.0067234538,0.055810546875,2.1674954891204834,-0.6647988499701023,0.2,0.0001947
353,6005.48,1027.08259793,118844,3614720,30,-0.0029997814149828627,3520,-0.0031069517135620117,22.58172866538167,0.007412342,0.080185546875,0.5437502861022949,-0.6477454240620136,0.2,0.00019439999999999998
354,6008.49,1027.0565420599999,118995,3624960,30,-0.002598453399841674,3530,0.004721879959106445,44.72912233054638,0.007868335,0.08052734375,51.63346481323242,-0.6617469047009945,0.2,0.0001941
355,6008.55,1027.1189380100002,119124,3635200,30,-0.0015970297341118566,3540,0.0049492716789245605,44.42270070254803,0.0056089135,0.037138671875,35.94362258911133,-0.6445015200972557,0.2,0.0001938
356,6000.46,1027.45720587,120061,3645440,30,-0.0025168925718753597,3550,0.013664841651916504,23.17423005029559,0.006574872,0.086025390625,14.613804817199707,-0.6930388841032982,0.2,0.0001935
357,6001.95,1027.31634983,120215,3655680,30,-0.0031444769454537893,3560,0.005515575408935547,45.22653112530708,0.008584617,0.068291015625,20.746633529663086,-0.676282343864441,0.2,0.00019319999999999998
358,5996.11,1027.6291082300002,120367,3665920,30,-0.003163246208569035,3570,0.0028557181358337402,45.70516433507204,0.0067235357,0.064794921875,3.768273115158081,-0.6860310271382332,0.2,0.0001929
359,5995.45,1027.64150599,120495,3676160,30,-0.0031812692288076504,3580,0.005472958087921143,44.624810929000375,0.0066671646,0.093271484375,66.39163208007812,-0.697046080827713,0.2,0.0001926
360,5998.02,1027.3918439300003,120642,3686400,30,-0.0027143782618804834,3590,-0.006944060325622559,23.414853324145078,0.0062601953,0.061416015625,16.679716110229492,-0.7074770510196686,0.2,0.00019229999999999999
361,5994.67,1027.79036584,121588,3696640,30,-0.00396303410991095,3600,0.0007829666137695312,44.4698605132103,0.008517062,0.079287109375,16.57056427001953,-0.6758983944356441,0.2,0.00019199999999999998
362,5993.97,1027.80275438,121719,3706880,30,-0.002620667276059976,3610,0.007304489612579346,45.33122762143612,0.0060263113,0.066171875,30.509801864624023,-0.677544929087162,0.2,0.0001917
363,5988.7,1027.9078739499998,121866,3717120,30,-0.0032284987572347747,3620,0.012662410736083984,22.77939810976386,0.005747763,0.052998046875,1.7109427452087402,-0.7040268255770207,0.2,0.0001914
364,5987.73,1027.78950995,122019,3727360,30,-0.005089925695792772,3630,-0.0009020566940307617,45.35553113371134,0.0074717044,0.062158203125,47.55717849731445,-0.6954591716825962,0.2,0.00019109999999999998
365,5990.47,1027.7336977599998,122173,3737600,30,-0.0031336812124936842,3640,-0.0003172159194946289,45.156761888265606,0.007270099,0.0829296875,6.940877914428711,-0.6839926689863205,0.2,0.00019079999999999998
366,5989.87,1027.66678039,123097,3747840,30,-0.005058018610143335,3650,0.004465878009796143,44.28340846389532,0.0072148023,0.068779296875,30.96597671508789,-0.6456068328022957,0.2,0.0001905
367,5989.9,1027.6008907799996,123247,3758080,30,-0.003960032432805747,3660,0.007723212242126465,23.189978282898664,0.008009136,0.0690625,4.667583465576172,-0.6323679666221141,0.2,0.0001902
368,5995.25,1027.56082452,123403,3768320,30,-0.002491298234672286,3670,0.007072091102600098,44.429507723748685,0.0077474257,0.0725390625,45.95606994628906,-0.6601578359305859,0.2,0.00018989999999999998
369,5995.83,1027.5128364099999,123532,3778560,30,-0.003315212086890824,3680,0.0022637248039245605,44.553359000086786,0.0068668276,0.059716796875,10.22670841217041,-0.6248491556942463,0.2,0.00018959999999999997
370,5997.32,1027.36994218,123682,3788800,30,-0.0036235361528815704,3690,0.005571544170379639,22.383099846839905,0.0065796496,0.090859375,1.404900074005127,-0.6754418848454953,0.2,0.0001893
371,5993.52,1027.4476892599998,124670,3799040,30,-0.004268369806231931,3700,-0.0005980730056762695,45.100556358098984,0.009461703,0.097119140625,7.938630104064941,-0.6618239901959896,0.2,0.00018899999999999999
372,5996.02,1027.25548201,124815,3809280,30,-0.003093290634569712,3710,0.003443598747253418,43.974422930777074,0.00564848,0.06548828125,2.2872002124786377,-0.6673721338808537,0.2,0.00018869999999999998
373,5998.66,1027.27291795,124980,3819520,30,-0.003125079945893958,3720,0.007862329483032227,23.04979711204767,0.0071170004,0.07884765625,29.06926155090332,-0.6051668213307857,0.2,0.00018839999999999997
374,5994.51,1027.5123758199998,125155,3829760,30,-0.0035274840003694406,3730,0.0022566914558410645,45.08935276955366,0.007042979,0.06201171875,11.630745887756348,-0.6275123792886734,0.2,0.0001881
375,5992.85,1027.4406943399997,125314,3840000,30,-0.003838752218580339,3740,0.010565042495727539,44.479861092269424,0.007875465,0.077900390625,19.86869239807129,-0.6543598879873752,0.2,0.00018779999999999998
376,5993.55,1027.51863998,126247,3850240,30,-0.001774888513609767,3750,0.01766413450241089,44.109256313741206,0.006119898,0.043125,6.649774551391602,-0.6628919515013695,0.2,0.00018749999999999998
377,5994.95,1027.27971367,126401,3860480,30,-0.0036626777416677216,3760,0.0049599409103393555,22.92896115332842,0.0069681047,0.083701171875,0.7092922329902649,-0.6215380208194256,0.2,0.0001872
378,5996.16,1027.28438433,126556,3870720,30,-0.002041961466893554,3770,0.012171566486358643,44.67046471893787,0.0077822595,0.055068359375,1.5713789463043213,-0.6528347246348858,0.2,0.0001869
379,6001.76,1027.08860609,126686,3880960,30,-0.002987904216715833,3780,0.009193360805511475,45.1376460967958,0.009131362,0.0609375,0.4840381443500519,-0.6611508429050446,0.2,0.00018659999999999998
380,6007.42,1026.8017869699997,126836,3891200,30,-0.004102936148410663,3790,0.004479408264160156,23.43073981642723,0.0068207188,0.0733984375,7.044362545013428,-0.6714886385202408,0.2,0.00018629999999999997
381,6004.37,1026.9719041199999,127794,3901440,30,-0.0037273055157857017,3800,0.0071648359298706055,45.12878277480602,0.0071799844,0.08265625,20.6092472076416,-0.6674004694819451,0.2,0.000186
382,6001.71,1027.00912313,127927,3911680,30,-0.0029621990770101548,3810,0.016561806201934814,44.320391150712965,0.006513357,0.069140625,14.77937126159668,-0.6767223379015923,0.2,0.0001857
383,6001.84,1026.8671003299999,128073,3921920,30,-0.003690206554310862,3820,0.018339455127716064,23.033935035318137,0.0074261366,0.08216796875,7.124794960021973,-0.6849697190523147,0.2,0.00018539999999999998
384,6006.27,1026.5823906199998,128227,3932160,30,-0.0038468983932398258,3830,0.011103510856628418,44.96692436873913,0.007182583,0.065458984375,6.112175941467285,-0.6629803341627121,0.2,0.00018509999999999997
385,6007.04,1026.53987732,128363,3942400,30,-0.002441714079468511,3840,0.002691030502319336,44.3325390958786,0.0065419115,0.05259765625,66.71148681640625,-0.6499984666705132,0.2,0.0001848
386,6009.01,1026.5630507,129318,3952640,30,-0.002784427956212312,3850,0.010002851486206055,22.347809966504574,0.00605551,0.051171875,21.416006088256836,-0.6825114439427853,0.2,0.00018449999999999999
387,6007.37,1026.6991401799999,129467,3962880,30,-0.0036531787436979357,3860,0.004521429538726807,44.77069804608822,0.007451886,0.0866015625,1.4503719806671143,-0.6646617940068245,0.2,0.00018419999999999998
388,6004.41,1026.5873100899998,129620,3973120,30,-0.004084869366633939,3870,0.00016158819198608398,45.25543006896973,0.007866813,0.067734375,23.610448837280273,-0.690226331204176,0.2,0.00018389999999999997
389,6007.35,1026.3421611899998,129750,3983360,30,-0.0031704871507827193,3880,-0.0016831159591674805,44.95569579422474,0.0070925253,0.06248046875,20.00710105895996,-0.6968226982653141,0.2,0.0001836
390,6004.85,1026.4630564400002,129902,3993600,30,-0.0025342902878765015,3890,0.004407763481140137,23.276894292384387,0.0074609816,0.06509765625,21.978126525878906,-0.6600180618464947,0.2,0.00018329999999999998
391,6008.67,1026.3618917400001,130847,4003840,30,-0.00397028663137462,3900,0.0015140771865844727,44.50000286877155,0.007469413,0.072890625,1.3261144161224365,-0.688716449290514,0.2,0.00018299999999999998
392,6009.87,1026.39354909,130983,4014080,30,-0.003932319310843013,3910,0.01173698902130127,44.51443104177714,0.008092399,0.10724609375,1.1582273244857788,-0.6789913515746594,0.2,0.00018269999999999997
393,6006.78,1026.48564988,131131,4024320,30,-0.00208151388229453,3920,-0.006712079048156738,22.761959371864794,0.006688811,0.050673828125,13.185906410217285,-0.6815716920793057,0.2,0.0001824
394,6006.29,1026.3682984499999,131281,4034560,30,-0.003241476555413101,3930,0.0009354948997497559,44.85709237068892,0.009057859,0.074296875,15.829791069030762,-0.692451796233654,0.2,0.00018209999999999998
395,6005.87,1026.41006819,131436,4044800,30,-0.003729659844539128,3940,0.002354443073272705,44.5465154017508,0.008963901,0.09376953125,6.068440914154053,-0.6654830834269524,0.2,0.00018179999999999997
396,6004.88,1026.5907308100002,132359,4055040,30,-0.0025543557145283557,3950,0.0077056884765625,43.95191916912794,0.006893254,0.07134765625,30.506650924682617,-0.6672021192312241,0.2,0.00018149999999999997
397,6005.08,1026.68445177,132509,4065280,30,-0.0030747321611852385,3960,0.010580897331237793,22.968308923095464,0.007852762,0.07427734375,12.130831718444824,-0.6675651735067367,0.2,0.00018119999999999999
398,6008.18,1026.67851166,132662,4075520,30,-0.003143167162197642,3970,0.0025987625122070312,44.661769189834594,0.0066314936,0.067099609375,54.751956939697266,-0.6802747724950313,0.2,0.00018089999999999998
399,6008.17,1026.5611632500002,132795,4085760,30,-0.003542244001873769,3980,-0.0037164688110351562,44.44285874724388,0.0092999255,0.069775390625,51.0523567199707,-0.6857644765079022,0.2,0.00018059999999999997
400,6006.41,1026.67313796,132944,4096000,30,-0.003169856200693175,3990,-0.00021648406982421875,22.65448788434267,0.006400405,0.07099609375,26.463899612426758,-0.660877270847559,0.2,0.00018029999999999996
401,6005.47,1026.68900686,133901,4106240,30,-0.0043912316852947695,4000,0.0023441314697265625,44.86700235366821,0.008509919,0.079921875,39.284156799316406,-0.6907956251502037,0.2,0.00017999999999999998
402,6002.27,1026.70178362,134056,4116480,30,-0.0022769849933683872,4010,0.0028624534606933594,44.420620717704296,0.006950154,0.058486328125,72.20350646972656,-0.6664493663609028,0.2,0.00017969999999999998
403,6000.11,1026.74381156,134185,4126720,30,-0.0030839111804380082,4020,0.0012983083724975586,45.166994301974775,0.0065942965,0.09064453125,12.157976150512695,-0.666947218477726,0.2,0.00017939999999999997
404,5996.54,1026.67413894,134335,4136960,30,-0.0037028870737412945,4030,0.00422978401184082,23.04840402558446,0.008099499,0.081943359375,26.64961814880371,-0.6769052073359489,0.2,0.0001791
405,5997.05,1026.90947204,134489,4147200,30,-0.0032132808599271813,4040,0.0009880661964416504,45.00985598266125,0.00526714,0.048798828125,2.523719072341919,-0.6736177806556225,0.2,0.00017879999999999998
406,5997.46,1026.6715848400002,135435,4157440,30,-0.00384869633737253,4050,-0.0008161067962646484,44.23810886085033,0.007099831,0.0603515625,64.0025863647461,-0.6663628795742988,0.2,0.00017849999999999997
407,5998.51,1026.69863486,135580,4167680,30,-0.0034743521496420726,4060,-0.0006200075149536133,22.357886204719545,0.007448317,0.063134765625,9.910897254943848,-0.6599812003970146,0.2,0.00017819999999999997
408,6000.48,1026.6437444100002,135733,4177920,30,-0.004163962612510659,4070,0.0074942708015441895,44.60350857615471,0.008004012,0.087421875,26.48489761352539,-0.66199697047472,0.2,0.0001779
409,5996.37,1026.6338029,135885,4188160,30,-0.0030897717137122528,4080,0.010621845722198486,44.48569237560034,0.0066326545,0.06845703125,19.693429946899414,-0.6434411089122295,0.2,0.0001776
410,5995.68,1026.80057588,136013,4198400,30,-0.003254717338422779,4090,0.008899986743927002,44.46812258303166,0.008256453,0.07626953125,5.5624775886535645,-0.6434722238779068,0.2,0.00017729999999999997
411,5997.94,1026.6010223900003,136964,4208640,30,-0.00200918038492091,4100,0.024600982666015625,22.74725954413414,0.0065634088,0.072734375,3.308061122894287,-0.692989504635334,0.2,0.00017700000000000002
412,5992.22,1026.75708748,137116,4218880,30,-0.002804510721180122,4110,0.014383554458618164,44.302098741531374,0.0047469633,0.047080078125,3.0741629600524902,-0.6584994491934776,0.2,0.00017669999999999999
413,5988.11,1026.83691192,137272,4229120,30,-0.0039441830880241465,4120,0.016145825386047363,44.42955579698086,0.0072838143,0.078701171875,30.079442977905273,-0.7026340393722057,0.2,0.0001764
414,5992.78,1026.7181395199998,137402,4239360,30,-0.003514408103947062,4130,-0.011397719383239746,45.07328760415316,0.006906026,0.05658203125,34.28577423095703,-0.679287815541029,0.2,0.00017609999999999997
415,5991.91,1026.91004168,137554,4249600,30,-0.003215934940672014,4140,0.00158768892288208,23.266625240296126,0.0069370135,0.060146484375,45.88307189941406,-0.6905359770357609,0.2,0.00017580000000000002
416,5991.57,1026.79925852,138506,4259840,30,-0.0028817580713075587,4150,0.0009617209434509277,44.995639646351336,0.0066673933,0.05423828125,38.48048782348633,-0.6695101642608643,0.2,0.00017549999999999998
417,5992.02,1026.75570356,138640,4270080,30,-0.0038423591671744362,4160,0.0030742287635803223,44.83080125123262,0.008957317,0.078193359375,40.31814193725586,-0.682839062511921,0.2,0.0001752
418,5991.57,1027.02135681,138790,4280320,30,-0.003908628767239861,4170,0.011997699737548828,23.41938859909773,0.007049122,0.089833984375,46.65972137451172,-0.6759008011221885,0.2,0.00017489999999999997
419,5990.67,1026.93144232,138944,4290560,30,-0.003965567965351511,4180,0.0008004903793334961,44.58706458985805,0.0077521293,0.06716796875,25.381393432617188,-0.6963850715756417,0.2,0.00017460000000000002
420,5991.56,1026.98470343,139098,4300800,30,-0.0031228387466399,4190,0.0033606290817260742,45.13889371275902,0.008557271,0.08640625,18.156776428222656,-0.6769123935699463,0.2,0.00017429999999999998
421,5991.39,1026.99496813,140040,4311040,30,-0.004954512140539009,4200,0.008228182792663574,44.513909336924556,0.008402142,0.1003515625,76.68588256835938,-0.7062741014361381,0.2,0.000174
422,5997.94,1026.59921243,140197,4321280,30,-0.0027573038433911278,4210,0.00746530294418335,22.84351309508085,0.0059224195,0.05408203125,0.9776045083999634,-0.6953948843479156,0.2,0.00017369999999999997
423,5997.29,1026.70661686,140357,4331520,30,-0.0035409202447044662,4220,-0.0006053447723388672,44.958800194859506,0.007729088,0.082041015625,1.4698396921157837,-0.7145349088311196,0.2,0.0001734
424,5994.47,1026.76670945,140490,4341760,30,-0.0036075207698740997,4230,0.0048694610595703125,44.6018606248498,0.0056385584,0.04283203125,28.386554718017578,-0.7173786161839962,0.2,0.00017309999999999998
425,5995.57,1026.8389774100003,140643,4352000,30,-0.0033669108964386398,4240,0.01356494426727295,23.373092838823794,0.0068925964,0.05451171875,3.9776220321655273,-0.7092930033802987,0.2,0.0001728
426,5996.54,1026.6952497900002,141615,4362240,30,-0.00289449182106182,4250,0.0001595616340637207,45.12766930490732,0.0076708137,0.071044921875,25.854055404663086,-0.7073423248529435,0.2,0.00017249999999999996
427,5994.2,1026.84730032,141752,4372480,30,-0.003710224185779225,4260,0.010533571243286133,44.443214897811416,0.008484123,0.066591796875,43.38326644897461,-0.7192292043566704,0.2,0.0001722
428,5990.39,1026.9290248099999,141908,4382720,30,-0.002856167725403793,4270,0.03058570623397827,23.5086478343606,0.0066170036,0.063955078125,0.6908434629440308,-0.7220263485610485,0.2,0.00017189999999999998
429,5989.59,1026.92240383,142067,4392960,30,-0.0034942014829721303,4280,0.015213429927825928,45.13929768234491,0.010059105,0.087861328125,13.178510665893555,-0.701908570677042,0.2,0.0001716
430,5987.19,1027.0921727000002,142225,4403200,30,-0.003931943824572954,4290,0.004244208335876465,44.51616219460964,0.007907589,0.084189453125,24.91210174560547,-0.6883284343779087,0.2,0.00017129999999999996
431,5986.12,1027.1424993100002,143180,4413440,30,-0.003841997418203391,4300,0.005067944526672363,44.843510314524174,0.008248169,0.075673828125,32.2114143371582,-0.72234475299716,0.2,0.000171
432,5984.18,1027.07310907,143331,4423680,30,-0.004124125324306078,4310,0.013051211833953857,22.491115322709085,0.008576497,0.08388671875,16.06580924987793,-0.7190044239163399,0.2,0.00017069999999999998
433,5988.54,1027.00520539,143486,4433920,30,-0.0030450913205277174,4320,0.006104409694671631,44.738522934019564,0.009315493,0.08763671875,6.370602130889893,-0.7178802697360516,0.2,0.0001704
434,5990.53,1026.97974492,143625,4444160,30,-0.004331506120506674,4330,0.00916147232055664,43.865991763174534,0.006467418,0.08185546875,3.2916147708892822,-0.7268027228116989,0.2,0.00017009999999999996
435,5987.42,1027.09789847,143775,4454400,30,-0.002821926126780454,4340,-0.011892318725585938,22.981555668115615,0.007331279,0.07521484375,5.4713521003723145,-0.6725572137534619,0.2,0.0001698
436,5985.21,1027.3624647999998,144736,4464640,30,-0.0038504442511475643,4350,0.004670441150665283,44.376705164313314,0.008263832,0.0801953125,17.35036849975586,-0.692804656624794,0.2,0.00016949999999999997
437,5984.07,1027.3734033299997,144892,4474880,30,-0.00335837634454947,4360,0.016278624534606934,45.58384197086096,0.0052421996,0.054912109375,47.4560661315918,-0.723572863638401,0.2,0.0001692
438,5981.45,1027.53971749,145021,4485120,30,-0.004627822540351189,4370,0.019051432609558105,44.5856527325511,0.006306941,0.07287109375,14.907389640808105,-0.6945932720601559,0.2,0.00016889999999999996
439,5983.79,1027.4011334699999,145172,4495360,30,-0.0038932653595111335,4380,-0.005312681198120117,22.898975792974234,0.007816024,0.07078125,44.491424560546875,-0.6875370481610298,0.2,0.0001686
440,5985.36,1027.43606442,145328,4505600,31,-0.002927459844504483,4390,-5.638599395751953e-05,44.30300933748484,0.0074471207,0.060859375,0.8464694619178772,-0.6930518017709255,0.2,0.00016829999999999997
441,5985.76,1027.47234827,146267,4515840,30,-0.0033336659087217415,4400,0.0049364566802978516,45.409792817234994,0.008612739,0.083857421875,82.81629180908203,-0.7215053063631057,0.2,0.000168
442,5981.89,1027.86961,146418,4526080,30,-0.003667201808129903,4410,0.012278556823730469,22.437222306132316,0.008273971,0.073955078125,1.5203825235366821,-0.7022990116477013,0.2,0.00016769999999999996
443,5978.54,1028.0428413500001,146572,4536320,30,-0.0033377538301283495,4420,0.005467116832733154,44.597773593962195,0.007143344,0.0523828125,0.8637293577194214,-0.7319584944844246,0.2,0.0001674
444,5977.03,1028.0483535700002,146728,4546560,30,-0.00401083604170708,4430,0.008131086826324463,44.595777237713335,0.007507828,0.080625,21.09828758239746,-0.723894572854042,0.2,0.00016709999999999997
445,5975.93,1028.1450302899998,146857,4556800,31,-0.004311467036022805,4440,0.01758342981338501,43.90893084347248,0.0075312713,0.0837109375,2.791196823120117,-0.7194631166756154,0.2,0.0001668
446,5976.23,1028.0919425299996,147822,4567040,30,-0.003553102557780221,4450,0.003546476364135742,22.705010377019644,0.007592935,0.072490234375,0.47639137506484985,-0.7534895443916321,0.2,0.00016649999999999995
447,5973.95,1028.1265716799999,147975,4577280,30,-0.003002241161302663,4460,0.0009785890579223633,43.93185195147991,0.007511756,0.056787109375,60.045082092285156,-0.7300116734206676,0.2,0.0001662
448,5975.66,1028.0647562899999,148112,4587520,30,-0.00359310464002192,4470,-0.0007448196411132812,44.723023321628574,0.006671441,0.047685546875,58.49929428100586,-0.7122385910153389,0.2,0.00016589999999999997
449,5976.89,1027.9013183100003,148260,4597760,31,-0.003379892593366094,4480,0.002550661563873291,23.14007902085781,0.005428231,0.055556640625,23.851350784301758,-0.7232443146407604,0.2,0.0001656
450,5972.3,1028.14158464,148414,4608000,31,-0.003327691692393273,4490,-2.09808349609375e-05,45.524992867410184,0.006186084,0.077529296875,38.06935119628906,-0.7547765603661537,0.2,0.00016529999999999998
451,5977.48,1028.0692370299998,149381,4618240,30,-0.004047682374948636,4500,0.010910511016845703,44.9427351886034,0.007042681,0.070322265625,26.532318115234375,-0.7353920808434486,0.2,0.000165
452,5980.27,1028.02627543,149510,4628480,30,-0.004762210086919367,4510,-0.00020766258239746094,44.59595546662808,0.007595434,0.050263671875,34.79811096191406,-0.7312926410138607,0.2,0.00016469999999999996
453,5981.29,1028.0605127999997,149664,4638720,30,-0.005451940353668761,4520,0.009142279624938965,22.486736679673196,0.007077746,0.095615234375,2.0755789279937744,-0.7292280255258083,0.2,0.0001644
454,5980.8,1028.07072721,149820,4648960,31,-0.004875994907633867,4530,0.005260467529296875,43.967287870049475,0.0073788115,0.08232421875,39.78160095214844,-0.7353483803570271,0.2,0.00016409999999999998
455,5980.44,1028.03531019,149950,4659200,31,-0.004184653822740074,4540,0.003097712993621826,44.62141722515226,0.00794675,0.071552734375,7.866384983062744,-0.6965369746088982,0.2,0.0001638
456,5982.89,1027.71504308,150908,4669440,30,-0.00398231028142618,4550,0.010584771633148193,22.797475527375937,0.007697221,0.08484375,35.84648895263672,-0.6810647323727608,0.2,0.00016349999999999996
457,5981.86,1027.7121739400002,151064,4679680,30,-0.004201866727671586,4560,0.0045815110206604,44.54342515528202,0.0077502728,0.06462890625,8.020792961120605,-0.6872057051956654,0.2,0.0001632
458,5980.64,1027.79936272,151197,4689920,31,-0.004119196022802498,4570,0.007552444934844971,43.897925372123716,0.008643976,0.07703125,2.377133846282959,-0.7123744447529315,0.2,0.00016289999999999998
459,5983.16,1027.6696031,151347,4700160,31,-0.003552162991545629,4580,0.006045877933502197,22.759309404045343,0.006825933,0.064365234375,19.91572380065918,-0.6693483877182007,0.2,0.0001626
460,5985.14,1027.6887728899999,151502,4710400,31,-0.0030101345654111357,4590,0.004568517208099365,44.59076076209545,0.0060597965,0.05693359375,20.858291625976562,-0.6517643980681896,0.2,0.00016229999999999996
461,5986.97,1027.79560351,152444,4720640,30,-0.0020900297566549854,4600,0.00415271520614624,44.94899521768093,0.00546491,0.05255859375,2.738572120666504,-0.6646110482513905,0.2,0.000162
462,5992.47,1027.5718277400001,152596,4730880,31,-0.0027083394568762744,4610,0.002237379550933838,22.2819710534811,0.0061842874,0.065,0.5732808709144592,-0.6521754810214042,0.2,0.00016169999999999997
463,5992.85,1027.56905652,152749,4741120,31,-0.0036460150146740487,4620,0.002509593963623047,45.464891356229785,0.0074028536,0.0730859375,17.88991928100586,-0.656688946634531,0.2,0.0001614
464,5994.91,1027.5253065900001,152905,4751360,31,-0.002827605464408407,4630,0.004718124866485596,44.96266091257334,0.005289808,0.04541015625,22.96942710876465,-0.6326374055445194,0.2,0.00016109999999999996
465,5994.7,1027.50081509,153033,4761600,31,-0.002913693168084137,4640,-0.001832127571105957,45.25853484421968,0.0067022913,0.05912109375,4.177448749542236,-0.6486298310756683,0.2,0.0001608
466,5995.45,1027.57057841,153994,4771840,30,-0.0033434442385623696,4650,0.009297788143157959,22.790507959127424,0.007815974,0.087333984375,27.282094955444336,-0.6598461435735226,0.2,0.00016049999999999997
467,5998.56,1027.3244211800002,154150,4782080,31,-0.0035644835521816275,4660,0.0082358717918396,44.15162207305431,0.0053492426,0.05857421875,22.018661499023438,-0.6903091305494309,0.2,0.0001602
468,5999.22,1027.32380628,154280,4792320,31,-0.003209071165183559,4670,0.008019804954528809,44.303448018431666,0.0061232653,0.055439453125,57.77548599243164,-0.6774452003836632,0.2,0.00015989999999999996
469,6001.2,1027.13726535,154432,4802560,31,-0.003665269535558764,4680,-0.0035851001739501953,22.535105269253254,0.006062665,0.07095703125,1.56523597240448,-0.6878539223968982,0.2,0.0001596
470,6001.08,1027.1817123699998,154588,4812800,31,-0.003226099655003054,4690,0.008282721042633057,44.56745392411947,0.00621662,0.055673828125,2.4085397720336914,-0.7048120395839215,0.2,0.0001593
471,6002.04,1027.10289408,155535,4823040,31,-0.003860387115855701,4700,0.0069980621337890625,44.560981249511244,0.006988236,0.074150390625,45.50413513183594,-0.7066437998414039,0.2,0.000159
472,6004.33,1026.92769165,155686,4833280,31,-0.003946505216299556,4710,0.009288489818572998,23.22110888749361,0.0070712306,0.0783203125,1.2796107530593872,-0.7189632035791874,0.2,0.00015869999999999998
473,6003.32,1026.9623556299998,155842,4843520,31,-0.004405575895798392,4720,0.005539834499359131,44.4462099352479,0.0068267398,0.0809375,7.019716262817383,-0.7006031216681003,0.2,0.0001584
474,6003.87,1026.9361398899998,155997,4853760,31,-0.003783534561662236,4730,0.010567903518676758,43.89011884510517,0.006940053,0.08052734375,42.148380279541016,-0.698642598837614,0.2,0.0001581
475,6005.11,1026.9802991399997,156129,4864000,31,-0.0039742039315751754,4740,0.00922924280166626,43.9163692483306,0.009416566,0.07943359375,9.511651992797852,-0.7070336227118968,0.2,0.0001578
476,6005.85,1026.88628499,157098,4874240,31,-0.0030413954079267567,4750,0.017950117588043213,22.570226908028125,0.0070773093,0.072998046875,0.49446243047714233,-0.702088708281517,0.2,0.00015749999999999998
477,6006.71,1026.7062361899998,157253,4884480,31,-0.004048291632789187,4760,0.009998798370361328,43.89984615445137,0.006870298,0.067724609375,40.933998107910156,-0.6763942617177964,0.2,0.0001572
478,6004.73,1026.7382107199999,157388,4894720,31,-0.0020718654798110945,4770,0.0029679536819458008,44.251811981499195,0.005573661,0.03353515625,65.4566879272461,-0.7118828999996185,0.2,0.0001569
479,6004.7,1026.60789453,157539,4904960,31,-0.0034535239078104497,4780,0.01239013671875,22.338267822265625,0.0077507244,0.077646484375,1.0005731582641602,-0.6635999920964241,0.2,0.00015659999999999998
480,6002.44,1026.8116603099998,157692,4915200,31,-0.0018683117878390476,4790,0.011758089065551758,44.38211695209146,0.005595013,0.0575,93.32361602783203,-0.7168215411901474,0.2,0.0001563
481,6001.73,1026.82784567,158667,4925440,31,-0.003508305971045047,4800,0.0138932466506958,44.05237604111433,0.0058353026,0.063720703125,43.13405227661133,-0.7044292515516282,0.2,0.000156
482,6001.09,1026.74672412,158799,4935680,31,-0.003329249214439187,4810,0.006384074687957764,44.05564603358507,0.00846593,0.07529296875,21.33328628540039,-0.6886203461885452,0.2,0.0001557
483,6002.15,1026.5216385899998,158951,4945920,31,-0.003008667310932651,4820,0.006808757781982422,22.436257290244104,0.006425141,0.072451171875,1.3532596826553345,-0.7018299253284931,0.2,0.00015539999999999998
484,6003.79,1026.26919455,159107,4956160,31,-0.0023823250774876216,4830,0.010228455066680908,43.97132291406393,0.004896232,0.057236328125,28.20064926147461,-0.6622108161449433,0.2,0.0001551
485,6003.54,1026.22198405,159240,4966400,31,-0.0031705384358065203,4840,0.021405398845672607,43.35109582871198,0.0072090803,0.064853515625,1.4551079273223877,-0.656035383939743,0.2,0.0001548
486,6005.45,1026.1880737800002,160209,4976640,31,-0.0037818053859518842,4850,0.007948100566864014,22.252824146151543,0.010922717,0.07630859375,14.390018463134766,-0.657043160200119,0.2,0.0001545
487,6004.41,1026.1207340600001,160365,4986880,31,-0.002081289881025441,4860,0.009468257427215576,43.54235236823559,0.005743335,0.0416796875,55.00204849243164,-0.595335459858179,0.2,0.00015419999999999998
488,6007.59,1026.09218678,160502,4997120,31,-0.002735716864699498,4870,0.008386015892028809,43.82827581435442,0.007636726,0.071142578125,23.664289474487305,-0.6352326494455337,0.2,0.0001539
489,6007.76,1025.9581076000002,160650,5007360,31,-0.0028385708955465817,4880,-0.004503726959228516,22.7621700052917,0.005651356,0.052265625,4.997645378112793,-0.598269619345665,0.2,0.0001536
490,6006.99,1025.9167257,160803,5017600,31,-0.001992981254006736,4890,0.004560410976409912,43.20025326997042,0.006835276,0.061689453125,60.6302604675293,-0.617241364121437,0.2,0.00015329999999999999
491,6008.6,1025.8157621399998,161776,5027840,31,-0.0027487033893703484,4900,0.013832390308380127,44.139475241303444,0.005799828,0.058427734375,57.06684112548828,-0.6281505501270295,0.2,0.00015299999999999998
492,6009.51,1025.78802481,161908,5038080,31,-0.0047471974848303945,4910,0.0019282102584838867,44.08644673675299,0.009267215,0.0716015625,17.30535125732422,-0.5955611756443977,0.2,0.0001527
493,6004.6,1025.66865405,162059,5048320,31,-0.003689668059378164,4920,0.004649758338928223,22.397240284979343,0.006624572,0.05412109375,7.781027317047119,-0.6175527799129487,0.2,0.0001524
494,6006.85,1025.6210219000002,162214,5058560,31,-0.0036760849753045477,4930,0.003560960292816162,43.78328863501549,0.0061451783,0.0725390625,12.621232986450195,-0.6332254785299302,0.2,0.00015209999999999998
495,6008.49,1025.48004229,162350,5068800,31,-0.0019068774287006817,4940,0.007929563522338867,44.36432418435812,0.008363979,0.065927734375,20.22890281677246,-0.6267306253314018,0.2,0.00015179999999999998
496,6006.44,1025.5780872799999,163316,5079040,31,-0.002763907055486925,4950,0.003530263900756836,22.582878918349742,0.005161989,0.0483203125,21.45963478088379,-0.612468330860138,0.2,0.0001515
497,6004.21,1025.6199652799999,163470,5089280,31,-0.004638286893023178,4960,0.014173507690429688,44.49374535888433,0.007867949,0.088955078125,4.173567771911621,-0.6390160295367241,0.2,0.0001512
498,6007.69,1025.48928908,163629,5099520,31,-0.0032704453490441667,4970,2.473592758178711e-05,44.443595801591876,0.0060315505,0.05275390625,5.840122699737549,-0.6522152838110924,0.2,0.00015089999999999998
499,6006.28,1025.52764756,163757,5109760,31,-0.0018257607203850056,4980,0.007209479808807373,43.83172599822283,0.00657252,0.07017578125,47.00772476196289,-0.6357228787243366,0.2,0.00015059999999999997
500,6007.77,1025.66723668,163910,5120000,31,-0.0011356671893736348,4990,0.017806172370910645,22.332951809465886,0.0068692206,0.0695703125,2.455164909362793,-0.6713807806372643,0.2,0.0001503
501,6008.54,1025.56440969,164886,5130240,31,-0.0031986437476007267,5000,-0.00011813640594482422,44.07313880383968,0.0071559465,0.051708984375,16.395639419555664,-0.6418228949606418,0.2,0.00015
502,6008.15,1025.7535192900002,165019,5140480,31,-0.004053402035497129,5010,0.004052400588989258,44.398755625784396,0.0062323287,0.0656640625,0.6396938562393188,-0.6531711550056934,0.2,0.00014969999999999998
503,6012.18,1025.62259496,165170,5150720,31,-0.003786076965043321,5020,0.012529492378234863,22.164378899335862,0.0066773654,0.082744140625,9.141891479492188,-0.6448987367749214,0.2,0.0001494
504,6011.55,1025.4833394400002,165327,5160960,31,-0.0033234061815892346,5030,0.0020081400871276855,44.38912774056196,0.0063430415,0.058271484375,38.068878173828125,-0.656210677176714,0.2,0.0001491
505,6013.77,1025.55229869,165466,5171200,31,-0.004141833161411341,5040,0.0022797584533691406,44.268372043669224,0.0067510745,0.072509765625,1.6404467821121216,-0.657605345994234,0.2,0.00014879999999999998
506,6018.08,1025.7066272700001,166432,5181440,31,-0.0017130402143811807,5050,0.01135331392288208,22.311661473661662,0.0063179783,0.061064453125,0.7220863103866577,-0.6530534259974956,0.2,0.00014849999999999998
507,6019.08,1025.88506785,166591,5191680,31,-0.0031577727699186654,5060,0.0017082691192626953,44.94813363850117,0.0061727813,0.0664453125,11.189029693603516,-0.658708063364029,0.2,0.0001482
508,6017.49,1025.7909059500003,166750,5201920,31,-0.0027300849604944234,5070,0.004601180553436279,44.930606388151645,0.007064356,0.05880859375,34.66878890991211,-0.6622759260237217,0.2,0.0001479
509,6017.24,1025.8497258000002,166882,5212160,31,-0.00257190621283371,5080,0.003448307514190674,44.07307809025049,0.005181947,0.055029296875,40.18623352050781,-0.6717064514756202,0.2,0.00014759999999999998
510,6011.35,1026.11044377,167034,5222400,31,-0.0028880828258843394,5090,0.005433022975921631,22.279498491883277,0.006498364,0.07322265625,0.4838404655456543,-0.6892935565114021,0.2,0.00014729999999999998
511,6012.45,1025.7817864200001,167999,5232640,31,-0.0024885165283922107,5100,-0.003276228904724121,43.81607954382896,0.0049176305,0.0233984375,1.2027604579925537,-0.6922737258672714,0.2,0.000147
512,6012.85,1025.86024599,168137,5242880,31,-0.003108323092747014,5110,0.014486134052276611,44.79322670221329,0.0068315878,0.06822265625,7.075708389282227,-0.6625545737147331,0.2,0.0001467
513,6009.42,1025.91660815,168288,5253120,31,-0.0040706553921336305,5120,0.03529500961303711,22.872086408138276,0.0071415277,0.08302734375,3.619016408920288,-0.6684140957891941,0.2,0.00014639999999999998
514,6007.44,1026.07593181,168446,5263360,31,-0.0037802942952839657,5130,0.002796173095703125,44.166298922598365,0.00791659,0.066708984375,4.141170501708984,-0.6792943190038204,0.2,0.00014609999999999997
515,6005.12,1026.32103294,168604,5273600,31,-0.003269038521684706,5140,0.011931419372558594,44.0602134436369,0.007607516,0.061640625,3.6817822456359863,-0.6778728936612606,0.2,0.0001458
516,6006.68,1026.4188761599999,169566,5283840,31,-0.0019058045095880515,5150,0.007455706596374512,44.5557515463233,0.005812953,0.051103515625,11.917096138000488,-0.6531230622529983,0.2,0.00014549999999999999
517,6000.55,1026.7081134600003,169720,5294080,31,-0.0019084348469914402,5160,-0.006668567657470703,22.857399673461913,0.0044399276,0.03822265625,0.6393442749977112,-0.6650010126829148,0.2,0.00014519999999999998
518,6001.95,1026.5641703800002,169877,5304320,31,-0.004293965841061436,5170,0.00118333101272583,44.65022507071495,0.008214626,0.05580078125,30.135509490966797,-0.6744546525180339,0.2,0.00014489999999999997
519,6001.82,1026.45438968,170013,5314560,31,-0.0036351081618340685,5180,0.005681335926055908,43.642593365013596,0.006581839,0.07638671875,27.814369201660156,-0.6768691317737102,0.2,0.0001446
520,5997.68,1026.7438357,170163,5324800,31,-0.0034323756248340943,5190,0.0014875531196594238,22.864462075233458,0.006302011,0.080830078125,0.6887213587760925,-0.67125408411026,0.2,0.00014429999999999998
521,5997.72,1026.7523636899998,171136,5335040,31,-0.0031416791044466662,5200,0.0029758810997009277,43.56587065190077,0.008114217,0.0933984375,20.22747230529785,-0.6614840786159039,0.2,0.00014399999999999998
522,5998.07,1026.75991453,171295,5345280,31,-0.0035382691491395234,5210,0.008393168449401855,43.273431324213746,0.0063644336,0.061875,69.04996490478516,-0.6548912143707275,0.2,0.00014369999999999997
523,5996.41,1026.84321281,171426,5355520,31,-0.002501709079951979,5220,0.015333592891693115,43.88481192708016,0.0054576504,0.074365234375,8.690741539001465,-0.6942497807741165,0.2,0.0001434
524,5996.65,1026.82517568,171579,5365760,31,-0.0030745599820511415,5230,0.01131582260131836,22.433973436653613,0.006623262,0.075322265625,0.9535779356956482,-0.662617462426424,0.2,0.00014309999999999998
525,5991.4,1027.21637974,171734,5376000,31,-0.004129499924601987,5240,0.0015233755111694336,45.12094602555037,0.0066167912,0.061884765625,0.6879854798316956,-0.696027737557888,0.2,0.00014279999999999997
526,5991.27,1027.2750541200003,172695,5386240,31,-0.003129726363986265,5250,0.010674595832824707,44.362993254959584,0.005368573,0.08109375,0.8832835555076599,-0.6694721861183643,0.2,0.0001425
527,5989.97,1027.51545028,172847,5396480,31,-0.0032831426479970104,5260,-0.002516508102416992,22.594349856078626,0.007734035,0.0598046875,0.6116023063659668,-0.6566420744359494,0.2,0.0001422
528,5988.38,1027.4660960400001,173001,5406720,31,-0.0022465983679285273,5270,0.012095212936401367,43.940495804846286,0.0060180635,0.05861328125,5.817176818847656,-0.691912248134613,0.2,0.00014189999999999998
529,5989.49,1027.5597508100002,173156,5416960,31,-0.0014268422505119816,5280,0.0034394264221191406,44.56101069569588,0.004254974,0.03451171875,3.407168388366699,-0.6620912824571132,0.2,0.00014159999999999997
530,5989.99,1027.42731662,173290,5427200,31,-0.001731360826524906,5290,0.01327371597290039,43.95954800605774,0.004762237,0.052333984375,3.4980669021606445,-0.6704108069837094,0.2,0.0001413
531,5990.14,1027.46997212,174265,5437440,31,-0.0021252679103054106,5300,0.017834603786468506,22.889806984066965,0.006625429,0.059384765625,34.791656494140625,-0.669354507625103,0.2,0.00014099999999999998
532,5991.45,1027.1654823499998,174420,5447680,31,-0.00489328258758178,5310,0.011602282524108887,43.726132558882234,0.0069202944,0.081669921875,5.996021270751953,-0.6413256396353245,0.2,0.00014069999999999998
533,5989.23,1027.2742069,174556,5457920,31,-0.00542335699807154,5320,0.0015916824340820312,44.35422492861748,0.010688534,0.1069140625,41.06499481201172,-0.6698965148627758,0.2,0.00014039999999999997
534,5989.68,1027.12031998,174706,5468160,31,-0.0033290230014245024,5330,0.003107309341430664,22.890934842824937,0.007395505,0.072529296875,44.03578567504883,-0.6477092473208904,0.2,0.0001401
535,5990.98,1027.25656327,174861,5478400,31,-0.003353881635994185,5340,0.005374610424041748,44.63976766705513,0.0059477366,0.066025390625,44.093631744384766,-0.642933492064476,0.2,0.00013979999999999998
536,5990.12,1027.00183108,175831,5488640,31,-0.0029060852288967,5350,0.008650779724121094,44.36595829308033,0.0059144422,0.07115234375,18.82597541809082,-0.6290097667276859,0.2,0.00013949999999999998
537,5988.92,1026.9976970200003,175964,5498880,31,-0.004381839572452009,5360,0.005627870559692383,43.97698800086975,0.0076447576,0.09169921875,34.10231018066406,-0.6074809989333153,0.2,0.00013919999999999997
538,5988.17,1027.2049495500003,176114,5509120,31,-0.0035120559699134903,5370,0.008383691310882568,22.65071233794093,0.005867884,0.06458984375,10.151411056518555,-0.597239857763052,0.2,0.0001389
539,5990.43,1027.1047333000001,176269,5519360,31,-0.0017247718172438908,5380,0.007891178131103516,43.58096158057451,0.0043942193,0.0437890625,39.48162078857422,-0.6040924827754498,0.2,0.00013859999999999998
540,5987.76,1027.16870229,176407,5529600,31,-0.002379468824074138,5390,0.01995980739593506,43.14499585062266,0.007640143,0.062919921875,40.22254943847656,-0.6125915484130382,0.2,0.00013829999999999997
541,5988.12,1027.38540557,177375,5539840,31,-0.0029854036774486304,5400,0.01238560676574707,22.723648803085087,0.005782556,0.066474609375,0.5038254857063293,-0.6041175200045109,0.2,0.00013799999999999997
542,5981.29,1027.7626495400002,177531,5550080,31,-0.0033614003619004506,5410,0.007359325885772705,44.99463056534529,0.0048251655,0.061484375,6.991946220397949,-0.6285207681357861,0.2,0.00013769999999999999
543,5981.43,1027.7808164200003,177690,5560320,31,-0.004440286895551253,5420,0.005606532096862793,44.78511596143246,0.00696768,0.0836328125,2.7562754154205322,-0.6035927227139473,0.2,0.00013739999999999998
544,5981.43,1027.74233473,177824,5570560,31,-0.0021964751489576884,5430,0.007032454013824463,44.04152362763882,0.005882059,0.0424609375,3.244755744934082,-0.6391525918245315,0.2,0.00013709999999999997
545,5979.7,1027.5842186000002,177975,5580800,31,-0.0036514789880311583,5440,-0.0032628774642944336,22.787267661690713,0.006321409,0.072529296875,0.6236730217933655,-0.6231781297922134,0.2,0.00013679999999999996
546,5977.43,1027.5240669,178949,5591040,31,-0.0025529584163450636,5450,0.005366504192352295,44.04874438017607,0.005935394,0.039609375,0.6734100580215454,-0.6419443050026894,0.2,0.00013649999999999998
547,5979.71,1027.33541103,179088,5601280,31,-0.0031518888150458223,5460,0.003679335117340088,44.91264146655798,0.007773076,0.06978515625,16.3222713470459,-0.6519511613249779,0.2,0.00013619999999999998
548,5979.48,1027.30524348,179238,5611520,31,-0.003340387858916074,5470,0.0076517462730407715,22.53351780027151,0.0072904923,0.07341796875,1.906818151473999,-0.6499501550197602,0.2,0.00013589999999999997
549,5981.63,1027.5217412299999,179392,5621760,31,-0.00478603701281827,5480,0.0032464265823364258,44.67437005698681,0.010002079,0.11169921875,2.4692091941833496,-0.6273469150066375,0.2,0.00013559999999999996
550,5979.58,1027.53388039,179547,5632000,31,-0.0038532011608185712,5490,0.00016641616821289062,44.86064253091812,0.007939586,0.079970703125,0.7689222693443298,-0.642067713290453,0.2,0.00013529999999999998
551,5980.52,1027.60629679,180499,5642240,31,-0.0022414723580004648,5500,0.004743814468383789,43.87880979895592,0.0056609325,0.068447265625,36.709388732910156,-0.6590592189133168,0.2,0.00013499999999999997
552,5982.89,1027.5658713700002,180652,5652480,31,-0.004293906663660891,5510,0.01718956232070923,22.883526832461357,0.009130483,0.103232421875,28.860219955444336,-0.6291802710294724,0.2,0.00013469999999999997
553,5982.21,1027.59087885,180808,5662720,31,-0.0038758896535728126,5520,0.008242309093475342,45.38455097734928,0.006545557,0.05916015625,1.6199227571487427,-0.6403192910552025,0.2,0.0001344
554,5983.53,1027.55737286,180943,5672960,31,-0.004384125309297815,5530,0.0004000663757324219,45.071211183965204,0.006059277,0.06501953125,1.4009078741073608,-0.682567432820797,0.2,0.00013409999999999998
555,5982.4,1027.87386537,181093,5683200,31,-0.0035554360479000025,5540,0.003964841365814209,22.71524074077606,0.0069777654,0.080419921875,0.5794140100479126,-0.6717446741461753,0.2,0.00013379999999999997
556,5984.64,1027.84814459,182073,5693440,31,-0.002762963500863407,5550,0.004286468029022217,44.85738764554262,0.0086964425,0.0616015625,1.8409171104431152,-0.6743553900718688,0.2,0.00013349999999999997
557,5981.89,1027.94726906,182213,5703680,31,-0.003985811627935618,5560,0.002588510513305664,44.13176239609718,0.0068028257,0.077548828125,1.6020106077194214,-0.7016101428866386,0.2,0.00013319999999999999
558,5983.44,1027.93037176,182361,5713920,31,-0.0031960105820326135,5570,0.007268726825714111,23.164811190664768,0.005274281,0.05587890625,6.88887357711792,-0.6600498093664646,0.2,0.00013289999999999998
559,5981.73,1028.14698506,182516,5724160,31,-0.0020993113366421312,5580,0.007618606090545654,28.899467696547507,0.005662477,0.042685546875,24.317049026489258,-0.7011592459678649,0.2,0.00013259999999999997
560,5985.32,1027.66405943,182675,5734400,31,-0.0031611845834413543,5590,0.009197533130645752,43.91259015887976,0.0067139445,0.052021484375,4.278528690338135,-0.6989038395881653,0.2,0.00013229999999999996
561,5983.82,1027.85054562,183640,5744640,31,-0.003040445310616633,5600,0.005481600761413574,44.78698142066598,0.005973272,0.055908203125,15.535967826843262,-0.6725235579907894,0.2,0.00013199999999999998
562,5982.78,1027.98202524,183792,5754880,31,-0.002763427495956421,5610,0.010501980781555176,23.430239900499583,0.005399362,0.04435546875,0.6241061091423035,-0.6926457214355469,0.2,0.00013169999999999998
563,5986.75,1027.8552204300001,183950,5765120,31,-0.0030003508194931783,5620,0.006084859371185303,45.04729646384716,0.0061248294,0.049521484375,13.494159698486328,-0.690657656788826,0.2,0.00013139999999999997
564,5986.93,1027.7723249800003,184085,5775360,31,-0.0035541835677577183,5630,0.004037261009216309,45.003419123888015,0.007485552,0.062099609375,5.543075084686279,-0.6624934619665146,0.2,0.00013110000000000002
565,5986.45,1027.57445901,184237,5785600,31,-0.003300564179371577,5640,0.0013629794120788574,23.127837823778393,0.0063484786,0.06359375,22.012136459350586,-0.6873387517035008,0.2,0.0001308
566,5985.62,1027.60897193,185224,5795840,31,-0.0037624311441322787,5650,0.002000272274017334,45.05918697744608,0.00642986,0.050693359375,26.73147201538086,-0.6536153189837932,0.2,0.0001305
567,5985.13,1027.80786504,185364,5806080,31,-0.003389246796432417,5660,0.0012933015823364258,45.47917685806751,0.008444078,0.064794921875,1.664401888847351,-0.7069863183796405,0.2,0.0001302
568,5987.12,1027.4662255800001,185513,5816320,31,-0.004696335392363835,5670,0.006116151809692383,23.204743005931377,0.007500424,0.078125,7.231338024139404,-0.6606168046593666,0.2,0.0001299
569,5985.57,1027.61780677,185668,5826560,31,-0.003243110184557736,5680,0.0033222436904907227,44.15728510081768,0.007279466,0.072900390625,0.8781021237373352,-0.636033803075552,0.2,0.0001296
570,5982.84,1027.87681072,185826,5836800,31,-0.0018061491852859035,5690,0.010429620742797852,45.22698421806097,0.0050601005,0.0368359375,0.9636877775192261,-0.6306455279886722,0.2,0.0001293
571,5984.14,1027.84980849,186795,5847040,31,-0.004296586223645136,5700,-0.00018978118896484375,44.73324928551912,0.006565987,0.054873046875,52.54313659667969,-0.6434591263532639,0.2,0.000129
572,5983.21,1027.73288347,186947,5857280,31,-0.0033624054450774564,5710,0.01168978214263916,23.392958894073963,0.006571713,0.064677734375,0.5899106860160828,-0.6553337508440018,0.2,0.0001287
573,5978.5,1027.8976474099998,187103,5867520,31,-0.002577537472534459,5720,0.007467210292816162,45.30747581630945,0.00816693,0.062861328125,42.957950592041016,-0.6465339684486389,0.2,0.0001284
574,5976.98,1027.7641775799998,187259,5877760,31,-0.003365779658197425,5730,0.01563739776611328,44.31428778678179,0.006393955,0.073505859375,40.136043548583984,-0.6343326796591282,0.2,0.0001281
575,5978.65,1027.7215807199996,187391,5888000,31,-0.003943731997569557,5740,0.0061612725257873535,45.69906986504793,0.0070877285,0.05712890625,2.8324973583221436,-0.6222022771835327,0.2,0.0001278
576,5981.17,1027.8257775699997,188347,5898240,31,-0.003722542127361521,5750,0.005389153957366943,22.533402896225454,0.007361582,0.0584765625,15.228072166442871,-0.6330002027750016,0.2,0.0001275
577,5980.81,1027.84151012,188506,5908480,31,-0.003154783520003548,5760,0.001422286033630371,44.402686341404916,0.0052389973,0.049248046875,1.692821979522705,-0.6529391324520111,0.2,0.0001272
578,5981.41,1027.8353511100001,188641,5918720,31,-0.0031652475535520353,5770,0.0005092024803161621,45.167311724424366,0.0065193935,0.055107421875,21.420331954956055,-0.6211963054537774,0.2,0.0001269
579,5980.43,1027.7066009900002,188790,5928960,31,-0.0030263745404954536,5780,0.007513463497161865,23.6868888810277,0.0052911527,0.050322265625,29.983394622802734,-0.6553714382648468,0.2,0.00012660000000000001
580,5979.87,1027.80447481,188942,5939200,31,-0.0028587157270521858,5790,0.013134598731994629,45.16129473298788,0.004738153,0.034384765625,6.196477890014648,-0.6475986805558205,0.2,0.0001263
581,5977.5,1027.87542026,189901,5949440,31,-0.0030021272419253364,5800,-0.0015999078750610352,44.95580723017454,0.007210315,0.054228515625,45.48710250854492,-0.6211842791736126,0.2,0.000126
582,5978.6,1027.83672887,190029,5959680,31,-0.0033751644552103242,5810,0.008288741111755371,45.84218835175037,0.0060075577,0.060107421875,18.65012550354004,-0.6310164849460125,0.2,0.0001257
583,5982.37,1027.5064107199998,190180,5969920,31,-0.003912764036795124,5820,0.010724902153015137,23.01829259186983,0.0070824013,0.06556640625,6.120026588439941,-0.6372214511036873,0.2,0.0001254
584,5983.39,1027.46268565,190337,5980160,31,-0.0024135126400506124,5830,0.002390563488006592,45.7615642246604,0.006548067,0.04423828125,8.192461013793945,-0.628308854997158,0.2,0.0001251
585,5984.42,1027.4236959999998,190471,5990400,31,-0.003914671639795415,5840,-0.006154417991638184,45.11616325616836,0.007835626,0.07685546875,29.793153762817383,-0.6456007342040538,0.2,0.0001248
586,5984.92,1027.4133966999998,191432,6000640,31,-0.0029640514077618717,5850,0.0030278563499450684,23.2373364661634,0.006419687,0.0480859375,0.6247147917747498,-0.6216139188408851,0.2,0.0001245
587,5987.86,1027.41498167,191582,6010880,31,-0.002549091369874077,5860,-0.0018352270126342773,45.2952772757411,0.0046268324,0.04240234375,6.664624214172363,-0.6393864132463932,0.2,0.0001242
588,5985.96,1027.5536218600002,191739,6021120,31,-0.002714039808488451,5870,-0.0004611015319824219,45.76152597755194,0.006546983,0.060595703125,2.3451740741729736,-0.5941213388741017,0.2,0.0001239
589,5986.0,1027.65021556,191868,6031360,31,-0.0013290154113201425,5880,0.004269778728485107,45.325197042822836,0.005023183,0.039833984375,30.998502731323242,-0.5973225626349449,0.2,0.0001236
590,5987.93,1027.6713995100001,192021,6041600,31,-0.001854485966032371,5890,0.016160905361175537,22.76948727115989,0.0055079493,0.059130859375,1.3510018587112427,-0.6037115691602231,0.2,0.0001233
591,5991.72,1027.56033608,192992,6051840,31,-0.003339153705383069,5900,1.7821788787841797e-05,44.780115693211556,0.005806005,0.038876953125,5.533013820648193,-0.5832008507847786,0.2,0.000123
592,5989.95,1027.6272481800002,193123,6062080,31,-0.0030140643773484046,5910,0.004460036754608154,45.39269340008497,0.0060300925,0.0630078125,13.092952728271484,-0.6074154250323772,0.2,0.0001227
593,5987.94,1027.84725801,193271,6072320,31,-0.0030803103200742043,5920,0.00918346643447876,23.668205012977122,0.005562943,0.0433203125,0.6779123544692993,-0.5842736653983593,0.2,0.0001224
594,5991.0,1028.03904982,193426,6082560,31,-0.0023385302897077054,5930,0.0058956146240234375,45.10363300174475,0.006418151,0.051943359375,26.61953353881836,-0.6156383594870567,0.2,0.00012209999999999999
595,5991.86,1028.04699079,193561,6092800,31,-0.0028951490929466674,5940,0.008530259132385254,45.42860423564911,0.0059676096,0.05490234375,4.41118860244751,-0.61758469581604,0.2,0.00012179999999999999
596,5996.24,1027.63234633,194514,6103040,31,-0.0028108930308371784,5950,-0.0046117305755615234,22.655860613435507,0.0060745953,0.057109375,42.63032913208008,-0.6139575891196728,0.2,0.0001215
597,5997.62,1027.59128926,194669,6113280,31,-0.0029039671094506047,5960,0.0016890168190002441,44.80396832734346,0.005954539,0.045830078125,4.288105487823486,-0.5867480701208114,0.2,0.00012119999999999999
598,5999.19,1027.5423833999998,194806,6123520,31,-0.003833503139903769,5970,0.0036031603813171387,44.444109034836295,0.007164265,0.08412109375,22.065725326538086,-0.6039923876523972,0.2,0.0001209
599,5998.79,1027.66042673,194954,6133760,31,-0.002393835338007193,5980,0.008616805076599121,22.80793776214123,0.0059407717,0.053359375,0.4987543821334839,-0.5849813046306371,0.2,0.00012059999999999999
600,5997.57,1027.74375355,195106,6144000,31,-0.0030492877558572218,5990,0.006479918956756592,45.128726834654806,0.005877692,0.05935546875,2.0873701572418213,-0.6105108281970024,0.2,0.0001203
601,5997.81,1027.9245219999998,196068,6154240,31,-0.0025521174615278142,6000,0.00631183385848999,44.31421412825584,0.0037569187,0.038583984375,2.5308408737182617,-0.597594780176878,0.2,0.00011999999999999999
602,5997.2,1028.03045956,196201,6164480,31,-0.0028524645869038067,6010,-0.001028299331665039,44.883217355906964,0.005016844,0.03294921875,13.009930610656738,-0.6068249134719372,0.2,0.0001197
603,5997.88,1028.0063725000002,196354,6174720,31,-0.003691666255472228,6020,0.006484091281890869,23.25191651418805,0.006430366,0.0643359375,0.6072419285774231,-0.5893575796484947,0.2,0.0001194
604,5999.77,1028.31941841,196508,6184960,31,-0.0020067325346462893,6030,0.005124032497406006,45.86779315859079,0.004460805,0.034404296875,13.198454856872559,-0.6259942850470543,0.2,0.0001191
605,6001.56,1028.51518775,196643,6195200,31,-0.00248729825601913,6040,0.0058054327964782715,44.879175767600536,0.005212114,0.0429296875,27.958097457885742,-0.6268644908070564,0.2,0.0001188
606,5997.24,1028.7828863,197597,6205440,31,-0.004053856354730669,6050,0.02732264995574951,23.20340012937784,0.006812585,0.0712109375,17.915802001953125,-0.6221314235031605,0.2,0.0001185
607,5998.18,1028.76119001,197750,6215680,31,-0.003361284941493068,6060,0.006165623664855957,43.94406307041645,0.0054931976,0.054248046875,0.7836023569107056,-0.5998426207900047,0.2,0.0001182
608,5995.49,1028.8933524399997,197906,6225920,31,-0.004182806041499134,6070,0.0033642053604125977,44.98125398755074,0.006535043,0.06380859375,15.008413314819336,-0.6289993201196193,0.2,0.00011789999999999999
609,5996.19,1028.8456758799998,198042,6236160,31,-0.002672300505801104,6080,0.005949079990386963,45.13076801180839,0.005382965,0.044248046875,35.84617614746094,-0.6131224502623082,0.2,0.0001176
610,5992.7,1029.0189454099998,198193,6246400,31,-0.0047084172224276695,6090,-0.005022168159484863,22.51984624490142,0.0060046413,0.047783203125,1.2110850811004639,-0.6469021800160408,0.2,0.00011729999999999999
611,5990.73,1029.2995143899998,199160,6256640,31,-0.0022936081149964593,6100,0.0017662644386291504,45.630389354527,0.0074018897,0.058623046875,0.9102565050125122,-0.6513234831392765,0.2,0.000117
612,5991.92,1029.0959723999997,199318,6266880,31,-0.003351098967832513,6110,0.015279829502105713,45.506653136610986,0.006511721,0.059873046875,27.270639419555664,-0.6589559842646122,0.2,0.00011669999999999999
613,5991.84,1028.9515800099998,199446,6277120,31,-0.0032409582973923533,6120,0.013202846050262451,45.48211459606886,0.004896965,0.055888671875,38.218143463134766,-0.6244310688972473,0.2,0.0001164
614,5995.65,1028.65243112,199598,6287360,31,-0.0026017016897094437,6130,0.021112918853759766,23.146473265886307,0.006086963,0.049013671875,32.55511474609375,-0.6356114891171455,0.2,0.00011609999999999999
615,5995.68,1028.63299964,199756,6297600,31,-0.004497880541894119,6140,-0.0009063482284545898,43.85828584969044,0.006214072,0.0645703125,0.798619270324707,-0.6253930546343327,0.2,0.0001158
616,5992.77,1028.80665858,200705,6307840,31,-0.0027704898666706867,6150,0.00585782527923584,44.893401541411876,0.0047932654,0.043076171875,5.899442672729492,-0.6288525369763375,0.2,0.00011549999999999999
617,5990.97,1028.4945360299998,200858,6318080,31,-0.003668291828071233,6160,0.007510364055633545,22.81217323243618,0.00499831,0.03810546875,5.3113112449646,-0.6589510895311832,0.2,0.0001152
618,5990.19,1028.29197283,201015,6328320,31,-0.0032903315083240158,6170,0.012545645236968994,44.3742096427083,0.0060751345,0.033740234375,3.19815993309021,-0.6470371906459331,0.2,0.00011489999999999999
619,5990.19,1028.36198625,201156,6338560,31,-0.003246483849652577,6180,0.010312139987945557,45.18796269625425,0.0057911095,0.049384765625,44.9270133972168,-0.6567422990500927,0.2,0.0001146
620,5989.74,1028.0664872300001,201307,6348800,31,-0.003174666476843413,6190,0.009728491306304932,23.551742343604566,0.0056436844,0.05708984375,32.6900749206543,-0.6267055897414684,0.2,0.00011429999999999999
621,5986.56,1027.87226241,202281,6359040,31,-0.003286371218273416,6200,0.0019010305404663086,45.207784923315046,0.0050392053,0.060078125,9.196724891662598,-0.6693165898323059,0.2,0.00011399999999999999
622,5986.34,1027.82787466,202439,6369280,31,-0.0025215429812669755,6210,0.010915935039520264,44.73615226358175,0.0049235136,0.04712890625,37.806148529052734,-0.6354207031428813,0.2,0.00011369999999999999
623,5988.22,1027.5786768799999,202573,6379520,31,-0.003979928112239577,6220,0.006930708885192871,43.90625533252955,0.0054735737,0.04841796875,39.16852569580078,-0.6533247217535972,0.2,0.00011339999999999999
624,5987.0,1027.58060868,202729,6389760,31,-0.0034656975435791537,6230,0.012524902820587158,23.10806491613388,0.006303626,0.0621484375,0.5214120745658875,-0.6555410675704479,0.2,0.00011309999999999998
625,5988.47,1027.38175005,202891,6400000,31,-0.0017928258539177478,6240,0.008385717868804932,44.602321958839894,0.005339618,0.048291015625,22.761199951171875,-0.5945119124650955,0.2,0.00011279999999999999
626,5986.14,1027.63928223,203852,6410240,31,-0.003832825852150563,6250,0.013622164726257324,43.74717809736729,0.007102395,0.0781640625,0.846254289150238,-0.6197956152260303,0.2,0.0001125
627,5990.58,1027.4316450899998,204006,6420480,31,-0.0033195592938864136,6260,0.017109990119934082,22.538176951706408,0.0066896877,0.057587890625,0.829622209072113,-0.6166288655996323,0.2,0.00011219999999999999
628,5991.83,1027.30258793,204165,6430720,31,-0.0034909121130476707,6270,-0.0017588138580322266,45.23497358828783,0.006355262,0.047744140625,31.156320571899414,-0.615659296810627,0.2,0.0001119
629,5988.8,1027.27140862,204326,6440960,31,-0.0026062640442978593,6280,0.007416248321533203,43.94558624684811,0.005978206,0.05015625,19.01938819885254,-0.6398850558698177,0.2,0.00011159999999999999
630,5993.31,1026.91964747,204456,6451200,31,-0.0028227784312912264,6290,0.009245336055755615,44.734512493908404,0.00458184,0.0371875,5.419081687927246,-0.6284639978408814,0.2,0.0001113
631,6001.04,1026.8072603199998,205429,6461440,31,-0.003596504628076218,6300,0.0161554217338562,22.763494871258736,0.0057186186,0.0698046875,0.6217806339263916,-0.6183884231746197,0.2,0.00011099999999999999
632,6004.2,1026.6372325,205587,6471680,31,-0.002646563658490777,6310,0.009436309337615967,44.66712563574314,0.00790411,0.046279296875,16.300996780395508,-0.6408498278260231,0.2,0.0001107
633,6005.84,1026.5599194,205719,6481920,31,-0.003555426042585168,6320,0.011604130268096924,44.5451412820816,0.0061881826,0.0483203125,91.35398864746094,-0.6181138189136982,0.2,0.00011039999999999999
634,6003.35,1026.5817496000002,205871,6492160,31,-0.003038858203217387,6330,-0.010002613067626953,22.80330154761672,0.00623691,0.05056640625,0.45803093910217285,-0.6557502736151218,0.2,0.00011009999999999999
635,6003.3,1026.5052835000001,206032,6502400,31,-0.0027640011522453278,6340,0.0024275779724121094,44.10991081148386,0.0045922534,0.040380859375,10.655879020690918,-0.6258598071336746,0.2,0.00010979999999999999
636,6004.74,1026.3921428200001,206987,6512640,31,-0.003394807637669146,6350,-0.002198934555053711,43.677502730488776,0.005557365,0.05263671875,2.6719934940338135,-0.6412081542611122,0.2,0.00010949999999999999
637,6003.64,1026.3404103399998,207137,6522880,31,-0.0023696755949640645,6360,0.0021518468856811523,22.980549480468035,0.0053742845,0.03982421875,1.1838148832321167,-0.6197377300262451,0.2,0.00010919999999999998
638,6008.93,1026.1474545199999,207292,6533120,31,-0.00363270039553754,6370,0.00014513731002807617,44.564403772354126,0.0055128047,0.069619140625,38.85026931762695,-0.6347422778606415,0.2,0.00010889999999999999
639,6006.33,1026.2425617,207431,6543360,31,-0.0026704994786996396,6380,0.0016965866088867188,45.07761634171009,0.0066077323,0.0715625,70.02591705322266,-0.6456507498025894,0.2,0.00010859999999999998
640,6009.51,1026.25854654,207583,6553600,31,-0.0023950888015679085,6390,3.49879264831543e-05,23.22958288192749,0.004804514,0.033095703125,65.58787536621094,-0.633189399689436,0.2,0.00010829999999999999
641,6008.89,1026.2828560399998,208556,6563840,31,-0.0029299684609577527,6400,0.0017725229263305664,45.16989794999361,0.00569919,0.0308203125,33.05997085571289,-0.6051799461245537,0.2,0.00010799999999999998
642,6009.29,1026.37175091,208698,6574080,31,-0.002389896325330483,6410,0.004561960697174072,44.485366332828995,0.0071766092,0.05275390625,5.052731990814209,-0.6392553372681141,0.2,0.00010769999999999999
643,6015.15,1026.0746571500001,208846,6584320,31,-0.0034190468132146634,6420,0.008104145526885986,22.605679353177546,0.006309933,0.05923828125,0.7824936509132385,-0.634815319776535,0.2,0.00010739999999999998
644,6015.79,1026.01838918,209002,6594560,31,-0.002884296280390117,6430,0.007967710494995117,45.05823692977428,0.004945149,0.033056640625,54.88698196411133,-0.6728371168673039,0.2,0.00010709999999999999
645,6019.7,1025.69033016,209160,6604800,31,-0.0036004947454784998,6440,0.004484891891479492,44.44014424175024,0.0070980364,0.054296875,11.073538780212402,-0.6396811473369598,0.2,0.00010679999999999998
646,6017.78,1025.75611957,210119,6615040,31,-0.002760196218150668,6450,0.008143603801727295,44.17016258060932,0.0060736453,0.042421875,28.868303298950195,-0.6365071642398834,0.2,0.00010649999999999999
647,6021.15,1025.61470908,210275,6625280,31,-0.0036484134852071293,6460,0.011208891868591309,22.285136242508887,0.008221575,0.067880859375,17.478717803955078,-0.6724305322766304,0.2,0.00010619999999999998
648,6019.52,1025.72358239,210436,6635520,31,-0.003467503878637217,6470,0.00930643081665039,43.9127312374115,0.007440552,0.0512109375,31.533395767211914,-0.6647847609221935,0.2,0.00010589999999999999
649,6018.38,1025.90996133,210568,6645760,31,-0.0024215319569339043,6480,0.012918412685394287,43.65710769355297,0.0054840795,0.049833984375,5.247001647949219,-0.6752684086561203,0.2,0.00010559999999999998
650,6015.37,1026.16639234,210720,6656000,31,-0.0026447939992067402,6490,-0.011611104011535645,22.63347426444292,0.0047130706,0.03634765625,26.78270721435547,-0.6955033284425736,0.2,0.00010529999999999998
651,6019.58,1025.8819759399998,211698,6666240,31,-0.0037323803803883493,6500,0.004506886005401611,43.85843835264444,0.005699259,0.04984375,96.289306640625,-0.6940607714653015,0.2,0.00010499999999999999
652,6016.5,1026.01494544,211836,6676480,31,-0.00563368860137416,6510,0.008307456970214844,44.535908549129964,0.0068083243,0.08380859375,26.68267822265625,-0.6704433663189411,0.2,0.00010469999999999998
653,6015.09,1026.11353401,211987,6686720,31,-0.0026468960419879293,6520,0.015508830547332764,22.01175198212266,0.005474236,0.05626953125,0.5179263949394226,-0.6730884478986263,0.2,0.00010439999999999999
654,6013.02,1026.4073950799998,212145,6696960,31,-0.0030860771550942443,6530,0.010925889015197754,44.126056583225726,0.006911742,0.048935546875,14.144370079040527,-0.6918700782954693,0.2,0.00010409999999999998
655,6010.69,1026.4269923099998,212302,6707200,31,-0.0027834971650736407,6540,0.0037450790405273438,44.83424851804972,0.0033745945,0.02154296875,94.9083480834961,-0.6854457917809487,0.2,0.00010379999999999999
656,6010.63,1026.43606649,213252,6717440,31,-0.0039677092200145125,6550,0.006924867630004883,44.63378542870283,0.0064411266,0.05208984375,12.837346076965332,-0.6779265679419041,0.2,0.00010349999999999998
657,6007.71,1026.6351348199998,213405,6727680,31,-0.0026365111896302553,6560,0.0018350481986999512,22.79191570594907,0.0061767604,0.051044921875,0.5624333620071411,-0.6630606177449226,0.2,0.00010319999999999999
658,6014.46,1026.39193493,213560,6737920,31,-0.002880161439825315,6570,0.007066547870635986,43.92813769161701,0.007269375,0.059384765625,17.735111236572266,-0.6577531491219998,0.2,0.00010289999999999998
659,6016.87,1026.22644518,213696,6748160,31,-0.0015685802418738603,6580,0.016327857971191406,43.38109404191375,0.005388506,0.048642578125,50.93143844604492,-0.628175447434187,0.2,0.00010259999999999999
660,6018.91,1026.1119371599998,213848,6758400,31,-0.004437029270047787,6590,0.015689611434936523,22.742106270492076,0.0069870837,0.06595703125,3.7033498287200928,-0.6359997896850109,0.2,0.00010229999999999998
661,6015.24,1026.2580157599998,214832,6768640,31,-0.004700742782151792,6600,0.009261071681976318,44.20960965961218,0.007898289,0.0619921875,14.272360801696777,-0.6356582848727703,0.2,0.00010199999999999999
662,6014.05,1026.28612163,214990,6778880,31,-0.0025323575304355473,6610,0.013576984405517578,44.58047772914171,0.0039051045,0.0375,8.987347602844238,-0.6140872952342034,0.2,0.00010169999999999998
663,6013.85,1026.18370101,215121,6789120,31,-0.002855078176944517,6620,0.01640719175338745,43.62965249657631,0.006054076,0.042744140625,4.877695560455322,-0.5866628946363925,0.2,0.00010139999999999998
664,6014.06,1026.12066129,215276,6799360,31,-0.002108987930114381,6630,0.014623105525970459,22.062853442430495,0.005907857,0.05283203125,0.8780779838562012,-0.606239078193903,0.2,0.00010109999999999998
665,6016.2,1025.95542195,215434,6809600,31,-0.0018011444582953118,6640,0.009471535682678223,44.286860262155535,0.0042593135,0.042158203125,46.60153579711914,-0.6007349571585655,0.2,0.00010079999999999998
666,6016.36,1025.87830158,216387,6819840,31,-0.0027577912018750795,6650,0.00816279649734497,43.80081983655691,0.004221036,0.031806640625,24.389720916748047,-0.6005424980819225,0.2,0.00010049999999999998
667,6017.92,1025.59422695,216537,6830080,31,-0.004146947461122181,6660,0.0036524534225463867,22.693210475593805,0.0067094415,0.078330078125,0.47177359461784363,-0.5683542075753212,0.2,0.00010019999999999998
668,6020.69,1025.4671881499999,216693,6840320,31,-0.002973604626604356,6670,0.007691800594329834,44.02484558403492,0.005330576,0.040400390625,44.49235534667969,-0.5731186239421368,0.2,9.989999999999998e-05
669,6018.17,1025.59224871,216832,6850560,31,-0.004462107306753751,6680,0.0012096166610717773,44.467687920331954,0.0062002656,0.066357421875,9.724361419677734,-0.5914002852141858,0.2,9.959999999999998e-05
670,6022.24,1025.49954549,216980,6860800,31,-0.002270647228579037,6690,0.007545351982116699,22.481690934151413,0.003667102,0.03203125,0.6238088011741638,-0.5839138127863407,0.2,9.929999999999997e-05
671,6019.63,1025.57042307,217961,6871040,31,-0.0030545538224396296,6700,0.0034199953079223633,38.20388373106718,0.005125263,0.054150390625,0.9454407095909119,-0.5678907361626625,0.2,9.899999999999998e-05
672,6018.61,1025.7716288,218117,6881280,31,-0.002419806840189267,6710,0.004197597503662109,44.94216084450483,0.004632728,0.042529296875,25.256385803222656,-0.5793097566068173,0.2,9.869999999999997e-05
673,6015.11,1025.94045672,218252,6891520,31,-0.002642445059318561,6720,-0.00015938282012939453,44.5399634885788,0.005794976,0.04634765625,16.20749282836914,-0.6037847796082496,0.2,9.839999999999998e-05
674,6015.4,1025.88256968,218407,6901760,31,-0.0032022856455296276,6730,0.010563850402832031,22.41819459736347,0.0055812337,0.06173828125,0.5415294170379639,-0.5897667038440705,0.2,9.809999999999997e-05
675,6017.4,1025.7567447899999,218563,6912000,31,-0.0031343968613509786,6740,0.005043745040893555,45.0116098728776,0.005990595,0.046640625,59.93849563598633,-0.6142993260920048,0.2,9.779999999999998e-05
676,6021.3,1025.8929898799997,219516,6922240,31,-0.003657906681764871,6750,0.005181849002838135,44.87956566125155,0.005976289,0.053349609375,1.137873649597168,-0.5883754551410675,0.2,9.749999999999998e-05
677,6021.44,1026.0834376699997,219666,6932480,31,-0.003269491126266075,6760,0.02187579870223999,22.919530179053545,0.0067650764,0.066982421875,8.918673515319824,-0.5887765870988368,0.2,9.719999999999998e-05
678,6019.03,1026.46648138,219820,6942720,31,-0.00242443592636846,6770,0.0003132820129394531,44.23803074449301,0.003732243,0.02634765625,43.98200607299805,-0.5931162526458502,0.2,9.689999999999998e-05
679,6017.73,1026.63342805,219976,6952960,31,-0.0039437004586216065,6780,0.002066195011138916,44.93499934673309,0.005693255,0.063486328125,3.818387508392334,-0.601120274066925,0.2,9.659999999999998e-05
680,6016.52,1026.8204290299998,220110,6963200,31,-0.0035351792685105465,6790,0.013706326484680176,44.45144841253757,0.008099813,0.06568359375,30.871599197387695,-0.5864056684076786,0.2,9.629999999999998e-05
681,6013.83,1026.94713388,221093,6973440,31,-0.0031622406718088314,6800,-0.008056640625,22.87258354201913,0.005936986,0.043740234375,8.514081001281738,-0.6173534372448921,0.2,9.599999999999998e-05
682,6013.14,1026.92068434,221249,6983680,31,-0.0029238869794062337,6810,0.0018965601921081543,43.85105028927326,0.005728972,0.041943359375,42.893310546875,-0.6002897018194199,0.2,9.569999999999998e-05
683,6012.39,1026.9881763,221387,6993920,31,-0.0024505821711500175,6820,0.005682706832885742,44.08923044323921,0.005058135,0.04220703125,14.253244400024414,-0.5990632183849811,0.2,9.539999999999997e-05
684,6010.47,1026.88552811,221534,7004160,31,-0.0025567001578747296,6830,0.013894915580749512,23.006441268771887,0.0052447356,0.04017578125,0.6181313991546631,-0.6322108441591263,0.2,9.509999999999998e-05
685,6011.24,1026.6690127299998,221690,7014400,31,-0.003548737923556473,6840,0.006900966167449951,43.935555189847946,0.0061897943,0.08529296875,44.730690002441406,-0.6205608521401882,0.2,9.479999999999997e-05
686,6010.31,1026.8927893700002,222665,7024640,31,-0.002576564954215428,6850,-0.004700064659118652,44.133561007380486,0.0040318444,0.02056640625,7.985109806060791,-0.6148423998057843,0.2,9.449999999999998e-05
687,6010.38,1026.89597456,222795,7034880,31,-0.0037306212034309283,6860,2.008676528930664e-05,44.7565711286664,0.006304388,0.0693359375,82.25139617919922,-0.611545807570219,0.2,9.419999999999997e-05
688,6016.09,1026.87527263,222949,7045120,31,-0.0030515875775017774,6870,0.012938499450683594,22.462419947385786,0.00560857,0.064072265625,35.7632942199707,-0.6146738554537297,0.2,9.389999999999998e-05
689,6010.88,1027.01469545,223103,7055360,31,-0.0029138178793073166,6880,0.006376445293426514,44.30009732544422,0.0049288594,0.042841796875,1.4435523748397827,-0.6413643372058868,0.2,9.360000000000001e-05
690,6010.85,1026.9990624199997,223239,7065600,31,-0.0024500726713449694,6890,0.010101497173309326,44.41413569629192,0.0038185618,0.019306640625,13.567519187927246,-0.6143370385468007,0.2,9.33e-05
691,6011.3,1027.0809014899999,224117,7075840,31,-0.0029747426230460404,6900,0.004698038101196289,22.689171576052903,0.005759561,0.038271484375,23.516782760620117,-0.6200557218492031,0.2,9.300000000000001e-05
692,6011.59,1027.1156326999999,224254,7086080,31,-0.003091653579031117,6910,0.004301667213439941,44.202786734700204,0.005869368,0.04435546875,2.3269572257995605,-0.6032887887954712,0.2,9.27e-05
693,6011.67,1027.03157298,224378,7096320,31,-0.004093379472906235,6920,0.014172136783599854,43.37109714210033,0.0045748693,0.0535546875,83.74551391601562,-0.619488391727209,0.2,9.240000000000001e-05
694,6012.51,1027.15133087,224509,7106560,31,-0.0035409276254358703,6930,0.021620452404022217,22.386263707876207,0.005374043,0.049951171875,0.49694550037384033,-0.6082100115716458,0.2,9.21e-05
695,6013.65,1027.42019729,224645,7116800,31,-0.002798041509813629,6940,0.013014554977416992,43.86426955223084,0.005848503,0.0551953125,51.51460647583008,-0.6097432830929757,0.2,9.180000000000001e-05
696,6016.67,1027.2662399499998,225495,7127040,31,-0.0038924413302447647,6950,0.006432533264160156,44.28916676878929,0.006683196,0.0544921875,43.68912124633789,-0.6301691675186157,0.2,9.15e-05
697,6014.95,1027.32745532,225627,7137280,31,-0.0029253692826023327,6960,0.015015661716461182,22.506659762114285,0.0058390787,0.051044921875,17.57488441467285,-0.5881696879863739,0.2,9.120000000000001e-05
698,6015.07,1027.3204552,225763,7147520,31,-0.00319673104735557,6970,-0.0016238689422607422,44.02374879926443,0.0057208627,0.03419921875,59.615623474121094,-0.5794776789844036,0.2,9.09e-05
699,6012.29,1027.2820051400001,225900,7157760,31,-0.003056751127005555,6980,0.003437638282775879,44.52277031183243,0.006605326,0.045419921875,12.71243667602539,-0.5941639058291912,0.2,9.06e-05
700,6009.14,1027.64706029,226019,7168000,31,-0.0013040386170905549,6990,0.007820665836334229,44.25326655715704,0.0037946734,0.035634765625,48.250858306884766,-0.5985210798680782,0.2,9.03e-05
701,6001.79,1027.9415843999998,226876,7178240,31,-0.0035147543146740647,7000,0.02070796489715576,22.52454073727131,0.00514665,0.051484375,0.869731605052948,-0.5801702572405338,0.2,9e-05
702,5999.69,1028.13024161,227012,7188480,31,-0.003129659040423576,7010,0.013491630554199219,43.930697554945944,0.005304358,0.06142578125,34.88054656982422,-0.607920472919941,0.2,8.970000000000001e-05
703,5995.63,1028.3933479500001,227150,7198720,31,-0.0024455170435248876,7020,0.004297316074371338,45.00583973675966,0.003561901,0.0285546875,0.6436905860900879,-0.5708476635068656,0.2,8.94e-05
704,5992.89,1028.64617194,227269,7208960,31,-0.003241596134903375,7030,0.008590340614318848,44.733111065328124,0.00606517,0.05970703125,73.69535827636719,-0.593119790405035,0.2,8.910000000000001e-05
705,5988.13,1028.89513719,227403,7219200,31,-0.0030790018537663853,7040,-0.0006173849105834961,23.44566561535001,0.005423407,0.040322265625,9.790059089660645,-0.5785499365627765,0.2,8.88e-05
706,5983.7,1029.1595065,228272,7229440,31,-0.002072278489358723,7050,0.0025724172592163086,43.73990492939949,0.005240248,0.035712890625,14.8326416015625,-0.622512918561697,0.2,8.850000000000001e-05
707,5985.4,1029.06658791,228412,7239680,31,-0.0021990614788956007,7060,0.001048743724822998,44.9515415135026,0.0033448513,0.03296875,13.672965049743652,-0.6159630447626114,0.2,8.82e-05
708,5986.55,1028.88261857,228528,7249920,31,-0.003746942775323987,7070,-0.00223696231842041,45.10443586409092,0.006878934,0.0441796875,10.390508651733398,-0.599754158705473,0.2,8.790000000000001e-05
709,5986.63,1029.15039758,228662,7260160,31,-0.0026207648098352365,7080,0.032031476497650146,23.902472331523896,0.004365285,0.040791015625,0.683886706829071,-0.604789137095213,0.2,8.76e-05
710,5987.59,1029.18882295,228799,7270400,31,-0.0037652232806431127,7090,0.0035598278045654297,44.78316065371037,0.00691313,0.06890625,1.7654030323028564,-0.5943624199926854,0.2,8.730000000000001e-05
711,5986.83,1029.15873489,229635,7280640,31,-0.003200564450235106,7100,0.0003470182418823242,45.77868531525135,0.005729423,0.03837890625,26.999141693115234,-0.5823357544094324,0.2,8.7e-05
712,5988.04,1029.1545729399998,229769,7290880,31,-0.002760507744678762,7110,0.00953817367553711,23.287364216148852,0.0054897876,0.0419140625,0.530765175819397,-0.5675562470406293,0.2,8.67e-05
713,5987.72,1029.4813297299997,229907,7301120,31,-0.002815805080026621,7120,0.0026091933250427246,45.366775697767736,0.0057193376,0.048916015625,8.397789001464844,-0.5835899057984352,0.2,8.64e-05
714,5991.04,1029.3873582399997,230025,7311360,31,-0.0034549585697823204,7130,-0.0012307167053222656,45.121583718061444,0.0044122804,0.033291015625,2.933152437210083,-0.6115416158735753,0.2,8.61e-05
715,5989.74,1029.5789802799998,230159,7321600,31,-0.003016013585147448,7140,0.004442870616912842,23.049607336223126,0.005628375,0.053603515625,37.60381317138672,-0.6079500265419483,0.2,8.58e-05
716,5985.48,1029.88729911,231005,7331840,31,-0.002639895880565746,7150,-0.00015842914581298828,44.17806147247553,0.003968903,0.0270703125,23.569839477539062,-0.6267248520255089,0.2,8.55e-05
717,5986.43,1029.97813777,231145,7342080,31,-0.003443861347695929,7160,0.0009161829948425293,45.459089218974114,0.0059533394,0.050126953125,6.4921135902404785,-0.6228885486721992,0.2,8.52e-05
718,5985.99,1030.07559651,231259,7352320,31,-0.0020094173435063565,7170,-0.000995039939880371,44.70654846429825,0.005175392,0.041826171875,23.316495895385742,-0.6010113772749901,0.2,8.49e-05
719,5985.57,1030.26126823,231392,7362560,31,-0.0033372400111693424,7180,0.010768473148345947,22.875921779125928,0.0068987818,0.059970703125,12.825820922851562,-0.6344199438393116,0.2,8.46e-05
720,5989.05,1030.2814614800002,231531,7372800,31,-0.0022405149269616232,7190,0.0028190016746520996,45.508896984159946,0.0044475542,0.0242578125,41.05695343017578,-0.6272411029040813,0.2,8.43e-05
721,5987.97,1030.3018665499999,232373,7383040,31,-0.00246467731136363,7200,0.010431885719299316,45.52466666936874,0.0062683746,0.04123046875,15.425240516662598,-0.6330385558307171,0.2,8.4e-05
722,5985.38,1030.3654842400001,232519,7393280,31,-0.002923137442849111,7210,0.031554222106933594,23.08688789084554,0.00526777,0.04751953125,0.8982149958610535,-0.6330726189911365,0.2,8.37e-05
723,5990.79,1030.16999345,232674,7403520,31,-0.0027083942230092363,7220,0.0024572014808654785,45.22986053943634,0.00449735,0.032431640625,25.801101684570312,-0.6147543303668499,0.2,8.34e-05
724,5988.94,1030.2966293200002,232830,7413760,31,-0.0033372791917645373,7230,0.006186962127685547,45.11827022641897,0.0047845403,0.045556640625,22.05740737915039,-0.6401274724304676,0.2,8.31e-05
725,5987.48,1030.41366629,232960,7424000,31,-0.004254667775821872,7240,0.004896879196166992,45.08277011483908,0.0059932424,0.043154296875,78.0234603881836,-0.6049794828891755,0.2,8.28e-05
726,5988.36,1030.4297923200002,233932,7434240,31,-0.0030114616570062936,7250,0.02672487497329712,23.244649161100387,0.0055978205,0.049697265625,0.7412720322608948,-0.6056593866646289,0.2,8.25e-05
727,5991.07,1030.47971454,234089,7444480,31,-0.002911524436494801,7260,0.01700615882873535,45.41515950351953,0.0050574434,0.0283203125,51.59098434448242,-0.6212259589135647,0.2,8.22e-05
728,5992.54,1030.5211538100002,234221,7454720,31,-0.0025524420366855338,7270,0.005825698375701904,44.57498598873615,0.005500479,0.054013671875,52.265785217285156,-0.6532871182262897,0.2,8.19e-05
729,5989.75,1030.6206728299999,234372,7464960,31,-0.0026545408501988275,7280,-0.0042722225189208984,23.22861978635192,0.004224524,0.03380859375,1.6001265048980713,-0.5978994557261467,0.2,8.16e-05
730,5988.83,1030.7849017199997,234527,7475200,31,-0.002029695189849008,7290,0.0053824782371521,45.143177421092986,0.005911834,0.069453125,72.57939147949219,-0.6303083552420139,0.2,8.13e-05
731,5990.53,1030.79402747,235500,7485440,31,-0.002438358105137013,7300,-0.0005205869674682617,45.33259779334068,0.005486907,0.032314453125,19.60177993774414,-0.6421225613355637,0.2,8.1e-05
732,5990.75,1030.87722022,235650,7495680,31,-0.002188572293962352,7310,0.007271826267242432,23.416359616070984,0.004864021,0.0255859375,40.79039001464844,-0.6536611337959767,0.2,8.07e-05
733,5991.67,1031.05611762,235808,7505920,31,-0.0027053516678279266,7320,0.0031158924102783203,45.19968937903643,0.004559039,0.035390625,37.897315979003906,-0.6516527438163757,0.2,8.04e-05
734,5990.38,1031.2974181,235965,7516160,31,-0.001884345559810754,7330,0.01056063175201416,45.7301689851284,0.005645127,0.048994140625,37.5546989440918,-0.6602777321636677,0.2,8.01e-05
735,5988.98,1031.54425296,236097,7526400,31,-0.003501148128125351,7340,0.0022038817405700684,45.70966893017292,0.0038855947,0.02755859375,82.85443878173828,-0.6215982355177403,0.2,7.98e-05
736,5991.91,1031.45497319,237065,7536640,31,-0.0037415252043865622,7350,0.007057607173919678,22.976658816486598,0.00488877,0.04873046875,1.3695839643478394,-0.660844039618969,0.2,7.95e-05
737,5993.1,1031.4051404099998,237222,7546880,31,-0.003269986472732853,7360,0.0017186403274536133,45.46646890968084,0.004668516,0.045908203125,1.6568690538406372,-0.6414028768241405,0.2,7.92e-05
738,5995.89,1031.49418131,237357,7557120,31,-0.0022627819981426,7370,0.004899144172668457,45.58925237715244,0.0038736414,0.027958984375,8.616639137268066,-0.6420222944021226,0.2,7.89e-05
739,5997.77,1031.55840426,237511,7567360,31,-0.0036880248645320534,7380,0.001347362995147705,22.668155654519797,0.005599008,0.044169921875,0.6189833879470825,-0.626126053929329,0.2,7.86e-05
740,5996.07,1031.9918353,237666,7577600,31,-0.003036746158031747,7390,-0.0018024444580078125,44.394124947190285,0.004352946,0.028056640625,7.2883148193359375,-0.6559066177904606,0.2,7.829999999999999e-05
741,5994.57,1032.0615708300002,238643,7587840,31,-0.002977086800674442,7400,0.001199483871459961,46.205229187905786,0.004307936,0.020009765625,9.277915954589844,-0.6749001556634903,0.2,7.8e-05
742,5995.06,1032.2652525500002,238773,7598080,31,-0.0012486215616809204,7410,0.00024431943893432617,45.87927756756544,0.0033870512,0.031484375,1.7571474313735962,-0.6574596078693866,0.2,7.769999999999999e-05
743,5991.37,1032.56811847,238927,7608320,31,-0.002820451905427035,7420,0.003427863121032715,23.25597979426384,0.005313369,0.038984375,45.19667434692383,-0.6848297071456909,0.2,7.74e-05
744,5992.05,1032.89068572,239087,7618560,31,-0.003185565936146304,7430,0.005669593811035156,45.88542176812887,0.0045629516,0.046318359375,30.540904998779297,-0.6822062502801418,0.2,7.709999999999999e-05
745,5992.39,1032.89264325,239222,7628800,31,-0.003521596675273031,7440,0.010170996189117432,45.5861404594779,0.0058089187,0.044736328125,6.341163158416748,-0.7112100967764854,0.2,7.68e-05
746,5987.67,1033.21336553,240190,7639040,31,-0.0037479764068848453,7450,0.00715327262878418,23.233737210184337,0.00527565,0.042822265625,0.6218031048774719,-0.7006556306779385,0.2,7.649999999999999e-05
747,5987.86,1033.39601888,240345,7649280,31,-0.0014601493068039416,7460,0.010292112827301025,44.91761771976948,0.003786395,0.02310546875,1.9306821823120117,-0.687490304261446,0.2,7.62e-05
748,5987.65,1033.52880444,240503,7659520,31,-0.002921046012779698,7470,-0.002957463264465332,45.708529419600964,0.005232456,0.0249609375,10.82875919342041,-0.7084271430969238,0.2,7.589999999999999e-05
749,5986.66,1033.57375527,240635,7669760,31,-0.0028515142528340223,7480,0.0010339021682739258,44.18418909013271,0.0059076636,0.0573046875,1.168839693069458,-0.7075923243165017,0.2,7.56e-05
750,5986.88,1033.410284,240791,7680000,31,-0.0026924623630475253,7490,0.015336811542510986,23.399085183292627,0.0045244666,0.0395703125,40.2144889831543,-0.682076917141676,0.2,7.529999999999999e-05
751,5985.13,1033.66219651,241761,7690240,31,-0.0027069300680886955,7500,0.006898641586303711,44.664499100446704,0.0035201465,0.018671875,15.180939674377441,-0.7296475403010845,0.2,7.5e-05
752,5983.53,1033.7967605600002,241899,7700480,31,-0.002034288024296984,7510,0.0013884902000427246,45.254238045811654,0.0049741566,0.027021484375,1.6094226837158203,-0.7381919394433498,0.2,7.47e-05
753,5980.31,1033.9837074100003,242049,7710720,31,-0.003006552839215146,7520,0.012619316577911377,23.42721794039011,0.005523076,0.040849609375,0.631973385810852,-0.7102471622824669,0.2,7.439999999999999e-05
754,5974.67,1034.33809608,242203,7720960,31,-0.0026442098850384356,7530,-0.001312255859375,45.59254787504673,0.004352567,0.0333984375,40.60017776489258,-0.7023243051767349,0.2,7.41e-05
755,5975.15,1034.4971376600001,242362,7731200,31,-0.003274900378310122,7540,0.004443168640136719,44.54468521386385,0.0058017955,0.03689453125,26.57196617126465,-0.7106995305418968,0.2,7.379999999999999e-05
756,5974.43,1034.54998153,243316,7741440,31,-0.0021751454516197553,7550,0.009131073951721191,44.577824590802194,0.004059364,0.0189453125,2.5045878887176514,-0.7003017853200436,0.2,7.35e-05
757,5977.52,1034.53840792,243468,7751680,31,-0.0036742278464953417,7560,0.02014535665512085,23.18482193082571,0.0057671936,0.053369140625,0.598117470741272,-0.6969619055092334,0.2,7.319999999999999e-05
758,5976.5,1034.68876067,243627,7761920,31,-0.0018983784277224914,7570,0.005683422088623047,45.44276184529066,0.0038794205,0.014541015625,36.93090057373047,-0.71440887093544,0.2,7.29e-05
759,5976.77,1034.7957938499999,243766,7772160,31,-0.003668653524364345,7580,0.011905789375305176,45.09721292316914,0.005538131,0.04859375,1.9516621828079224,-0.712349812835455,0.2,7.259999999999999e-05
760,5981.89,1034.6833771400002,243916,7782400,31,-0.0029604655678849667,7590,0.013180017471313477,22.8395465105772,0.0059545003,0.04802734375,0.6564154624938965,-0.7088026529550553,0.2,7.23e-05
761,5986.19,1034.72876512,244897,7792640,31,-0.0029359221755294127,7600,0.00986415147781372,45.33447179794312,0.005491662,0.02798828125,29.116147994995117,-0.7053199453651905,0.2,7.199999999999999e-05
762,5984.5,1034.6302644999998,245052,7802880,31,-0.002186042063985951,7610,-0.0009392499923706055,45.1319544544816,0.0036565058,0.0175390625,0.6165927052497864,-0.7187447527050972,0.2,7.17e-05
763,5985.31,1034.54718676,245185,7813120,31,-0.0026483966983505526,7620,0.003402233123779297,46.097581273019316,0.0043841526,0.021962890625,65.51605224609375,-0.7080916768312454,0.2,7.139999999999999e-05
764,5985.06,1034.42470122,245337,7823360,31,-0.0041260717442492024,7630,0.012435674667358398,22.309425939768552,0.0066727637,0.053671875,28.012304306030273,-0.6782666537165641,0.2,7.11e-05
765,5986.91,1034.2030328399999,245495,7833600,31,-0.002807435954455286,7640,0.0049765706062316895,45.82208805531263,0.0050968486,0.01919921875,45.564273834228516,-0.7321449540555477,0.2,7.079999999999999e-05
766,5986.52,1034.2897227499998,246458,7843840,31,-0.003582745692692697,7650,0.005947709083557129,45.129856797158716,0.0065349774,0.041630859375,13.289203643798828,-0.7209560924768448,0.2,7.049999999999999e-05
767,5989.52,1034.1118826099998,246608,7854080,31,-0.003350833203003276,7660,0.00834566354751587,22.99016862615943,0.005862837,0.04595703125,27.048358917236328,-0.7191010436415672,0.2,7.019999999999999e-05
768,5991.88,1033.87055668,246766,7864320,31,-0.0038837659490673104,7670,0.007332444190979004,44.870413323640825,0.0057075,0.053662109375,3.0071191787719727,-0.696506890654564,0.2,6.989999999999999e-05
769,5992.87,1033.8555197399999,246904,7874560,31,-0.003986095544532873,7680,0.008455753326416016,45.18274878054857,0.0051321303,0.033564453125,1.5632619857788086,-0.7163471867144108,0.2,6.959999999999998e-05
770,5992.45,1033.8169185699999,247052,7884800,31,-0.002116689206013689,7690,0.0043166279792785645,23.503038538843395,0.004555759,0.02294921875,40.254573822021484,-0.6852413977682591,0.2,6.929999999999999e-05
771,5994.58,1033.63754061,248040,7895040,31,-0.0035287793737370523,7700,0.0047054290771484375,45.51683059364557,0.006174256,0.051201171875,26.598669052124023,-0.6957333961129188,0.2,6.899999999999998e-05
772,5992.97,1033.82919277,248199,7905280,31,-0.0017047216265928,7710,0.003636956214904785,45.21573211401701,0.004082973,0.01990234375,27.012470245361328,-0.7051575154066085,0.2,6.869999999999999e-05
773,5992.92,1033.79635152,248331,7915520,31,-0.003325491189607419,7720,0.006843864917755127,45.43104047358036,0.0059517375,0.039033203125,9.58523178100586,-0.6947144378721714,0.2,6.839999999999998e-05
774,5994.42,1033.78660066,248486,7925760,31,-0.003088959522137884,7730,0.008587062358856201,23.28625105038285,0.005934673,0.03388671875,11.38874626159668,-0.7103641949594021,0.2,6.809999999999999e-05
775,5997.56,1033.65183403,248645,7936000,31,-0.002839830860903021,7740,0.006365716457366943,45.21018065482378,0.003608094,0.0282421875,18.64461326599121,-0.7012533640861511,0.2,6.779999999999998e-05
776,5994.96,1033.77209564,249612,7946240,31,-0.003128625130630098,7750,0.0024943947792053223,44.55853282332421,0.0053530154,0.029619140625,16.1579647064209,-0.7042496186494828,0.2,6.749999999999999e-05
777,5997.63,1033.4791621,249766,7956480,31,-0.0033697509544435887,7760,0.007521212100982666,22.588943327367307,0.0046524704,0.04140625,7.665189743041992,-0.6857911518216133,0.2,6.72e-05
778,5995.47,1033.4486259399998,249923,7966720,31,-0.002985624653156265,7770,0.010644912719726562,44.08295156300068,0.0071949004,0.05248046875,13.701471328735352,-0.7049408939480781,0.2,6.689999999999999e-05
779,5994.51,1033.5762026199998,250063,7976960,31,-0.0030333643077756277,7780,0.009583830833435059,44.627534318268296,0.004724017,0.023349609375,2.428454637527466,-0.7362118989229203,0.2,6.659999999999999e-05
780,6000.54,1033.64937315,250214,7987200,31,-0.0031181981749250553,7790,0.015162885189056396,22.802714682221414,0.004439947,0.037392578125,0.48467642068862915,-0.6749825668334961,0.2,6.629999999999999e-05
781,6003.07,1033.66949927,251225,7997440,31,-0.0041008887891075575,7800,0.0065346360206604,44.93552967548371,0.006004979,0.041611328125,17.405994415283203,-0.7282854425907135,0.2,6.599999999999999e-05
782,6001.12,1033.69804499,251368,8007680,31,-0.002591708196559921,7810,0.008720815181732178,44.77839948862791,0.0047397106,0.036162109375,3.4301555156707764,-0.6937932384014129,0.2,6.569999999999998e-05
783,6002.04,1033.65923557,251520,8017920,31,-0.0033883109150337986,7820,0.005648612976074219,23.35698426634073,0.00494719,0.037890625,1.2301256656646729,-0.6889882135391235,0.2,6.539999999999999e-05
784,6003.08,1033.65625898,251680,8028160,31,-0.00288621972045803,7830,0.0009966492652893066,41.94332030445337,0.0059512467,0.027529296875,1.7718117237091064,-0.6835283389687539,0.2,6.509999999999998e-05
785,6003.0,1033.68482437,251843,8038400,31,-0.003143591692787595,7840,0.008280277252197266,44.00185546785593,0.00503719,0.035302734375,1.016559362411499,-0.6914496895670891,0.2,6.479999999999999e-05
786,6001.73,1033.7045686000001,252820,8048640,31,-0.003006041453918442,7850,0.013160288333892822,44.89543935388327,0.0053773066,0.032392578125,0.8296411633491516,-0.6818905009329319,0.2,6.449999999999998e-05
787,6002.38,1033.73292363,252979,8058880,31,-0.00280737564957235,7860,0.0221748948097229,22.768537974208595,0.0055305487,0.0401171875,0.416264146566391,-0.6738106139004231,0.2,6.419999999999999e-05
788,6003.97,1033.79484867,253143,8069120,31,-0.0025098120485199616,7870,0.0041564106941223145,45.193147815167904,0.0042297416,0.015888671875,84.75222778320312,-0.6795691552758217,0.2,6.389999999999998e-05
789,6006.24,1033.70541351,253289,8079360,31,-0.00306636483015609,7880,0.0042032599449157715,44.36931892722845,0.0060518864,0.027548828125,3.859466552734375,-0.6915223716199398,0.2,6.359999999999999e-05
790,6007.88,1033.61441841,253448,8089600,31,-0.00246824556379579,7890,0.01135408878326416,22.741483937501908,0.005679649,0.03583984375,0.8119268417358398,-0.6691293025016785,0.2,6.329999999999998e-05
791,6004.85,1033.54493901,254466,8099840,31,-0.0019900705784675664,7900,0.007319390773773193,44.16099751919508,0.00377997,0.0187890625,1.0538581609725952,-0.6609239062666893,0.2,6.299999999999999e-05
792,6007.34,1033.31423451,254608,8110080,31,-0.002751701637462247,7910,-0.0034656524658203125,44.19160432547331,0.0038008732,0.015771484375,2.7058887481689453,-0.6826229192316532,0.2,6.269999999999998e-05
793,6006.37,1033.21746007,254767,8120320,31,-0.0037236085771291984,7920,0.005652010440826416,22.66462092727423,0.0060847197,0.03708984375,20.601551055908203,-0.6945206423103809,0.2,6.239999999999999e-05
794,6010.15,1032.9198523000002,254927,8130560,31,-0.0024869398906594144,7930,0.00430983304977417,44.202130710184576,0.0049435343,0.023720703125,12.262267112731934,-0.6790769128501415,0.2,6.209999999999998e-05
795,6008.13,1032.9560872600002,255071,8140800,31,-0.002638626873376779,7940,0.012353062629699707,44.259909247756006,0.0057086023,0.04453125,29.84722137451172,-0.6595819118618965,0.2,6.179999999999998e-05
796,6009.7,1032.7942337900001,256077,8151040,31,-0.002198256717820186,7950,0.027660906314849854,22.07961069315672,0.0043221517,0.024580078125,11.254962921142578,-0.6523927982151508,0.2,6.149999999999998e-05
797,6008.1,1032.91414739,256238,8161280,31,-0.00252875728008803,7960,0.009551286697387695,45.23174712330103,0.0048334277,0.021220703125,10.521063804626465,-0.6875161701440811,0.2,6.119999999999998e-05
798,6007.41,1033.00642115,256400,8171520,31,-0.002009615934221074,7970,0.015577197074890137,44.02762705415487,0.0051684505,0.0276171875,26.369319915771484,-0.6713403980433941,0.2,6.089999999999998e-05
799,6012.63,1032.70828112,256537,8181760,31,-0.0020826556923566387,7980,0.022202014923095703,43.78843712672591,0.005684016,0.03783203125,9.72378921508789,-0.6903911583125592,0.2,6.059999999999998e-05
800,6011.69,1032.9392854,256695,8192000,31,-0.004002985143451951,7990,0.02337878942489624,22.54847563698888,0.00609868,0.0407421875,20.88274383544922,-0.6607261300086975,0.2,6.029999999999998e-05
801,6014.67,1032.62787341,257708,8202240,31,-0.0032654024113435297,8000,0.0021599531173706055,44.73541580826044,0.0052134767,0.028681640625,44.699337005615234,-0.690829621553421,0.2,5.999999999999998e-05
802,6016.25,1032.54179049,257853,8212480,31,-0.003901355024136137,8010,0.0038174986839294434,44.56243556052446,0.005309702,0.043212890625,27.07699203491211,-0.6372936809062958,0.2,5.969999999999998e-05
803,6013.97,1032.35053417,258010,8222720,31,-0.0029685164874535984,8020,0.014782726764678955,23.04016110122204,0.005096433,0.036240234375,0.628180205821991,-0.6581294901669026,0.2,5.939999999999998e-05
804,6013.67,1032.27867602,258174,8232960,31,-0.00430957288830541,8030,0.006581604480743408,44.70374152779579,0.006315826,0.056689453125,1.9981955289840698,-0.6968001119792462,0.2,5.909999999999998e-05
805,6018.09,1031.8686648,258341,8243200,31,-0.0043747337552485985,8040,0.0069828033447265625,44.952036896049975,0.005591774,0.048662109375,2.2560999393463135,-0.6692147347331047,0.2,5.879999999999998e-05
806,6019.44,1031.75973049,259338,8253440,31,-0.0024870212125824766,8050,0.02339273691177368,44.84230535775423,0.0056172083,0.029716796875,10.345772743225098,-0.6523478345572948,0.2,5.849999999999998e-05
807,6018.35,1031.7518755400001,259502,8263680,31,-0.002222117712663021,8060,0.03586655855178833,22.49879520907998,0.004421594,0.022275390625,2.0631003379821777,-0.6452026590704918,0.2,5.819999999999998e-05
808,6016.81,1031.8395331400002,259664,8273920,31,-0.002423890937061515,8070,0.00691145658493042,44.523488401174546,0.0044201915,0.020322265625,14.009427070617676,-0.653420798778534,0.2,5.789999999999998e-05
809,6017.07,1031.8516115999998,259806,8284160,31,-0.0031616750644752755,8080,0.012282609939575195,45.19288444340229,0.0044386224,0.0255859375,24.097148895263672,-0.6601032094657421,0.2,5.759999999999998e-05
810,6020.13,1031.62069643,259962,8294400,31,-0.003212794534629211,8090,0.013822674751281738,22.86302156686783,0.0045045773,0.034892578125,0.5719215869903564,-0.6434509260952472,0.2,5.7299999999999977e-05
811,6020.67,1031.39816091,260972,8304640,31,-0.002278678301954642,8100,0.007368147373199463,44.40951145529747,0.0043433085,0.02357421875,2.2208690643310547,-0.6479937043786049,0.2,5.6999999999999976e-05
812,6017.85,1031.47561203,261136,8314880,31,-0.0023658350040204825,8110,-0.009127140045166016,44.906686545312404,0.0036065667,0.0128125,24.196834564208984,-0.6700346893072129,0.2,5.6699999999999976e-05
813,6019.91,1031.3397756599998,261272,8325120,31,-0.002539072075742297,8120,0.0006477832794189453,45.036960561275485,0.0039384454,0.0268359375,48.17030715942383,-0.6721538136899471,0.2,5.639999999999998e-05
814,6015.7,1031.4081812399997,261432,8335360,31,-0.0034413163617136888,8130,0.003642261028289795,23.53734308719635,0.005030925,0.041083984375,5.158867835998535,-0.656077968031168,0.2,5.610000000000001e-05
815,6017.09,1031.2189842399998,261597,8345600,31,-0.0021528210886754095,8140,0.0062424540519714355,44.39063174039126,0.004882639,0.0191796875,29.637361526489258,-0.6642875103652477,0.2,5.5800000000000015e-05
816,6017.78,1030.98356906,262585,8355840,31,-0.0037896160827949645,8150,0.01652228832244873,44.35836436629295,0.0049826936,0.048212890625,1.0645095109939575,-0.679809512346983,0.2,5.5500000000000014e-05
817,6019.83,1030.7373428699998,262740,8366080,31,-0.002301939367025625,8160,-0.011605501174926758,23.382576239556073,0.0041519925,0.016494140625,1.6354001760482788,-0.686692048162222,0.2,5.5200000000000014e-05
818,6020.27,1030.5336186,262903,8376320,31,-0.0033525516971712934,8170,0.0003902316093444824,45.43942249000072,0.0041684364,0.0187109375,38.592655181884766,-0.6576777972280979,0.2,5.490000000000001e-05
819,6015.53,1030.63624124,263069,8386560,31,-0.0026631121328682637,8180,0.001055300235748291,45.20230161845684,0.0034492158,0.012890625,12.257899284362793,-0.6661393344402313,0.2,5.460000000000001e-05
820,6013.92,1030.71376569,263205,8396800,31,-0.002366285603493452,8190,0.003272533416748047,45.37596290051937,0.004859605,0.015087890625,0.9226950407028198,-0.6748672612011433,0.2,5.430000000000001e-05
821,6013.46,1030.8375826299998,264210,8407040,31,-0.0039797228979296054,8200,-0.0021764039993286133,23.027016238868235,0.0042033657,0.02728515625,15.988081932067871,-0.6617292097210884,0.2,5.400000000000001e-05
822,6019.76,1030.79615707,264373,8417280,31,-0.0012176361260935664,8210,0.000985860824584961,44.91250171810388,0.0019211151,0.004501953125,24.7177791595459,-0.7033552868664265,0.2,5.370000000000001e-05
823,6020.99,1030.74304833,264513,8427520,31,-0.0035339888295857235,8220,0.001073002815246582,45.21979390770197,0.005053649,0.038955078125,1.3660857677459717,-0.6634398947656155,0.2,5.340000000000001e-05
824,6021.69,1030.65740409,264672,8437760,31,-0.0037777659347921146,8230,0.005602419376373291,23.25110604465008,0.0043820757,0.0323046875,22.001510620117188,-0.6501643899083137,0.2,5.310000000000001e-05
825,6022.3,1030.53342787,264834,8448000,31,-0.0019290466757956892,8240,0.004401147365570068,44.30056408852339,0.005015851,0.031591796875,8.005162239074707,-0.6430340118706226,0.2,5.280000000000001e-05
826,6020.51,1030.7052523099999,265827,8458240,31,-0.0026295012241462244,8250,0.014290452003479004,45.3785082218051,0.0051106517,0.035869140625,7.647275447845459,-0.6672410552203655,0.2,5.250000000000001e-05
827,6016.87,1030.79640122,265981,8468480,31,-0.0023640790453646333,8260,0.015550553798675537,22.843095452040433,0.004467183,0.035341796875,0.5937628746032715,-0.6723382990062237,0.2,5.220000000000001e-05
828,6013.68,1031.0504940700002,266143,8478720,31,-0.002578801255876897,8270,0.0030282139778137207,45.26761881917715,0.0038254845,0.0174609375,2.6772217750549316,-0.6671574614942074,0.2,5.190000000000001e-05
829,6011.53,1030.9048511000003,266305,8488960,31,-0.002362626866379287,8280,0.009755373001098633,44.86998801678419,0.0034311854,0.019404296875,19.015338897705078,-0.6311559212207795,0.2,5.160000000000001e-05
830,6010.56,1030.78334657,266443,8499200,31,-0.0018159138472401536,8290,0.001615285873413086,45.331502280533314,0.0030054965,0.019296875,11.133382797241211,-0.6445316551625728,0.2,5.130000000000001e-05
831,6009.75,1030.5778704900001,267449,8509440,31,-0.0028650128096342087,8300,0.02665930986404419,23.262556300014257,0.004161979,0.04359375,1.1820833683013916,-0.6657506723701954,0.2,5.1000000000000006e-05
832,6012.14,1030.3292161,267611,8519680,31,-0.002771101726684719,8310,0.006485939025878906,44.47299398511648,0.0035286143,0.018701171875,14.554800987243652,-0.6610089507699013,0.2,5.0700000000000006e-05
833,6012.71,1030.2479254299997,267752,8529920,31,-0.0025503798900172116,8320,0.008381485939025879,44.72441258430481,0.005101184,0.02390625,61.22901153564453,-0.6450652426481247,0.2,5.0400000000000005e-05
834,6010.21,1030.1971407400001,267910,8540160,31,-0.00202766852802597,8330,0.0069422125816345215,22.10253089144826,0.004079773,0.02373046875,0.593339204788208,-0.6394174592196942,0.2,5.0100000000000005e-05
835,6008.46,1030.12522953,268070,8550400,31,-0.002585436446534004,8340,0.004477441310882568,45.25298620790243,0.003645217,0.01966796875,3.4584755897521973,-0.6449293556809426,0.2,4.9800000000000004e-05
836,6007.5,1030.3305630799998,269067,8560640,31,-0.0020136417118192186,8350,0.0036803483963012695,44.77057208836079,0.0035547386,0.0117578125,39.98715591430664,-0.6562023766338825,0.2,4.9500000000000004e-05
837,6009.12,1030.37250296,269208,8570880,31,-0.00283312826679321,8360,0.005127668380737305,45.10546129822731,0.003090707,0.01546875,1.0983353853225708,-0.6546061404049397,0.2,4.92e-05
838,6008.24,1030.13180834,269368,8581120,31,-0.002891985706810374,8370,-0.00036215782165527344,23.4454749751091,0.005370221,0.038515625,0.7669028639793396,-0.6421288423240185,0.2,4.89e-05
839,6006.64,1030.32744728,269532,8591360,31,-0.0015894713236775716,8380,0.0037692785263061523,44.500089296400546,0.0030819748,0.017626953125,4.19913911819458,-0.6376705534756184,0.2,4.86e-05
840,6002.87,1030.3895118399998,269673,8601600,31,-0.0022111940701142886,8390,0.01289820671081543,44.11611887663603,0.0040080687,0.018759765625,2.3532025814056396,-0.6573209515213967,0.2,4.830000000000001e-05
841,6004.6,1030.5911297100001,270684,8611840,31,-0.0019176173233427108,8400,0.021695435047149658,22.939147356003524,0.00510032,0.033154296875,0.6386514902114868,-0.6506429325044155,0.2,4.800000000000001e-05
842,6001.73,1030.6514101999999,270844,8622080,31,-0.0031053740973584353,8410,0.008751451969146729,44.79202354773879,0.003924258,0.026435546875,14.81860065460205,-0.6520604163408279,0.2,4.770000000000001e-05
843,6001.24,1030.59544655,271012,8632320,31,-0.0013901782064931467,8420,0.002833425998687744,44.684423711150885,0.0029015162,0.007763671875,0.794089138507843,-0.6475403198599815,0.2,4.740000000000001e-05
844,6002.82,1030.45364594,271148,8642560,31,-0.0029060211597243322,8430,0.008613169193267822,44.76739048063755,0.004203626,0.021494140625,3.0617449283599854,-0.62008434176445,0.2,4.7100000000000006e-05
845,6001.68,1030.53201976,271310,8652800,31,-0.00254433297784999,8440,0.015445709228515625,22.91575563326478,0.0040187794,0.027431640625,28.382028579711914,-0.5984441658854485,0.2,4.6800000000000006e-05
846,5998.62,1030.70222659,272333,8663040,31,-0.0015525618533138185,8450,0.007649242877960205,44.7442521879077,0.0029473666,0.0115234375,8.321070671081543,-0.6397548860311508,0.2,4.6500000000000005e-05
847,5997.97,1030.67685982,272474,8673280,31,-0.0023054085855255834,8460,0.006609439849853516,44.6633543074131,0.0034120963,0.018271484375,33.15882110595703,-0.6626947727799416,0.2,4.6200000000000005e-05
848,5994.36,1030.61032823,272633,8683520,31,-0.0027481142271426505,8470,0.011294245719909668,22.728192144185304,0.005053283,0.0375,26.633241653442383,-0.6384246745705604,0.2,4.5900000000000004e-05
849,6000.08,1030.75079875,272798,8693760,31,-0.002606284283392597,8480,0.013153433799743652,45.10830097824335,0.0039572055,0.021826171875,46.404327392578125,-0.6057971246540547,0.2,4.5600000000000004e-05
850,6003.22,1030.54012686,272940,8704000,31,-0.0022039648905047217,8490,0.007723808288574219,44.90986200362444,0.0037709647,0.01474609375,7.60691499710083,-0.6056622226536273,0.2,4.53e-05
851,6002.44,1030.62431389,273955,8714240,31,-0.003623276786529459,8500,0.021464228630065918,23.15787071555853,0.005272098,0.043974609375,0.9939723610877991,-0.59286736369133,0.2,4.5e-05
852,5999.53,1030.5254049900002,274118,8724480,31,-0.002125271876284387,8510,0.007860660552978516,44.776514775156976,0.0032109637,0.022041015625,15.884055137634277,-0.5876096633076667,0.2,4.47e-05
853,5995.77,1030.74960416,274284,8734720,31,-0.0014563647455361206,8520,0.009953737258911133,44.845439123809335,0.0031796421,0.0168359375,29.121992111206055,-0.6024965699017047,0.2,4.44e-05
854,5991.16,1030.90615318,274421,8744960,31,-0.0015959871408995241,8530,0.014282464981079102,44.72227971196175,0.0019670243,0.007919921875,3.2830705642700195,-0.6026087272167205,0.2,4.41e-05
855,5995.95,1030.50888588,274581,8755200,31,-0.0015642291345284321,8540,-0.005240678787231445,22.605356256067754,0.0033799906,0.01630859375,0.5179874300956726,-0.582673926949501,0.2,4.38e-05
856,5994.67,1030.35633563,275596,8765440,31,-0.002583089727413608,8550,0.007407665252685547,45.70951996415854,0.0038132682,0.02501953125,14.720172882080078,-0.601638308018446,0.2,4.35e-05
857,5993.18,1030.42181595,275738,8775680,31,-0.0019121785362949595,8560,0.011391103267669678,44.12869024783373,0.0037577949,0.03376953125,4.252480506896973,-0.6045255181193352,0.2,4.32e-05
858,5989.54,1030.6507185900002,275897,8785920,31,-0.0020162804826395586,8570,0.016515374183654785,22.87699886009097,0.0033380114,0.025830078125,23.814865112304688,-0.5865342916548252,0.2,4.29e-05
859,5989.27,1030.5323124399997,276058,8796160,31,-0.0016910842873039656,8580,0.0028940439224243164,44.77493579238653,0.0038948855,0.025478515625,20.30905532836914,-0.5593982226401567,0.2,4.26e-05
860,5987.87,1030.68666331,276224,8806400,31,-0.0011498556143487804,8590,0.009840965270996094,44.31043167680502,0.0024482673,0.007080078125,35.80363464355469,-0.5698261286318302,0.2,4.23e-05
861,5988.75,1030.60578857,277224,8816640,31,-0.0018515387256047688,8600,0.0008178949356079102,45.55739509761334,0.0022148837,0.00728515625,0.7181586623191833,-0.5861175560951233,0.2,4.2e-05
862,5987.83,1030.6658646500002,277382,8826880,31,-0.0030898839043220507,8610,0.01286989450454712,22.99307601481676,0.0034371042,0.020302734375,13.337640762329102,-0.5849723912775516,0.2,4.17e-05
863,5985.06,1030.87541608,277545,8837120,31,-0.0020045298215700313,8620,0.005329132080078125,44.85475019454956,0.0033876405,0.02287109375,15.476259231567383,-0.5737319783121347,0.2,4.14e-05
864,5984.97,1030.9224678,277692,8847360,31,-0.0013497921131784096,8630,0.004146158695220947,44.02618540272117,0.0021671683,0.002880859375,0.7210682034492493,-0.5818236629664898,0.2,4.11e-05
865,5983.85,1031.0874924,277849,8857600,31,-0.0018867814441910014,8640,0.013192236423492432,23.167647448182105,0.0021839656,0.013349609375,51.18454360961914,-0.5751650749146938,0.2,4.08e-05
866,5980.36,1031.31259531,278880,8867840,31,-0.0026914202800253405,8650,0.002910614013671875,45.35700639724732,0.003647256,0.021240234375,2.8789727687835693,-0.5637902777642012,0.2,4.05e-05
867,5981.1,1031.27480144,279045,8878080,31,-0.0021824268018826843,8660,0.002752542495727539,46.04355756163597,0.0033072338,0.01306640625,1.0802198648452759,-0.6086521868407726,0.2,4.02e-05
868,5981.53,1031.2858177800001,279188,8888320,31,-0.0022784405626589434,8670,0.0027039051055908203,45.85484504491091,0.0037130113,0.02142578125,1.492079257965088,-0.5756098186969757,0.2,3.99e-05
869,5977.39,1031.6034757000002,279344,8898560,31,-0.001846721095207613,8680,0.014070570468902588,23.41724640697241,0.003199181,0.021005859375,29.510942459106445,-0.5756079487502574,0.2,3.96e-05
870,5977.35,1031.56794747,279507,8908800,31,-0.002253020307398401,8690,-0.0027098655700683594,44.97418606758118,0.0023020792,0.011884765625,2.9983508586883545,-0.5965780155360698,0.2,3.93e-05
871,5981.1,1031.34917875,280526,8919040,31,-0.002603858703223523,8700,0.011389017105102539,45.10181404739618,0.00493374,0.03259765625,5.2753586769104,-0.5720791703462601,0.2,3.9e-05
872,5984.84,1031.2903569,280665,8929280,31,-0.002219242704741191,8710,0.016985714435577393,45.37447307050228,0.0032212224,0.020322265625,14.43509292602539,-0.5757953884452581,0.2,3.87e-05
873,5987.09,1031.1935755099998,280825,8939520,31,-0.0024149998114444318,8720,0.014419257640838623,23.345779392421246,0.0035603172,0.014873046875,0.556624174118042,-0.5773897086083889,0.2,3.84e-05
874,5985.34,1031.30613327,280988,8949760,31,-0.002057934476179071,8730,0.004467308521270752,44.43159849703312,0.0029935476,0.00650390625,28.125703811645508,-0.6044525815546513,0.2,3.81e-05
875,5987.12,1031.44226461,281125,8960000,31,-0.002372137374768499,8740,0.011961519718170166,44.92479325056076,0.003267028,0.02177734375,12.133018493652344,-0.581922502964735,0.2,3.78e-05
876,5988.76,1031.5451107,282147,8970240,31,-0.001799322108126944,8750,-0.0032960176467895508,22.493961968123912,0.0029043634,0.009677734375,2.3134498596191406,-0.6106772834062576,0.2,3.75e-05
877,5990.91,1031.42491456,282311,8980480,31,-0.0025520084460731595,8760,0.0070517659187316895,44.84485483407974,0.0032157272,0.015859375,14.386271476745605,-0.6082227392494679,0.2,3.7199999999999996e-05
878,5991.49,1031.4169189200002,282452,8990720,31,-0.0012665293851750904,8770,-0.0022791624069213867,45.608657551407816,0.0013115166,0.001416015625,16.507747650146484,-0.5802769680321217,0.2,3.6899999999999996e-05
879,5989.62,1031.6026341200002,282607,9000960,31,-0.0022119795775506646,8780,0.004404664039611816,23.29522092178464,0.002897989,0.0157421875,0.5873079895973206,-0.5973325364291668,0.2,3.6599999999999995e-05
880,5994.3,1031.4407136200002,282770,9011200,31,-0.002016636502521578,8790,0.0038413405418395996,45.34906995981932,0.0033501661,0.00701171875,1.1795052289962769,-0.6176098270714283,0.2,3.6299999999999995e-05
881,5987.89,1031.8380219599999,283785,9021440,31,-0.0017979799622844439,8800,-0.0010819435119628906,44.974296434521676,0.003960438,0.0294140625,5.637356758117676,-0.5753696741908789,0.2,3.5999999999999994e-05
882,5988.33,1031.88730832,283922,9031680,31,-0.0024537016556132585,8810,0.01991814374923706,44.663112967014314,0.003660718,0.0353515625,22.162263870239258,-0.5934142626821994,0.2,3.5699999999999994e-05
883,5990.12,1031.8812264399999,284082,9041920,31,-0.0013107233063783497,8820,-0.00619959831237793,23.255527697354555,0.0019767494,0.006640625,34.276588439941406,-0.5785734283924103,0.2,3.539999999999999e-05
884,5987.25,1032.04081004,284246,9052160,31,-0.0012519691567285918,8830,0.010677635669708252,45.131542745828625,0.0027944148,0.0137109375,21.579153060913086,-0.6074544809758663,0.2,3.509999999999999e-05
885,5988.73,1031.95033313,284386,9062400,31,-0.0018764201062731445,8840,0.0063934326171875,45.12603932440281,0.0030699489,0.017607421875,1.076370358467102,-0.6130523708462715,0.2,3.479999999999999e-05
886,5988.87,1031.96961496,285391,9072640,31,-0.0024980924581177533,8850,0.02520960569381714,22.890208216756584,0.00339526,0.01677734375,0.6131194829940796,-0.6046610783040524,0.2,3.449999999999999e-05
887,5985.91,1032.23715183,285552,9082880,31,-0.0025448978750500827,8860,0.0028417110443115234,45.34505793392658,0.003409659,0.01349609375,19.85022735595703,-0.6192622393369674,0.2,3.419999999999999e-05
888,5989.25,1032.12218066,285701,9093120,31,-0.0025648937304504215,8870,0.008315205574035645,44.71823613137007,0.004037351,0.024912109375,58.25636291503906,-0.6437516926229,0.2,3.389999999999999e-05
889,5991.93,1032.30366702,285858,9103360,31,-0.0014002349387737922,8880,-0.011831879615783691,22.95925447613001,0.002790909,0.01126953125,8.503758430480957,-0.6481082446873188,0.2,3.36e-05
890,5994.39,1032.4644339699998,286017,9113600,31,-0.0013895595859503374,8890,-0.0010025501251220703,45.12957396417856,0.002339299,0.00626953125,8.673062324523926,-0.630791747123003,0.2,3.3299999999999996e-05
891,5993.02,1032.5199404,287038,9123840,31,-0.0017769300827058033,8900,0.00434190034866333,44.719598495066165,0.0030579276,0.021953125,7.353880882263184,-0.6019772964715958,0.2,3.2999999999999996e-05
892,5992.62,1032.41439208,287175,9134080,31,-0.00160682911897311,8910,0.01628321409225464,43.983944945037365,0.0025004302,0.02623046875,28.783660888671875,-0.6141869068145752,0.2,3.2699999999999995e-05
893,5993.77,1032.3986750200002,287335,9144320,31,-0.0024264560302253812,8920,0.006223142147064209,23.39660564854741,0.0034286703,0.01958984375,0.5050857663154602,-0.5962174437940121,0.2,3.2399999999999995e-05
894,5992.31,1032.50475515,287499,9154560,31,-0.002466296292550396,8930,0.00959998369216919,44.64581437200308,0.0034187525,0.020078125,0.9079495668411255,-0.6367551590502262,0.2,3.2099999999999994e-05
895,5991.8,1032.37009104,287643,9164800,31,-0.0018819235143018886,8940,0.012395620346069336,45.51499940603971,0.0039494913,0.0194140625,67.51448059082031,-0.6343849319219589,0.2,3.1799999999999994e-05
896,5989.77,1032.56898647,288663,9175040,31,-0.0022475618208409286,8950,0.014188826084136963,23.055029316395522,0.002957323,0.007080078125,0.4568610191345215,-0.6367542311549187,0.2,3.149999999999999e-05
897,5984.8,1032.67035119,288827,9185280,31,-0.0016482539758726489,8960,0.010936200618743896,44.370668992102146,0.0019411066,0.006328125,1.0448654890060425,-0.6084519158303737,0.2,3.119999999999999e-05
898,5984.48,1032.62505382,288990,9195520,31,-0.0015668043136247433,8970,0.007286787033081055,44.795149728655815,0.0011961221,0.003076171875,0.9578118920326233,-0.6088269729912281,0.2,3.089999999999999e-05
899,5983.35,1032.63357109,289131,9205760,31,-0.0016642965507344342,8980,0.0025557279586791992,45.44568679869175,0.0017456219,0.007216796875,31.27477264404297,-0.6019224248826504,0.2,3.059999999999999e-05
900,5983.89,1032.69919281,289293,9216000,31,-0.0028991899476386606,8990,0.009300768375396729,23.523053817898035,0.00402509,0.021982421875,36.62201690673828,-0.613115850687027,0.2,3.029999999999999e-05
901,5982.35,1032.79463106,290313,9226240,31,-0.0017625868240429554,9000,0.010285437107086182,45.06662092521787,0.0034018331,0.00919921875,1.0185675621032715,-0.6173220875859261,0.2,2.999999999999999e-05
902,5983.02,1032.83152653,290458,9236480,31,-0.0016158694980549625,9010,0.006533801555633545,45.54261339172721,0.0028965622,0.01130859375,7.831007957458496,-0.6254704222083092,0.2,2.969999999999999e-05
903,5986.16,1032.7083644900001,290614,9246720,31,-0.001842988306452753,9020,0.011075496673583984,23.212274363636972,0.0028660942,0.0131640625,2.953984260559082,-0.6091246923804283,0.2,2.939999999999999e-05
904,5988.71,1032.32741284,290774,9256960,31,-0.0019713395275175573,9030,0.005083203315734863,45.23049779683352,0.0034145229,0.018701171875,75.9581069946289,-0.6050309912860393,0.2,2.909999999999999e-05
905,5988.9,1032.2168116,290938,9267200,31,-0.0015877548686694355,9040,0.0044820308685302734,45.581025036275385,0.0021225023,0.007294921875,33.30097198486328,-0.6450231292843819,0.2,2.879999999999999e-05
906,5986.92,1032.26210533,291942,9277440,31,-0.0011169055593200027,9050,0.0025476813316345215,44.81317258745432,0.001690321,0.001806640625,0.5872400999069214,-0.6248589791357517,0.2,2.8499999999999988e-05
907,5982.13,1032.5058923000001,292100,9287680,31,-0.00194312308303779,9060,0.008468210697174072,23.273833856284618,0.0028128605,0.007265625,10.658676147460938,-0.6165467423200607,0.2,2.819999999999999e-05
908,5975.92,1032.6076204600001,292263,9297920,31,-0.001116190983739216,9070,0.01284801959991455,45.29221370846033,0.0011179693,0.000400390625,6.3356499671936035,-0.6308932384848595,0.2,2.789999999999999e-05
909,5975.76,1032.3772877700003,292428,9308160,31,-0.0009241590756573715,9080,0.00746917724609375,46.0506378519535,0.0023299314,0.001982421875,1.7772024869918823,-0.6121432617306709,0.2,2.759999999999999e-05
910,5977.66,1032.2652602800001,292563,9318400,31,-0.001672903563885484,9090,0.011084020137786865,45.90555253952741,0.0022662356,0.003271484375,1.44008469581604,-0.5969394055008889,0.2,2.729999999999999e-05
911,5982.34,1032.1196130399999,293583,9328640,31,-0.0020106363642844374,9100,0.02119266986846924,22.870936982035637,0.0028236913,0.01724609375,1.9175983667373657,-0.5513974798470735,0.2,2.699999999999999e-05
912,5986.57,1032.1053528300001,293746,9338880,31,-0.0018418593259411863,9110,0.00028693675994873047,45.273443930745124,0.0022737752,0.005302734375,47.89268112182617,-0.6020669934153556,0.2,2.669999999999999e-05
913,5986.52,1032.24730636,293883,9349120,31,-0.0018299172731349245,9120,0.009581327438354492,45.25975654274225,0.0020308604,0.006416015625,63.63486099243164,-0.5878293034434319,0.2,2.6399999999999988e-05
914,5984.68,1032.39420707,294044,9359360,31,-0.0012371780406101607,9130,0.0016940832138061523,22.855485718399287,0.0019731014,0.00326171875,0.6465518474578857,-0.5665985867381096,0.2,2.6099999999999987e-05
915,5984.01,1032.2588595500001,294209,9369600,31,-0.002402109358663438,9140,0.006938636302947998,45.42148826599121,0.0022968226,0.007353515625,16.504962921142578,-0.5821827808022499,0.2,2.5799999999999987e-05
916,5980.65,1032.3322539699998,295206,9379840,31,-0.0018748739268630743,9150,0.009194910526275635,45.22150393307209,0.0027057384,0.02083984375,0.986829936504364,-0.5819312244653702,0.2,2.5499999999999986e-05
917,5977.49,1032.43824114,295372,9390080,31,-0.001699275303108152,9160,0.01912534236907959,23.296998456567525,0.0032590858,0.011396484375,1.4018718004226685,-0.586741161942482,0.2,2.5199999999999986e-05
918,5983.22,1032.48716444,295547,9400320,31,-0.0015433190908515826,9170,0.005839407444000244,45.312391469478605,0.00216312,0.0033203125,41.02231216430664,-0.6111882656812668,0.2,2.4899999999999985e-05
919,5980.22,1032.5000091,295730,9410560,31,-0.0008652899423032068,9180,0.007950365543365479,46.02983854323625,0.002057714,0.0040625,58.143463134765625,-0.6036237305402756,0.2,2.4599999999999985e-05
920,5982.88,1032.21624799,295887,9420800,31,-0.0021630187140544875,9190,0.006675243377685547,45.929435875415805,0.0025260283,0.006748046875,45.02991485595703,-0.592442529797554,0.2,2.4299999999999988e-05
921,5984.26,1032.2029997500001,296973,9431040,31,-0.002154799119452946,9200,0.015195012092590332,23.545489386171102,0.002830693,0.015869140625,0.697192907333374,-0.5754373103380204,0.2,2.3999999999999987e-05
922,5981.75,1032.26817859,297137,9441280,31,-0.001622459382051602,9210,0.00838536024093628,46.16631727874279,0.0019346863,0.004375,57.391029357910156,-0.5874577157199383,0.2,2.3699999999999987e-05
923,5982.61,1032.07919707,297285,9451520,31,-0.0007052375054627191,9220,0.011261284351348877,44.872759044766426,0.00068329676,0.000908203125,72.34725952148438,-0.5886883668601512,0.2,2.3399999999999986e-05
924,5982.78,1032.0315796799998,297450,9461760,31,-0.0015632630413165316,9230,0.03306180238723755,23.521972432881594,0.0024256823,0.008203125,1.4188179969787598,-0.5720848377048969,0.2,2.3099999999999986e-05
925,5987.0,1031.8469738,297623,9472000,31,-0.0018123694835230708,9240,0.013680517673492432,31.000317758321764,0.0019096825,0.007705078125,39.65365982055664,-0.5584757325053215,0.2,2.2799999999999985e-05
926,5988.57,1031.82010859,298660,9482240,31,-0.0014934385661035776,9250,-0.0015071630477905273,45.25015152037144,0.0013211103,0.0013671875,0.9753023386001587,-0.5913425363600254,0.2,2.2499999999999984e-05
927,5988.99,1031.6646141800002,298797,9492480,31,-0.0007272160641150549,9260,0.0057187676429748535,45.327537072598936,0.0007690597,0.000517578125,46.83038330078125,-0.5833074744045734,0.2,2.2199999999999984e-05
928,5990.1,1031.6614949500001,298958,9502720,31,-0.0014450834032322746,9270,0.0013806819915771484,23.733832320272924,0.0030140788,0.0069921875,5.64824914932251,-0.5791477885842323,0.2,2.1899999999999983e-05
929,5991.15,1031.65321815,299124,9512960,31,-0.0012482927995733917,9280,0.001353144645690918,45.97641383439302,0.0016748992,0.00509765625,10.285872459411621,-0.6108885879814625,0.2,2.1599999999999983e-05
930,5989.44,1031.83611694,299267,9523200,31,-0.0016827700778958387,9290,0.005704283714294434,45.59005849987268,0.002977148,0.00693359375,13.393608093261719,-0.5983721096813679,0.2,2.1299999999999982e-05
931,5988.29,1031.8651502399998,300293,9533440,31,-0.0014105894678505138,9300,0.011805415153503418,23.203397543430327,0.002433973,0.00388671875,2.5026159286499023,-0.6075945849716663,0.2,2.0999999999999982e-05
932,5982.3,1032.1756255799999,300460,9543680,31,-0.0014588743138301652,9310,0.015576481819152832,45.19642501920462,0.0020504897,0.002978515625,9.913947105407715,-0.6152565942704677,0.2,2.0699999999999985e-05
933,5984.1,1031.96931642,300632,9553920,31,-0.002105093329155352,9320,0.023424863815307617,45.497973300516605,0.0032896884,0.012314453125,4.66818380355835,-0.6038139054179191,0.2,2.0399999999999984e-05
934,5984.95,1031.7524541100001,300772,9564160,31,-0.0012356836824619676,9330,0.024677574634552002,45.19554305493832,0.0010300612,0.000205078125,5.503904342651367,-0.5953924283385277,0.2,2.0099999999999984e-05
935,5984.27,1031.60268034,300935,9574400,31,-0.0018563591690326576,9340,0.02454698085784912,23.295724750608205,0.0032835458,0.01044921875,1.1957824230194092,-0.6046418099105358,0.2,1.9799999999999983e-05
936,5981.73,1031.39832974,301961,9584640,31,-0.000712907850247575,9350,0.02242887020111084,45.23487401783466,0.0007410149,0.00037109375,59.378990173339844,-0.6033434729278088,0.2,1.9499999999999983e-05
937,5984.74,1031.2618267999999,302103,9594880,31,-0.0011261291007394903,9360,0.016193926334381104,44.6435216987133,0.001417442,0.00353515625,0.9700142741203308,-0.5990936627984047,0.2,1.9199999999999982e-05
938,5983.24,1031.0709578199999,302263,9605120,31,-0.0016217908207909204,9370,0.021767377853393555,23.156559949964286,0.002253183,0.006171875,0.4527338445186615,-0.6124081557989121,0.2,1.889999999999998e-05
939,5985.01,1031.02449699,302427,9615360,31,-0.0011429585667792708,9380,0.0038785934448242188,45.54631276190281,0.0009034801,0.000185546875,10.156142234802246,-0.6317318470776081,0.2,1.8600000000000015e-05
940,5985.4,1030.98083741,302573,9625600,31,-0.0005928080705052707,9390,-0.008036136627197266,45.93477640360594,0.0004699395,0.000146484375,18.530366897583008,-0.6188381803035736,0.2,1.8300000000000015e-05
941,5986.88,1031.10502847,303588,9635840,31,-0.0013256467638711911,9400,0.005475223064422607,22.908275814056395,0.00096846686,0.00103515625,3.983394145965576,-0.6366439713537693,0.2,1.8000000000000014e-05
942,5987.85,1031.01955441,303753,9646080,31,-0.0013447416771668942,9410,0.0004672408103942871,46.322445748448374,0.0011550098,0.0003515625,60.039066314697266,-0.6012194973230361,0.2,1.7700000000000013e-05
943,5988.63,1030.9443093700002,303920,9656320,31,-0.0014830724742205348,9420,0.002706587314605713,45.14090145170689,0.0021610733,0.002021484375,17.850872039794922,-0.6339217606186867,0.2,1.7400000000000013e-05
944,5989.86,1030.86353974,304058,9666560,31,-0.001219477254708181,9430,0.016700923442840576,45.293571138978,0.0013755285,1.953125e-05,2.6087400913238525,-0.627963974326849,0.2,1.7100000000000012e-05
945,5990.14,1030.8925615100002,304220,9676800,31,-0.0010876989719690755,9440,0.02317899465560913,22.89010600194335,0.0016768494,0.00357421875,9.833911895751953,-0.6115743739902973,0.2,1.6800000000000012e-05
946,5993.27,1030.5139183800002,305263,9687040,31,-0.0010904387509799562,9450,0.011035501956939697,45.24293493330479,0.00078998617,0.0,42.6125373840332,-0.6277942472696304,0.2,1.6500000000000015e-05
947,5993.35,1030.53712592,305399,9697280,31,-0.000606730606086785,9460,0.014143705368041992,44.29060631468892,0.00054025545,0.0,31.316110610961914,-0.6144975844025612,0.2,1.6200000000000014e-05
948,5993.61,1030.51073433,305557,9707520,31,-0.0006240148420329206,9470,-0.0014069080352783203,22.74021884739399,0.00044845836,0.00025390625,0.48866477608680725,-0.61960918918252,0.2,1.5900000000000014e-05
949,5988.35,1030.6870709200002,305721,9717760,31,-0.0012905575512559154,9480,0.0038602352142333984,45.17799702703953,0.0016698635,0.001552734375,12.541688919067383,-0.6374859456717968,0.2,1.5600000000000013e-05
950,5990.9,1030.4926723200003,305863,9728000,31,-0.0006965224412851967,9490,0.006257057189941406,45.2253930836916,0.00067083904,0.0,44.41410827636719,-0.6451238584518433,0.2,1.5300000000000013e-05
951,5989.3,1030.6888171800001,306877,9738240,31,-0.0016629129694774748,9500,0.01432114839553833,22.514895593225955,0.0021888174,0.004736328125,11.759757041931152,-0.6268177191913128,0.2,1.5000000000000012e-05
952,5993.41,1030.5564650400001,307040,9748480,31,-0.0006394315260695294,9510,0.007742702960968018,45.402210364341734,0.0005676128,0.0,10.453767776489258,-0.6283570666611195,0.2,1.4700000000000012e-05
953,5995.59,1030.51384562,307206,9758720,31,-0.0004898550562211312,9520,0.008273780345916748,45.54566875681281,0.00041763816,9.765625e-06,37.35789489746094,-0.6347402836382389,0.2,1.4400000000000011e-05
954,5997.87,1030.3191622599998,307345,9768960,31,-0.0009174725465709344,9530,0.007607996463775635,45.221880327165124,0.00067697425,0.0,50.64576721191406,-0.6305294704437255,0.2,1.410000000000001e-05
955,6000.61,1030.0847840899999,307505,9779200,31,-0.0017010413118987344,9540,0.01999765634536743,23.234964515566826,0.0024814606,0.00984375,3.395157814025879,-0.6088659879565239,0.2,1.3800000000000012e-05
956,6003.9,1029.72815883,308523,9789440,31,-0.0005726353154750541,9550,0.012208402156829834,44.037152084112165,0.00038355181,0.0,45.68236541748047,-0.5938713729381562,0.2,1.3500000000000011e-05
957,6004.08,1029.88050364,308662,9799680,31,-0.0007984968143864534,9560,0.009190618991851807,44.731413208544254,0.00072821503,0.0,23.69775390625,-0.5934831792116165,0.2,1.320000000000001e-05
958,6005.13,1029.69812627,308820,9809920,31,-0.001362073230848182,9570,0.00892484188079834,23.564599588364363,0.0025419958,0.011005859375,14.761882781982422,-0.6364513731002808,0.2,1.290000000000001e-05
959,6004.3,1029.67787603,308985,9820160,31,-0.000338948899297975,9580,0.01574385166168213,44.74675276994705,0.00040714248,0.0,26.120683670043945,-0.6041144263744355,0.2,1.260000000000001e-05
960,6001.66,1029.78822769,309128,9830400,31,-0.0007097952724143397,9590,0.0071299076080322266,44.87026464760304,0.0007851309,0.000341796875,19.095983505249023,-0.5965191672742367,0.2,1.230000000000001e-05
961,5998.81,1029.8906635699998,310141,9840640,31,-0.0006029512775421608,9600,-0.004988193511962891,23.07989162877202,0.0005354973,0.000107421875,0.4773913323879242,-0.6238075219094753,0.2,1.2000000000000009e-05
962,5998.54,1029.9364659599999,310306,9850880,31,-0.0006588776121134287,9610,0.0035215020179748535,45.46330715239048,0.00048413555,0.0,9.048778533935547,-0.5999465510249138,0.2,1.170000000000001e-05
963,5998.54,1029.94270203,310473,9861120,31,-0.000926139278744813,9620,0.005153179168701172,45.437262199521065,0.00055539643,0.0,4.194244861602783,-0.6111903654038906,0.2,1.140000000000001e-05
964,6000.33,1029.97524409,310610,9871360,31,-0.0009451077744597569,9630,0.004969596862792969,45.6258907660842,0.0009205298,8.7890625e-05,12.409772872924805,-0.6172919380664825,0.2,1.1100000000000009e-05
965,6000.87,1030.0340901099999,310770,9881600,31,-0.0013068868247501086,9640,0.006104826927185059,23.331870772093534,0.0019119133,0.00427734375,12.295662879943848,-0.6106893327832222,0.2,1.0800000000000008e-05
966,6004.05,1029.79735037,311799,9891840,31,-0.0007630792108830064,9650,0.00736767053604126,45.360530197918415,0.000622386,0.0,2.147639036178589,-0.6035251653194428,0.2,1.0500000000000008e-05
967,6007.66,1029.7703783499999,311939,9902080,31,-0.0006130875000962988,9660,0.004483461380004883,44.23839726269245,0.0005439946,5.859375e-05,33.609127044677734,-0.5937663685530424,0.2,1.0200000000000007e-05
968,6010.9,1029.7225297900002,312094,9912320,31,-0.0010697478074871468,9670,0.014460086822509766,23.189527116417885,0.0018306489,0.00234375,0.4714798629283905,-0.6119474209845066,0.2,9.900000000000009e-06
969,6008.12,1029.82555547,741644,9922560,13,-0.0006191947124898434,9680,0.0045792460441589355,44.37279972672462,0.00033785374,0.0,61.726783752441406,-0.6062244561314583,0.2,9.600000000000008e-06
241305951,0.2,-0.00017082691192626953,-0.6046245516836644,17.449357986450195,1.0200000000000007e-05,9660,0.00032807703,45.19338840305805
1026.4320048,6020.11,968,302104,32,9912320,0.000166015625,-0.000592905491066631,0.2,0.009233534336090088,-0.5900025281310082,2.136535406112671,9.900000000000009e-06,9670,0.0005618508,22.98029356390238
1026.44867295,6022.18,969,302261,32,9922560,0.0,-0.00048094117461005225,0.2,0.0066034793853759766,-0.5802701830863952,28.510156631469727,9.600000000000008e-06,9680,0.0002525736,44.258939366340634
1026.4157385199999,6024.12,970,302400,32,9932800,0.0,-0.00040363156454986893,0.2,0.0100516676902771,-0.6012966524064541,32.39447021484375,9.300000000000008e-06,9690,0.00020741604,44.267847254276276
1026.71272549,6020.8,971,303377,32,9943040,0.0,-0.0007871525650261902,0.2,0.018119394779205322,-0.6168821166455746,48.19130325317383,9.000000000000007e-06,9700,0.00071415136,22.945829620063304
1027.0372273199998,6017.03,972,303533,32,9953280,0.0,-0.00028383473974827214,0.2,-0.01062929630279541,-0.6199870918691158,1.2369511127471924,8.700000000000006e-06,9710,9.000329e-05,44.62927704304457
1027.0096337100001,6017.9,973,303694,32,9963520,0.0,-0.00045666378602618354,0.2,0.004202842712402344,-0.5962611210346221,35.944007873535156,8.400000000000006e-06,9720,0.00031263364,44.47278014183044
1026.97898309,6018.66,974,303826,32,9973760,3.90625e-05,-0.0009133537483285181,0.2,0.014155924320220947,-0.5955825784802437,19.605133056640625,8.100000000000007e-06,9730,0.00086866197,43.979690658450124
1027.07039711,6016.95,975,303980,32,9984000,0.0,-0.00038814027386251836,0.2,0.005065977573394775,-0.6108408316969871,26.595415115356445,7.800000000000007e-06,9740,0.00018677297,23.008209591209887
1027.24278586,6015.9,976,304970,32,9994240,0.0,-0.0006699695670977235,0.2,0.007556021213531494,-0.62410903647542,36.010746002197266,7.500000000000006e-06,9750,0.00044923864,44.46711094766855
1027.3536827399998,6015.66,977,305107,32,10004480,0.0,-0.0005858490351238288,0.2,0.002067089080810547,-0.6210709880292415,8.785634994506836,7.200000000000006e-06,9760,0.00020615043,44.055582203269005
1027.7181751399999,6012.0,978,305257,32,10014720,0.0,-0.0004648970879497938,0.2,0.012085795402526855,-0.5887796013057232,4.087996006011963,6.900000000000006e-06,9770,0.00029349228,23.719555916786195
1027.7864695399999,6012.83,979,305412,32,10024960,0.0,-0.00026843512649065814,0.2,0.005148351192474365,-0.6286984337866306,8.626096725463867,6.600000000000005e-06,9780,0.00013384505,43.48121671438217
1027.7423413400002,6012.37,980,305570,32,10035200,0.0,-0.00040599728701636197,0.2,-0.00023663043975830078,-0.6018802638351918,9.661457061767578,6.300000000000005e-06,9790,0.00017303029,44.47774478703737
1027.79258415,6013.37,981,306533,32,10045440,0.0,-0.0004073245951440185,0.2,0.006358206272125244,-0.6102456188201905,30.229778289794922,6.000000000000004e-06,9800,0.00035918885,44.253663221001624
1028.00112722,6013.05,982,306690,32,10055680,0.0,-0.0004605583622469567,0.2,0.007268667221069336,-0.6361568467319012,6.090643882751465,5.700000000000005e-06,9810,0.00013452487,23.39192150220275
1028.09556088,6013.0,983,306852,32,10065920,0.0,-0.0002778605424828129,0.2,0.0030333995819091797,-0.613101445287466,15.904535293579102,5.400000000000004e-06,9820,0.00012577532,44.52123255312443
1028.2630610200001,6014.55,984,306991,32,10076160,0.0,-0.00024834676420141475,0.2,0.008048772811889648,-0.6192434991896153,29.21076202392578,5.100000000000004e-06,9830,0.000111893794,44.628973591327664
1028.02045571,6018.62,985,307147,32,10086400,0.0,-0.00045975204091519117,0.2,0.006563425064086914,-0.6219700925052166,14.638843536376953,4.800000000000004e-06,9840,0.00022455942,22.832535876333715
1027.70857937,6023.5,986,308142,32,10096640,0.0,-0.00022943455551285296,0.2,0.00034755468368530273,-0.6102924278378487,1.1847200393676758,4.5000000000000035e-06,9850,5.881476e-05,45.376745023727416
1027.7737544000001,6025.07,987,308302,32,10106880,0.0,-0.0003422535441859509,0.2,0.004622936248779297,-0.6338991479575634,15.804877281188965,4.200000000000003e-06,9860,7.936981e-05,44.28310170531273
1027.93722593,6023.5,988,308433,32,10117120,0.0,-0.00035410068623605186,0.2,0.005845308303833008,-0.6286653713881969,2.3937697410583496,3.900000000000003e-06,9870,0.00011686038,44.45301021397114
1027.88059533,6022.59,989,308590,32,10127360,0.0,-0.0002677973404934164,0.2,0.005718886852264404,-0.6194598476588726,19.59334945678711,3.600000000000003e-06,9880,7.8445024e-05,23.2830337741971
1028.02544089,6018.55,990,308750,32,10137600,0.0,-8.736172618228011e-05,0.2,0.0076868534088134766,-0.6195090724527836,4.161956787109375,3.3000000000000027e-06,9890,1.2826696e-05,44.663375489115715
1028.35037085,6016.3,991,309710,32,10147840,0.0,-0.000213765790394973,0.2,0.005563080310821533,-0.5966489255428314,37.215789794921875,3.000000000000002e-06,9900,4.1832263e-05,45.10779016286135
1028.43709189,6017.66,992,309866,32,10158080,0.0,-0.00019252392608905212,0.2,0.006395161151885986,-0.6467998740077019,0.6986685395240784,2.700000000000002e-06,9910,4.8640515e-05,22.910031119287012
1028.2020909,6022.22,993,310026,32,10168320,0.0,-0.00014676214384962805,0.2,0.004139363765716553,-0.6245218223333359,38.32448196411133,2.400000000000002e-06,9920,2.5456186e-05,45.04764197707176
1028.1799780699998,6021.81,994,310165,32,10178560,0.0,-0.0002747404685942456,0.2,0.012386202812194824,-0.6096272926032543,9.451515197753906,2.1000000000000015e-06,9930,7.359839e-05,44.82375471711159
1028.28743549,6024.11,995,310323,32,10188800,0.0,-8.326455586939119e-05,0.2,0.013651728630065918,-0.5931519906222821,0.5755405426025391,1.8000000000000014e-06,9940,1.5034847e-05,22.846430639475585
1028.4863440899999,6023.02,996,311318,32,10199040,0.0,-9.06832900363952e-05,0.2,0.0026972293853759766,-0.6311174334585666,1.7835257053375244,1.500000000000001e-06,9950,8.838e-06,45.653796593546865
1028.54441467,6020.46,997,311482,32,10209280,0.0,-2.489309204975143e-05,0.2,0.008005023002624512,-0.6507414850592613,11.733752250671387,1.200000000000001e-06,9960,1.2865996e-06,44.93522404193878
1028.68901243,6020.24,998,311613,32,10219520,0.0,-4.544714502117131e-05,0.2,0.018065810203552246,-0.6267388173937798,11.539663314819336,9.000000000000007e-07,9970,3.7559353e-06,44.48960752367973
1028.5910913100001,6026.13,999,311771,32,10229760,0.0,-5.50941332403454e-05,0.2,0.005438864231109619,-0.6089790299534797,0.6760002374649048,6.000000000000005e-07,9980,2.0750697e-06,22.559956234693527
1028.7247815300002,6022.8,1000,311932,32,10240000,0.0,-2.006902956054546e-05,0.2,0.006591320037841797,-0.6267089316248894,1.0547760725021362,3.0000000000000025e-07,9990,2.9489019e-07,45.04352969318629
